mode: set
core_project/apps/campaign/api/main.go:40.13,46.47 5 0
core_project/apps/campaign/api/main.go:46.47,49.3 2 0
core_project/apps/campaign/api/main.go:50.2,52.40 2 0
core_project/apps/campaign/api/main.go:52.40,55.3 2 0
core_project/apps/campaign/api/main.go:57.2,161.48 52 0
core_project/apps/campaign/api/main.go:161.48,163.3 1 0
core_project/apps/campaign/api/main.go:166.59,170.2 3 1
core_project/apps/campaign/api/main.go:172.56,173.71 1 1
core_project/apps/campaign/api/main.go:173.71,177.3 3 1
core_project/apps/campaign/api/migrations.go:15.28,18.58 2 0
core_project/apps/campaign/api/migrations.go:18.58,20.59 2 0
core_project/apps/campaign/api/migrations.go:20.59,22.4 1 0
core_project/apps/campaign/api/migrations.go:25.2,26.16 2 0
core_project/apps/campaign/api/migrations.go:26.16,28.3 1 0
core_project/apps/campaign/api/migrations.go:30.2,33.16 3 0
core_project/apps/campaign/api/migrations.go:33.16,35.3 1 0
core_project/apps/campaign/api/migrations.go:37.2,37.40 1 0
core_project/apps/campaign/api/repository/db.go:14.39,19.16 3 0
core_project/apps/campaign/api/repository/db.go:19.16,21.3 1 0
core_project/apps/campaign/api/repository/db.go:23.2,23.56 1 0
core_project/apps/campaign/api/repository/db.go:23.56,25.3 1 0
core_project/apps/campaign/api/repository/db.go:27.2,29.12 3 0
core_project/apps/campaign/api/repository/db.go:32.16,33.15 1 1
core_project/apps/campaign/api/repository/db.go:33.15,35.3 1 0
core_project/apps/campaign/api/repository/db.go:39.45,47.2 1 1
core_project/apps/campaign/api/handlers/access.go:25.58,27.20 2 0
core_project/apps/campaign/api/handlers/access.go:27.20,30.3 2 0
core_project/apps/campaign/api/handlers/access.go:32.2,32.18 1 0
core_project/apps/campaign/api/handlers/access.go:33.22,36.17 2 0
core_project/apps/campaign/api/handlers/access.go:36.17,39.4 2 0
core_project/apps/campaign/api/handlers/access.go:40.3,43.19 3 0
core_project/apps/campaign/api/handlers/access.go:43.19,45.77 2 0
core_project/apps/campaign/api/handlers/access.go:45.77,47.5 1 0
core_project/apps/campaign/api/handlers/access.go:50.3,50.19 1 0
core_project/apps/campaign/api/handlers/access.go:50.19,52.4 1 0
core_project/apps/campaign/api/handlers/access.go:54.3,54.71 1 0
core_project/apps/campaign/api/handlers/access.go:56.23,61.62 2 0
core_project/apps/campaign/api/handlers/access.go:61.62,64.4 2 0
core_project/apps/campaign/api/handlers/access.go:66.3,70.17 3 0
core_project/apps/campaign/api/handlers/access.go:70.17,73.4 2 0
core_project/apps/campaign/api/handlers/access.go:75.3,75.118 1 0
core_project/apps/campaign/api/handlers/access.go:77.10,78.93 1 0
core_project/apps/campaign/api/handlers/access.go:82.62,84.20 2 0
core_project/apps/campaign/api/handlers/access.go:84.20,87.3 2 0
core_project/apps/campaign/api/handlers/access.go:89.2,89.32 1 0
core_project/apps/campaign/api/handlers/access.go:89.32,92.17 2 0
core_project/apps/campaign/api/handlers/access.go:92.17,95.4 2 0
core_project/apps/campaign/api/handlers/access.go:96.3,99.19 3 0
core_project/apps/campaign/api/handlers/access.go:99.19,101.89 2 0
core_project/apps/campaign/api/handlers/access.go:101.89,103.5 1 0
core_project/apps/campaign/api/handlers/access.go:106.3,106.18 1 0
core_project/apps/campaign/api/handlers/access.go:106.18,108.4 1 0
core_project/apps/campaign/api/handlers/access.go:110.3,111.9 2 0
core_project/apps/campaign/api/handlers/access.go:114.2,114.92 1 0
core_project/apps/campaign/api/handlers/affiliate.go:15.84,16.33 1 0
core_project/apps/campaign/api/handlers/affiliate.go:16.33,19.3 2 0
core_project/apps/campaign/api/handlers/affiliate.go:21.2,22.20 2 0
core_project/apps/campaign/api/handlers/affiliate.go:22.20,25.3 2 0
core_project/apps/campaign/api/handlers/affiliate.go:27.2,31.87 3 0
core_project/apps/campaign/api/handlers/affiliate.go:31.87,34.3 2 0
core_project/apps/campaign/api/handlers/affiliate.go:36.2,44.16 4 0
core_project/apps/campaign/api/handlers/affiliate.go:44.16,47.3 2 0
core_project/apps/campaign/api/handlers/affiliate.go:50.2,54.16 2 0
core_project/apps/campaign/api/handlers/affiliate.go:54.16,57.3 2 0
core_project/apps/campaign/api/handlers/affiliate.go:59.2,60.99 2 0
core_project/apps/campaign/api/handlers/affiliate.go:64.81,65.32 1 0
core_project/apps/campaign/api/handlers/affiliate.go:65.32,68.3 2 0
core_project/apps/campaign/api/handlers/affiliate.go:70.2,82.16 2 0
core_project/apps/campaign/api/handlers/affiliate.go:82.16,85.3 2 0
core_project/apps/campaign/api/handlers/affiliate.go:86.2,94.18 4 0
core_project/apps/campaign/api/handlers/affiliate.go:94.18,97.79 3 0
core_project/apps/campaign/api/handlers/affiliate.go:97.79,99.22 2 0
core_project/apps/campaign/api/handlers/affiliate.go:99.22,101.5 1 0
core_project/apps/campaign/api/handlers/affiliate.go:101.10,103.5 1 0
core_project/apps/campaign/api/handlers/affiliate.go:104.4,104.32 1 0
core_project/apps/campaign/api/handlers/affiliate.go:108.2,108.72 1 0
core_project/apps/campaign/api/handlers/anomaly.go:12.69,14.20 2 0
core_project/apps/campaign/api/handlers/anomaly.go:14.20,20.3 2 0
core_project/apps/campaign/api/handlers/anomaly.go:22.2,36.40 4 0
core_project/apps/campaign/api/handlers/anomaly.go:36.40,42.3 2 0
core_project/apps/campaign/api/handlers/anomaly.go:45.2,59.40 3 0
core_project/apps/campaign/api/handlers/anomaly.go:59.40,65.3 2 0
core_project/apps/campaign/api/handlers/anomaly.go:70.2,83.40 3 0
core_project/apps/campaign/api/handlers/anomaly.go:83.40,89.3 2 0
core_project/apps/campaign/api/handlers/anomaly.go:91.2,94.4 1 0
core_project/apps/campaign/api/handlers/anomaly.go:99.73,102.18 2 0
core_project/apps/campaign/api/handlers/anomaly.go:102.18,108.3 2 0
core_project/apps/campaign/api/handlers/anomaly.go:110.2,114.16 3 0
core_project/apps/campaign/api/handlers/anomaly.go:114.16,120.3 2 0
core_project/apps/campaign/api/handlers/anomaly.go:121.2,124.18 3 0
core_project/apps/campaign/api/handlers/anomaly.go:124.18,126.41 2 0
core_project/apps/campaign/api/handlers/anomaly.go:126.41,128.4 1 0
core_project/apps/campaign/api/handlers/anomaly.go:131.2,132.35 2 0
core_project/apps/campaign/api/handlers/anomaly.go:132.35,179.3 9 0
core_project/apps/campaign/api/handlers/anomaly.go:181.2,185.4 1 0
core_project/apps/campaign/api/handlers/billing.go:40.93,44.55 4 0
core_project/apps/campaign/api/handlers/billing.go:44.55,46.3 1 0
core_project/apps/campaign/api/handlers/billing.go:48.2,52.16 3 0
core_project/apps/campaign/api/handlers/billing.go:52.16,54.3 1 0
core_project/apps/campaign/api/handlers/billing.go:55.2,55.18 1 0
core_project/apps/campaign/api/handlers/billing.go:55.18,57.3 1 0
core_project/apps/campaign/api/handlers/billing.go:59.2,63.20 5 0
core_project/apps/campaign/api/handlers/billing.go:67.50,69.2 1 0
core_project/apps/campaign/api/handlers/billing.go:71.30,72.35 1 0
core_project/apps/campaign/api/handlers/billing.go:72.35,74.3 1 0
core_project/apps/campaign/api/handlers/billing.go:75.2,75.32 1 0
core_project/apps/campaign/api/handlers/billing.go:89.68,90.33 1 0
core_project/apps/campaign/api/handlers/billing.go:90.33,93.3 2 0
core_project/apps/campaign/api/handlers/billing.go:95.2,96.20 2 0
core_project/apps/campaign/api/handlers/billing.go:96.20,99.3 2 0
core_project/apps/campaign/api/handlers/billing.go:101.2,102.61 2 0
core_project/apps/campaign/api/handlers/billing.go:102.61,105.3 2 0
core_project/apps/campaign/api/handlers/billing.go:107.2,108.9 2 0
core_project/apps/campaign/api/handlers/billing.go:108.9,111.3 2 0
core_project/apps/campaign/api/handlers/billing.go:113.2,114.60 2 0
core_project/apps/campaign/api/handlers/billing.go:114.60,117.3 2 0
core_project/apps/campaign/api/handlers/billing.go:119.2,133.16 5 0
core_project/apps/campaign/api/handlers/billing.go:133.16,136.3 2 0
core_project/apps/campaign/api/handlers/billing.go:138.2,138.72 1 0
core_project/apps/campaign/api/handlers/billing.go:138.72,140.3 1 0
core_project/apps/campaign/api/handlers/billing.go:142.2,145.4 1 0
core_project/apps/campaign/api/handlers/billing.go:148.67,149.19 1 0
core_project/apps/campaign/api/handlers/billing.go:150.23,151.41 1 0
core_project/apps/campaign/api/handlers/billing.go:152.27,153.43 1 0
core_project/apps/campaign/api/handlers/billing.go:154.10,155.18 1 0
core_project/apps/campaign/api/handlers/billing.go:164.96,168.59 2 0
core_project/apps/campaign/api/handlers/billing.go:168.59,170.3 1 0
core_project/apps/campaign/api/handlers/billing.go:172.2,178.3 3 0
core_project/apps/campaign/api/handlers/billing.go:181.84,187.2 3 0
core_project/apps/campaign/api/handlers/billing.go:200.93,202.16 2 0
core_project/apps/campaign/api/handlers/billing.go:202.16,204.3 1 0
core_project/apps/campaign/api/handlers/billing.go:205.2,205.54 1 0
core_project/apps/campaign/api/handlers/billing.go:208.106,210.36 2 0
core_project/apps/campaign/api/handlers/billing.go:210.36,220.3 5 0
core_project/apps/campaign/api/handlers/billing.go:221.2,221.72 1 0
core_project/apps/campaign/api/handlers/billing.go:224.124,237.22 6 0
core_project/apps/campaign/api/handlers/billing.go:237.22,240.3 2 0
core_project/apps/campaign/api/handlers/billing.go:242.2,249.18 4 0
core_project/apps/campaign/api/handlers/billing.go:249.18,251.3 1 0
core_project/apps/campaign/api/handlers/billing.go:252.2,252.74 1 0
core_project/apps/campaign/api/handlers/billing.go:255.31,255.44 1 0
core_project/apps/campaign/api/handlers/billing.go:257.103,263.2 2 0
core_project/apps/campaign/api/handlers/billing.go:266.67,267.33 1 0
core_project/apps/campaign/api/handlers/billing.go:267.33,270.3 2 0
core_project/apps/campaign/api/handlers/billing.go:273.2,273.64 1 0
core_project/apps/campaign/api/handlers/billing.go:273.64,274.43 1 0
core_project/apps/campaign/api/handlers/billing.go:274.43,276.4 1 0
core_project/apps/campaign/api/handlers/billing.go:279.2,287.65 3 0
core_project/apps/campaign/api/handlers/billing.go:287.65,290.3 2 0
core_project/apps/campaign/api/handlers/billing.go:292.2,294.16 3 0
core_project/apps/campaign/api/handlers/billing.go:294.16,297.3 2 0
core_project/apps/campaign/api/handlers/billing.go:298.2,309.16 5 0
core_project/apps/campaign/api/handlers/billing.go:309.16,310.27 1 0
core_project/apps/campaign/api/handlers/billing.go:310.27,312.4 1 0
core_project/apps/campaign/api/handlers/billing.go:312.9,314.4 1 0
core_project/apps/campaign/api/handlers/billing.go:315.3,315.9 1 0
core_project/apps/campaign/api/handlers/billing.go:318.2,327.57 2 0
core_project/apps/campaign/api/handlers/billing.go:330.94,333.68 3 0
core_project/apps/campaign/api/handlers/billing.go:333.68,336.3 2 0
core_project/apps/campaign/api/handlers/billing.go:338.2,340.22 3 0
core_project/apps/campaign/api/handlers/billing.go:340.22,342.22 2 0
core_project/apps/campaign/api/handlers/billing.go:342.22,344.4 1 0
core_project/apps/campaign/api/handlers/billing.go:347.2,347.20 1 0
core_project/apps/campaign/api/handlers/billing.go:347.20,350.62 3 0
core_project/apps/campaign/api/handlers/billing.go:350.62,354.4 3 0
core_project/apps/campaign/api/handlers/billing.go:355.8,355.32 1 0
core_project/apps/campaign/api/handlers/billing.go:355.32,359.50 2 0
core_project/apps/campaign/api/handlers/billing.go:359.50,363.4 3 0
core_project/apps/campaign/api/handlers/billing.go:365.2,365.13 1 0
core_project/apps/campaign/api/handlers/billing.go:378.90,379.16 1 0
core_project/apps/campaign/api/handlers/billing.go:380.25,384.40 4 0
core_project/apps/campaign/api/handlers/billing.go:384.40,386.4 1 0
core_project/apps/campaign/api/handlers/billing.go:387.17,389.40 2 0
core_project/apps/campaign/api/handlers/billing.go:389.40,391.4 1 0
core_project/apps/campaign/api/handlers/billing.go:392.10,393.40 1 0
core_project/apps/campaign/api/handlers/billing.go:393.40,395.4 1 0
core_project/apps/campaign/api/handlers/billing.go:399.100,400.34 1 0
core_project/apps/campaign/api/handlers/billing.go:400.34,402.3 1 0
core_project/apps/campaign/api/handlers/billing.go:405.109,408.25 3 0
core_project/apps/campaign/api/handlers/billing.go:408.25,410.3 1 0
core_project/apps/campaign/api/handlers/billing.go:412.2,415.21 4 0
core_project/apps/campaign/api/handlers/billing.go:415.21,417.3 1 0
core_project/apps/campaign/api/handlers/billing.go:419.2,420.222 2 0
core_project/apps/campaign/api/handlers/blast.go:28.64,30.20 2 0
core_project/apps/campaign/api/handlers/blast.go:30.20,36.3 2 0
core_project/apps/campaign/api/handlers/blast.go:38.2,38.33 1 0
core_project/apps/campaign/api/handlers/blast.go:38.33,41.3 2 0
core_project/apps/campaign/api/handlers/blast.go:43.2,44.61 2 0
core_project/apps/campaign/api/handlers/blast.go:44.61,50.3 2 0
core_project/apps/campaign/api/handlers/blast.go:53.2,54.16 2 0
core_project/apps/campaign/api/handlers/blast.go:54.16,60.3 2 0
core_project/apps/campaign/api/handlers/blast.go:63.2,63.64 1 0
core_project/apps/campaign/api/handlers/blast.go:63.64,69.3 2 0
core_project/apps/campaign/api/handlers/blast.go:71.2,96.16 4 0
core_project/apps/campaign/api/handlers/blast.go:96.16,102.3 2 0
core_project/apps/campaign/api/handlers/blast.go:103.2,106.18 3 0
core_project/apps/campaign/api/handlers/blast.go:106.18,108.58 2 0
core_project/apps/campaign/api/handlers/blast.go:108.58,110.4 1 0
core_project/apps/campaign/api/handlers/blast.go:112.2,112.19 1 0
core_project/apps/campaign/api/handlers/blast.go:112.19,114.3 1 0
core_project/apps/campaign/api/handlers/blast.go:116.2,123.4 1 0
core_project/apps/campaign/api/handlers/blast.go:127.56,128.13 1 0
core_project/apps/campaign/api/handlers/blast.go:128.13,130.3 1 0
core_project/apps/campaign/api/handlers/blast.go:131.2,132.52 2 0
core_project/apps/campaign/api/handlers/blast.go:132.52,133.21 1 0
core_project/apps/campaign/api/handlers/blast.go:133.21,135.4 1 0
core_project/apps/campaign/api/handlers/blast.go:136.3,136.19 1 0
core_project/apps/campaign/api/handlers/blast.go:138.2,138.46 1 0
core_project/apps/campaign/api/handlers/blast.go:138.46,139.12 1 0
core_project/apps/campaign/api/handlers/blast.go:139.12,141.4 1 0
core_project/apps/campaign/api/handlers/blast.go:142.3,142.19 1 0
core_project/apps/campaign/api/handlers/blast.go:144.2,144.78 1 0
core_project/apps/campaign/api/handlers/campaign.go:29.63,31.20 2 1
core_project/apps/campaign/api/handlers/campaign.go:31.20,34.3 2 1
core_project/apps/campaign/api/handlers/campaign.go:36.2,36.18 1 1
core_project/apps/campaign/api/handlers/campaign.go:37.22,40.17 2 0
core_project/apps/campaign/api/handlers/campaign.go:40.17,43.4 2 0
core_project/apps/campaign/api/handlers/campaign.go:44.3,47.19 3 0
core_project/apps/campaign/api/handlers/campaign.go:47.19,49.117 2 0
core_project/apps/campaign/api/handlers/campaign.go:49.117,51.5 1 0
core_project/apps/campaign/api/handlers/campaign.go:54.3,54.24 1 0
core_project/apps/campaign/api/handlers/campaign.go:54.24,56.4 1 0
core_project/apps/campaign/api/handlers/campaign.go:58.3,58.76 1 0
core_project/apps/campaign/api/handlers/campaign.go:60.23,65.62 2 0
core_project/apps/campaign/api/handlers/campaign.go:65.62,68.4 2 0
core_project/apps/campaign/api/handlers/campaign.go:70.3,74.17 3 0
core_project/apps/campaign/api/handlers/campaign.go:74.17,77.4 2 0
core_project/apps/campaign/api/handlers/campaign.go:79.3,79.123 1 0
core_project/apps/campaign/api/handlers/campaign.go:81.10,82.93 1 1
core_project/apps/campaign/api/handlers/campaign.go:86.68,88.20 2 1
core_project/apps/campaign/api/handlers/campaign.go:88.20,91.3 2 1
core_project/apps/campaign/api/handlers/campaign.go:94.2,95.48 2 1
core_project/apps/campaign/api/handlers/campaign.go:95.48,98.3 2 0
core_project/apps/campaign/api/handlers/campaign.go:100.2,101.14 2 1
core_project/apps/campaign/api/handlers/campaign.go:101.14,104.3 2 1
core_project/apps/campaign/api/handlers/campaign.go:106.2,108.16 2 0
core_project/apps/campaign/api/handlers/campaign.go:108.16,111.3 2 0
core_project/apps/campaign/api/handlers/campaign.go:113.2,113.101 1 0
core_project/apps/campaign/api/handlers/campaign.go:116.62,118.20 2 1
core_project/apps/campaign/api/handlers/campaign.go:118.20,121.3 2 1
core_project/apps/campaign/api/handlers/campaign.go:123.2,123.18 1 1
core_project/apps/campaign/api/handlers/campaign.go:124.22,127.17 2 0
core_project/apps/campaign/api/handlers/campaign.go:127.17,130.4 2 0
core_project/apps/campaign/api/handlers/campaign.go:131.3,134.19 3 0
core_project/apps/campaign/api/handlers/campaign.go:134.19,136.96 2 0
core_project/apps/campaign/api/handlers/campaign.go:136.96,138.5 1 0
core_project/apps/campaign/api/handlers/campaign.go:141.3,141.23 1 0
core_project/apps/campaign/api/handlers/campaign.go:141.23,143.4 1 0
core_project/apps/campaign/api/handlers/campaign.go:145.3,145.75 1 0
core_project/apps/campaign/api/handlers/campaign.go:147.23,153.62 2 0
core_project/apps/campaign/api/handlers/campaign.go:153.62,156.4 2 0
core_project/apps/campaign/api/handlers/campaign.go:158.3,162.17 3 0
core_project/apps/campaign/api/handlers/campaign.go:162.17,165.4 2 0
core_project/apps/campaign/api/handlers/campaign.go:167.3,167.122 1 0
core_project/apps/campaign/api/handlers/campaign.go:169.10,170.93 1 1
core_project/apps/campaign/api/handlers/config.go:9.37,11.2 1 0
core_project/apps/campaign/api/handlers/coordinator.go:33.70,35.20 2 0
core_project/apps/campaign/api/handlers/coordinator.go:35.20,38.3 2 0
core_project/apps/campaign/api/handlers/coordinator.go:40.2,41.61 2 0
core_project/apps/campaign/api/handlers/coordinator.go:41.61,44.3 2 0
core_project/apps/campaign/api/handlers/coordinator.go:47.2,47.108 1 0
core_project/apps/campaign/api/handlers/coordinator.go:47.108,50.3 2 0
core_project/apps/campaign/api/handlers/coordinator.go:52.2,58.34 4 0
core_project/apps/campaign/api/handlers/coordinator.go:58.34,61.3 2 0
core_project/apps/campaign/api/handlers/coordinator.go:64.2,68.35 3 0
core_project/apps/campaign/api/handlers/coordinator.go:68.35,71.3 2 0
core_project/apps/campaign/api/handlers/coordinator.go:75.2,75.83 1 0
core_project/apps/campaign/api/handlers/coordinator.go:75.83,78.3 2 0
core_project/apps/campaign/api/handlers/coordinator.go:81.2,91.16 3 0
core_project/apps/campaign/api/handlers/coordinator.go:91.16,94.3 2 0
core_project/apps/campaign/api/handlers/coordinator.go:96.2,96.130 1 0
core_project/apps/campaign/api/handlers/coordinator.go:100.69,102.20 2 0
core_project/apps/campaign/api/handlers/coordinator.go:102.20,105.3 2 0
core_project/apps/campaign/api/handlers/coordinator.go:107.2,115.35 6 0
core_project/apps/campaign/api/handlers/coordinator.go:115.35,119.3 1 0
core_project/apps/campaign/api/handlers/coordinator.go:119.8,119.24 1 0
core_project/apps/campaign/api/handlers/coordinator.go:119.24,123.3 1 0
core_project/apps/campaign/api/handlers/coordinator.go:123.8,127.3 1 0
core_project/apps/campaign/api/handlers/coordinator.go:129.2,129.16 1 0
core_project/apps/campaign/api/handlers/coordinator.go:129.16,132.3 2 0
core_project/apps/campaign/api/handlers/coordinator.go:133.2,136.18 3 0
core_project/apps/campaign/api/handlers/coordinator.go:136.18,139.117 3 0
core_project/apps/campaign/api/handlers/coordinator.go:139.117,142.4 2 0
core_project/apps/campaign/api/handlers/coordinator.go:145.2,145.77 1 0
core_project/apps/campaign/api/handlers/coordinator.go:149.73,151.20 2 0
core_project/apps/campaign/api/handlers/coordinator.go:151.20,154.3 2 0
core_project/apps/campaign/api/handlers/coordinator.go:157.2,159.22 3 0
core_project/apps/campaign/api/handlers/coordinator.go:159.22,162.3 2 0
core_project/apps/campaign/api/handlers/coordinator.go:164.2,181.22 6 0
core_project/apps/campaign/api/handlers/coordinator.go:181.22,188.3 1 0
core_project/apps/campaign/api/handlers/coordinator.go:188.8,195.3 1 0
core_project/apps/campaign/api/handlers/coordinator.go:197.2,197.16 1 0
core_project/apps/campaign/api/handlers/coordinator.go:197.16,200.3 2 0
core_project/apps/campaign/api/handlers/coordinator.go:201.2,203.18 2 0
core_project/apps/campaign/api/handlers/coordinator.go:203.18,206.97 3 0
core_project/apps/campaign/api/handlers/coordinator.go:206.97,209.4 2 0
core_project/apps/campaign/api/handlers/coordinator.go:212.2,212.74 1 0
core_project/apps/campaign/api/handlers/coordinator.go:216.75,226.9 3 0
core_project/apps/campaign/api/handlers/coordinator.go:226.9,228.3 1 0
core_project/apps/campaign/api/handlers/coordinator.go:230.2,232.27 3 0
core_project/apps/campaign/api/handlers/coordinator.go:232.27,234.3 1 0
core_project/apps/campaign/api/handlers/coordinator.go:235.2,235.12 1 0
core_project/apps/campaign/api/handlers/coordinator.go:239.76,245.16 3 0
core_project/apps/campaign/api/handlers/coordinator.go:245.16,247.3 1 0
core_project/apps/campaign/api/handlers/coordinator.go:248.2,248.15 1 0
core_project/apps/campaign/api/handlers/cross_level_handlers.go:13.73,15.20 2 0
core_project/apps/campaign/api/handlers/cross_level_handlers.go:15.20,18.3 2 0
core_project/apps/campaign/api/handlers/cross_level_handlers.go:20.2,20.32 1 0
core_project/apps/campaign/api/handlers/cross_level_handlers.go:20.32,23.3 2 0
core_project/apps/campaign/api/handlers/cross_level_handlers.go:26.2,27.24 2 0
core_project/apps/campaign/api/handlers/cross_level_handlers.go:27.24,29.3 1 0
core_project/apps/campaign/api/handlers/cross_level_handlers.go:31.2,32.32 2 0
core_project/apps/campaign/api/handlers/cross_level_handlers.go:32.32,41.3 1 0
core_project/apps/campaign/api/handlers/cross_level_handlers.go:41.8,50.3 1 0
core_project/apps/campaign/api/handlers/cross_level_handlers.go:52.2,53.16 2 0
core_project/apps/campaign/api/handlers/cross_level_handlers.go:53.16,56.3 2 0
core_project/apps/campaign/api/handlers/cross_level_handlers.go:57.2,60.18 3 0
core_project/apps/campaign/api/handlers/cross_level_handlers.go:60.18,63.73 3 0
core_project/apps/campaign/api/handlers/cross_level_handlers.go:63.73,65.28 2 0
core_project/apps/campaign/api/handlers/cross_level_handlers.go:65.28,67.5 1 0
core_project/apps/campaign/api/handlers/cross_level_handlers.go:68.4,73.6 1 0
core_project/apps/campaign/api/handlers/cross_level_handlers.go:77.2,77.22 1 0
core_project/apps/campaign/api/handlers/cross_level_handlers.go:77.22,79.3 1 0
core_project/apps/campaign/api/handlers/cross_level_handlers.go:81.2,81.74 1 0
core_project/apps/campaign/api/handlers/cross_level_handlers.go:84.75,86.20 2 0
core_project/apps/campaign/api/handlers/cross_level_handlers.go:86.20,89.3 2 0
core_project/apps/campaign/api/handlers/cross_level_handlers.go:91.2,91.32 1 0
core_project/apps/campaign/api/handlers/cross_level_handlers.go:91.32,94.3 2 0
core_project/apps/campaign/api/handlers/cross_level_handlers.go:97.2,98.26 2 0
core_project/apps/campaign/api/handlers/cross_level_handlers.go:98.26,101.3 2 0
core_project/apps/campaign/api/handlers/cross_level_handlers.go:103.2,113.16 3 0
core_project/apps/campaign/api/handlers/cross_level_handlers.go:113.16,116.3 2 0
core_project/apps/campaign/api/handlers/cross_level_handlers.go:117.2,120.18 3 0
core_project/apps/campaign/api/handlers/cross_level_handlers.go:120.18,122.60 2 0
core_project/apps/campaign/api/handlers/cross_level_handlers.go:122.60,128.4 1 0
core_project/apps/campaign/api/handlers/cross_level_handlers.go:131.2,131.20 1 0
core_project/apps/campaign/api/handlers/cross_level_handlers.go:131.20,133.3 1 0
core_project/apps/campaign/api/handlers/cross_level_handlers.go:135.2,139.4 1 0
core_project/apps/campaign/api/handlers/endorsement_handlers.go:18.37,19.31 1 0
core_project/apps/campaign/api/handlers/endorsement_handlers.go:19.31,21.3 1 0
core_project/apps/campaign/api/handlers/endorsement_handlers.go:22.2,22.22 1 0
core_project/apps/campaign/api/handlers/endorsement_handlers.go:25.99,27.16 2 0
core_project/apps/campaign/api/handlers/endorsement_handlers.go:27.16,29.3 1 0
core_project/apps/campaign/api/handlers/endorsement_handlers.go:30.2,32.18 2 0
core_project/apps/campaign/api/handlers/endorsement_handlers.go:32.18,34.47 2 0
core_project/apps/campaign/api/handlers/endorsement_handlers.go:34.47,35.23 1 0
core_project/apps/campaign/api/handlers/endorsement_handlers.go:35.23,37.5 1 0
core_project/apps/campaign/api/handlers/endorsement_handlers.go:38.4,38.30 1 0
core_project/apps/campaign/api/handlers/endorsement_handlers.go:41.2,41.11 1 0
core_project/apps/campaign/api/handlers/endorsement_handlers.go:46.65,48.20 2 0
core_project/apps/campaign/api/handlers/endorsement_handlers.go:48.20,51.3 2 0
core_project/apps/campaign/api/handlers/endorsement_handlers.go:53.2,53.33 1 0
core_project/apps/campaign/api/handlers/endorsement_handlers.go:53.33,56.3 2 0
core_project/apps/campaign/api/handlers/endorsement_handlers.go:58.2,67.61 2 0
core_project/apps/campaign/api/handlers/endorsement_handlers.go:67.61,70.3 2 0
core_project/apps/campaign/api/handlers/endorsement_handlers.go:72.2,72.61 1 0
core_project/apps/campaign/api/handlers/endorsement_handlers.go:72.61,75.3 2 0
core_project/apps/campaign/api/handlers/endorsement_handlers.go:77.2,81.16 4 0
core_project/apps/campaign/api/handlers/endorsement_handlers.go:81.16,84.3 2 0
core_project/apps/campaign/api/handlers/endorsement_handlers.go:85.2,90.16 4 0
core_project/apps/campaign/api/handlers/endorsement_handlers.go:90.16,92.3 1 0
core_project/apps/campaign/api/handlers/endorsement_handlers.go:95.2,100.16 2 0
core_project/apps/campaign/api/handlers/endorsement_handlers.go:100.16,103.3 2 0
core_project/apps/campaign/api/handlers/endorsement_handlers.go:105.2,107.16 3 0
core_project/apps/campaign/api/handlers/endorsement_handlers.go:107.16,110.3 2 0
core_project/apps/campaign/api/handlers/endorsement_handlers.go:113.2,113.34 1 0
core_project/apps/campaign/api/handlers/endorsement_handlers.go:113.34,114.92 1 0
core_project/apps/campaign/api/handlers/endorsement_handlers.go:114.92,116.4 1 0
core_project/apps/campaign/api/handlers/endorsement_handlers.go:119.2,120.27 2 0
core_project/apps/campaign/api/handlers/endorsement_handlers.go:120.27,122.3 1 0
core_project/apps/campaign/api/handlers/endorsement_handlers.go:124.2,131.16 3 0
core_project/apps/campaign/api/handlers/endorsement_handlers.go:131.16,135.3 3 0
core_project/apps/campaign/api/handlers/endorsement_handlers.go:137.2,137.39 1 0
core_project/apps/campaign/api/handlers/endorsement_handlers.go:137.39,140.3 2 0
core_project/apps/campaign/api/handlers/endorsement_handlers.go:142.2,151.4 1 0
core_project/apps/campaign/api/handlers/event.go:21.59,23.20 2 0
core_project/apps/campaign/api/handlers/event.go:23.20,26.3 2 0
core_project/apps/campaign/api/handlers/event.go:28.2,28.18 1 0
core_project/apps/campaign/api/handlers/event.go:29.22,30.26 1 0
core_project/apps/campaign/api/handlers/event.go:31.23,32.30 1 0
core_project/apps/campaign/api/handlers/event.go:33.10,34.93 1 0
core_project/apps/campaign/api/handlers/event.go:38.57,41.16 2 0
core_project/apps/campaign/api/handlers/event.go:41.16,44.3 2 0
core_project/apps/campaign/api/handlers/event.go:45.2,48.18 3 0
core_project/apps/campaign/api/handlers/event.go:48.18,50.93 2 0
core_project/apps/campaign/api/handlers/event.go:50.93,52.4 1 0
core_project/apps/campaign/api/handlers/event.go:54.2,54.71 1 0
core_project/apps/campaign/api/handlers/event.go:57.75,64.61 2 0
core_project/apps/campaign/api/handlers/event.go:64.61,67.3 2 0
core_project/apps/campaign/api/handlers/event.go:69.2,73.16 3 0
core_project/apps/campaign/api/handlers/event.go:73.16,76.3 2 0
core_project/apps/campaign/api/handlers/event.go:77.2,77.118 1 0
core_project/apps/campaign/api/handlers/faq.go:31.59,33.20 2 0
core_project/apps/campaign/api/handlers/faq.go:33.20,39.3 2 0
core_project/apps/campaign/api/handlers/faq.go:41.2,41.33 1 0
core_project/apps/campaign/api/handlers/faq.go:41.33,44.3 2 0
core_project/apps/campaign/api/handlers/faq.go:46.2,47.61 2 0
core_project/apps/campaign/api/handlers/faq.go:47.61,53.3 2 0
core_project/apps/campaign/api/handlers/faq.go:55.2,55.24 1 0
core_project/apps/campaign/api/handlers/faq.go:55.24,61.3 2 0
core_project/apps/campaign/api/handlers/faq.go:63.2,67.16 3 0
core_project/apps/campaign/api/handlers/faq.go:67.16,80.3 4 0
core_project/apps/campaign/api/handlers/faq.go:83.2,84.16 2 0
core_project/apps/campaign/api/handlers/faq.go:84.16,87.3 2 0
core_project/apps/campaign/api/handlers/faq.go:90.2,99.4 2 0
core_project/apps/campaign/api/handlers/faq.go:103.56,105.70 2 0
core_project/apps/campaign/api/handlers/faq.go:105.70,107.3 1 0
core_project/apps/campaign/api/handlers/faq.go:109.2,115.16 3 0
core_project/apps/campaign/api/handlers/faq.go:115.16,117.3 1 0
core_project/apps/campaign/api/handlers/faq.go:118.2,121.16 3 0
core_project/apps/campaign/api/handlers/faq.go:121.16,123.3 1 0
core_project/apps/campaign/api/handlers/faq.go:124.2,126.38 2 0
core_project/apps/campaign/api/handlers/faq.go:126.38,129.3 2 0
core_project/apps/campaign/api/handlers/faq.go:131.2,136.70 2 0
core_project/apps/campaign/api/handlers/faq.go:136.70,138.3 1 0
core_project/apps/campaign/api/handlers/faq.go:139.2,139.30 1 0
core_project/apps/campaign/api/handlers/faq.go:139.30,141.3 1 0
core_project/apps/campaign/api/handlers/faq.go:142.2,142.41 1 0
core_project/apps/campaign/api/handlers/faq.go:147.122,161.16 4 0
core_project/apps/campaign/api/handlers/faq.go:161.16,163.3 1 0
core_project/apps/campaign/api/handlers/faq.go:164.2,167.18 3 0
core_project/apps/campaign/api/handlers/faq.go:167.18,171.98 4 0
core_project/apps/campaign/api/handlers/faq.go:171.98,179.4 1 0
core_project/apps/campaign/api/handlers/faq.go:181.2,181.20 1 0
core_project/apps/campaign/api/handlers/faq.go:181.20,183.3 1 0
core_project/apps/campaign/api/handlers/faq.go:184.2,184.21 1 0
core_project/apps/campaign/api/handlers/faq.go:188.113,197.16 3 0
core_project/apps/campaign/api/handlers/faq.go:197.16,199.3 1 0
core_project/apps/campaign/api/handlers/faq.go:200.2,203.18 3 0
core_project/apps/campaign/api/handlers/faq.go:203.18,205.58 2 0
core_project/apps/campaign/api/handlers/faq.go:205.58,212.4 1 0
core_project/apps/campaign/api/handlers/faq.go:214.2,214.20 1 0
core_project/apps/campaign/api/handlers/faq.go:214.20,216.3 1 0
core_project/apps/campaign/api/handlers/faq.go:217.2,217.21 1 0
core_project/apps/campaign/api/handlers/faq.go:223.82,224.23 1 0
core_project/apps/campaign/api/handlers/faq.go:224.23,226.3 1 0
core_project/apps/campaign/api/handlers/faq.go:228.2,232.17 4 0
core_project/apps/campaign/api/handlers/faq.go:232.17,234.3 1 0
core_project/apps/campaign/api/handlers/faq.go:236.2,236.19 1 0
core_project/apps/campaign/api/handlers/faq.go:236.19,238.3 1 0
core_project/apps/campaign/api/handlers/faq.go:240.2,240.78 1 0
core_project/apps/campaign/api/handlers/faq.go:243.43,246.22 2 0
core_project/apps/campaign/api/handlers/faq.go:246.22,247.12 1 0
core_project/apps/campaign/api/handlers/faq.go:247.12,249.4 1 0
core_project/apps/campaign/api/handlers/faq.go:250.3,250.28 1 0
core_project/apps/campaign/api/handlers/faq.go:252.2,253.21 2 0
core_project/apps/campaign/api/handlers/faq.go:256.41,257.19 1 0
core_project/apps/campaign/api/handlers/faq.go:257.19,259.3 1 0
core_project/apps/campaign/api/handlers/faq.go:260.2,260.24 1 0
core_project/apps/campaign/api/handlers/finance.go:35.68,37.20 2 0
core_project/apps/campaign/api/handlers/finance.go:37.20,40.3 2 0
core_project/apps/campaign/api/handlers/finance.go:42.2,45.32 2 0
core_project/apps/campaign/api/handlers/finance.go:45.32,47.23 2 0
core_project/apps/campaign/api/handlers/finance.go:47.23,50.4 2 0
core_project/apps/campaign/api/handlers/finance.go:52.3,59.28 6 0
core_project/apps/campaign/api/handlers/finance.go:59.28,61.4 1 0
core_project/apps/campaign/api/handlers/finance.go:63.3,71.9 2 0
core_project/apps/campaign/api/handlers/finance.go:75.2,75.33 1 0
core_project/apps/campaign/api/handlers/finance.go:75.33,77.62 2 0
core_project/apps/campaign/api/handlers/finance.go:77.62,80.4 2 0
core_project/apps/campaign/api/handlers/finance.go:82.3,93.17 4 0
core_project/apps/campaign/api/handlers/finance.go:93.17,96.4 2 0
core_project/apps/campaign/api/handlers/finance.go:99.3,102.13 2 0
core_project/apps/campaign/api/handlers/finance.go:102.13,104.4 1 0
core_project/apps/campaign/api/handlers/finance.go:106.3,110.9 2 0
core_project/apps/campaign/api/handlers/finance.go:113.2,113.92 1 0
core_project/apps/campaign/api/handlers/finance.go:117.103,119.70 2 0
core_project/apps/campaign/api/handlers/finance.go:119.70,121.3 1 0
core_project/apps/campaign/api/handlers/finance.go:123.2,133.16 4 0
core_project/apps/campaign/api/handlers/finance.go:133.16,136.3 2 0
core_project/apps/campaign/api/handlers/finance.go:137.2,141.16 4 0
core_project/apps/campaign/api/handlers/finance.go:141.16,144.3 2 0
core_project/apps/campaign/api/handlers/finance.go:145.2,147.38 2 0
core_project/apps/campaign/api/handlers/finance.go:147.38,149.3 1 0
core_project/apps/campaign/api/handlers/finance.go:153.86,159.16 3 0
core_project/apps/campaign/api/handlers/finance.go:159.16,161.3 1 0
core_project/apps/campaign/api/handlers/finance.go:163.2,168.16 3 0
core_project/apps/campaign/api/handlers/finance.go:168.16,170.3 1 0
core_project/apps/campaign/api/handlers/finance.go:172.2,173.27 2 0
core_project/apps/campaign/api/handlers/finance.go:173.27,175.3 1 0
core_project/apps/campaign/api/handlers/finance.go:177.2,177.37 1 0
core_project/apps/campaign/api/handlers/finance.go:177.37,186.17 4 0
core_project/apps/campaign/api/handlers/finance.go:186.17,188.4 1 0
core_project/apps/campaign/api/handlers/finance.go:191.2,191.12 1 0
core_project/apps/campaign/api/handlers/fraud.go:23.65,25.20 2 0
core_project/apps/campaign/api/handlers/fraud.go:25.20,28.3 2 0
core_project/apps/campaign/api/handlers/fraud.go:30.2,30.18 1 0
core_project/apps/campaign/api/handlers/fraud.go:31.22,32.34 1 0
core_project/apps/campaign/api/handlers/fraud.go:33.23,34.36 1 0
core_project/apps/campaign/api/handlers/fraud.go:35.10,36.93 1 0
core_project/apps/campaign/api/handlers/fraud.go:40.79,42.22 2 0
core_project/apps/campaign/api/handlers/fraud.go:42.22,45.3 2 0
core_project/apps/campaign/api/handlers/fraud.go:47.2,54.16 3 0
core_project/apps/campaign/api/handlers/fraud.go:54.16,57.3 2 0
core_project/apps/campaign/api/handlers/fraud.go:58.2,61.18 3 0
core_project/apps/campaign/api/handlers/fraud.go:61.18,65.96 3 0
core_project/apps/campaign/api/handlers/fraud.go:65.96,76.4 1 0
core_project/apps/campaign/api/handlers/fraud.go:78.2,78.20 1 0
core_project/apps/campaign/api/handlers/fraud.go:78.20,80.3 1 0
core_project/apps/campaign/api/handlers/fraud.go:82.2,82.72 1 0
core_project/apps/campaign/api/handlers/fraud.go:85.81,87.61 2 0
core_project/apps/campaign/api/handlers/fraud.go:87.61,90.3 2 0
core_project/apps/campaign/api/handlers/fraud.go:92.2,92.61 1 0
core_project/apps/campaign/api/handlers/fraud.go:92.61,95.3 2 0
core_project/apps/campaign/api/handlers/fraud.go:97.2,108.16 4 0
core_project/apps/campaign/api/handlers/fraud.go:108.16,111.3 2 0
core_project/apps/campaign/api/handlers/fraud.go:113.2,117.4 1 0
core_project/apps/campaign/api/handlers/gamification.go:11.76,13.20 2 0
core_project/apps/campaign/api/handlers/gamification.go:13.20,19.3 2 0
core_project/apps/campaign/api/handlers/gamification.go:21.2,32.16 4 0
core_project/apps/campaign/api/handlers/gamification.go:32.16,38.3 2 0
core_project/apps/campaign/api/handlers/gamification.go:39.2,46.18 4 0
core_project/apps/campaign/api/handlers/gamification.go:46.18,48.54 2 0
core_project/apps/campaign/api/handlers/gamification.go:48.54,50.4 1 0
core_project/apps/campaign/api/handlers/gamification.go:53.2,56.4 1 0
core_project/apps/campaign/api/handlers/ktp_scan_handlers.go:13.60,15.20 2 0
core_project/apps/campaign/api/handlers/ktp_scan_handlers.go:15.20,18.3 2 0
core_project/apps/campaign/api/handlers/ktp_scan_handlers.go:20.2,20.33 1 0
core_project/apps/campaign/api/handlers/ktp_scan_handlers.go:20.33,23.3 2 0
core_project/apps/campaign/api/handlers/ktp_scan_handlers.go:25.2,29.61 2 0
core_project/apps/campaign/api/handlers/ktp_scan_handlers.go:29.61,32.3 2 0
core_project/apps/campaign/api/handlers/ktp_scan_handlers.go:35.2,42.16 4 0
core_project/apps/campaign/api/handlers/ktp_scan_handlers.go:42.16,45.3 2 0
core_project/apps/campaign/api/handlers/ktp_scan_handlers.go:46.2,56.25 4 0
core_project/apps/campaign/api/handlers/ktp_scan_handlers.go:56.25,59.3 2 0
core_project/apps/campaign/api/handlers/ktp_scan_handlers.go:62.2,69.79 2 0
core_project/apps/campaign/api/handlers/ktp_scan_handlers.go:69.79,72.3 2 0
core_project/apps/campaign/api/handlers/ktp_scan_handlers.go:75.2,77.16 3 0
core_project/apps/campaign/api/handlers/ktp_scan_handlers.go:77.16,80.3 2 0
core_project/apps/campaign/api/handlers/ktp_scan_handlers.go:81.2,94.16 5 0
core_project/apps/campaign/api/handlers/ktp_scan_handlers.go:94.16,97.3 2 0
core_project/apps/campaign/api/handlers/ktp_scan_handlers.go:100.2,105.16 3 0
core_project/apps/campaign/api/handlers/ktp_scan_handlers.go:105.16,108.3 2 0
core_project/apps/campaign/api/handlers/ktp_scan_handlers.go:110.2,110.39 1 0
core_project/apps/campaign/api/handlers/ktp_scan_handlers.go:110.39,113.3 2 0
core_project/apps/campaign/api/handlers/ktp_scan_handlers.go:115.2,119.4 1 0
core_project/apps/campaign/api/handlers/license.go:16.78,17.33 1 0
core_project/apps/campaign/api/handlers/license.go:17.33,20.3 2 0
core_project/apps/campaign/api/handlers/license.go:22.2,32.61 3 0
core_project/apps/campaign/api/handlers/license.go:32.61,35.3 2 0
core_project/apps/campaign/api/handlers/license.go:37.2,47.16 5 0
core_project/apps/campaign/api/handlers/license.go:47.16,51.3 3 0
core_project/apps/campaign/api/handlers/license.go:53.2,58.4 2 0
core_project/apps/campaign/api/handlers/license.go:63.65,64.32 1 0
core_project/apps/campaign/api/handlers/license.go:64.32,67.3 2 0
core_project/apps/campaign/api/handlers/license.go:69.2,72.20 4 0
core_project/apps/campaign/api/handlers/license.go:72.20,74.80 2 0
core_project/apps/campaign/api/handlers/license.go:74.80,76.4 1 0
core_project/apps/campaign/api/handlers/license.go:79.2,91.16 4 0
core_project/apps/campaign/api/handlers/license.go:91.16,94.3 2 0
core_project/apps/campaign/api/handlers/license.go:95.2,111.18 4 0
core_project/apps/campaign/api/handlers/license.go:111.18,116.103 4 0
core_project/apps/campaign/api/handlers/license.go:116.103,120.4 3 0
core_project/apps/campaign/api/handlers/license.go:122.2,122.21 1 0
core_project/apps/campaign/api/handlers/license.go:122.21,124.3 1 0
core_project/apps/campaign/api/handlers/license.go:126.2,129.4 1 0
core_project/apps/campaign/api/handlers/license.go:134.71,136.20 2 0
core_project/apps/campaign/api/handlers/license.go:136.20,139.3 2 0
core_project/apps/campaign/api/handlers/license.go:141.2,141.32 1 0
core_project/apps/campaign/api/handlers/license.go:141.32,144.3 2 0
core_project/apps/campaign/api/handlers/license.go:146.2,147.22 2 0
core_project/apps/campaign/api/handlers/license.go:147.22,150.3 2 0
core_project/apps/campaign/api/handlers/license.go:152.2,162.16 6 0
core_project/apps/campaign/api/handlers/license.go:162.16,165.3 2 0
core_project/apps/campaign/api/handlers/license.go:167.2,176.4 1 0
core_project/apps/campaign/api/handlers/license.go:180.66,182.20 2 0
core_project/apps/campaign/api/handlers/license.go:182.20,185.3 2 0
core_project/apps/campaign/api/handlers/license.go:187.2,187.33 1 0
core_project/apps/campaign/api/handlers/license.go:187.33,190.3 2 0
core_project/apps/campaign/api/handlers/license.go:192.2,197.61 3 0
core_project/apps/campaign/api/handlers/license.go:197.61,200.3 2 0
core_project/apps/campaign/api/handlers/license.go:202.2,212.16 6 0
core_project/apps/campaign/api/handlers/license.go:212.16,216.3 3 0
core_project/apps/campaign/api/handlers/license.go:218.2,218.12 1 0
core_project/apps/campaign/api/handlers/license.go:218.12,222.3 3 0
core_project/apps/campaign/api/handlers/license.go:224.2,225.16 2 0
core_project/apps/campaign/api/handlers/license.go:225.16,228.3 2 0
core_project/apps/campaign/api/handlers/license.go:229.2,242.16 3 0
core_project/apps/campaign/api/handlers/license.go:242.16,246.3 3 0
core_project/apps/campaign/api/handlers/license.go:249.2,254.16 2 0
core_project/apps/campaign/api/handlers/license.go:254.16,257.3 2 0
core_project/apps/campaign/api/handlers/license.go:259.2,265.4 3 0
core_project/apps/campaign/api/handlers/logistics.go:33.62,35.20 2 0
core_project/apps/campaign/api/handlers/logistics.go:35.20,38.3 2 0
core_project/apps/campaign/api/handlers/logistics.go:40.2,40.18 1 0
core_project/apps/campaign/api/handlers/logistics.go:41.22,42.36 1 0
core_project/apps/campaign/api/handlers/logistics.go:43.23,44.37 1 0
core_project/apps/campaign/api/handlers/logistics.go:45.10,46.93 1 0
core_project/apps/campaign/api/handlers/logistics.go:50.81,56.16 3 0
core_project/apps/campaign/api/handlers/logistics.go:56.16,59.3 2 0
core_project/apps/campaign/api/handlers/logistics.go:60.2,63.18 3 0
core_project/apps/campaign/api/handlers/logistics.go:63.18,66.73 3 0
core_project/apps/campaign/api/handlers/logistics.go:66.73,74.4 1 0
core_project/apps/campaign/api/handlers/logistics.go:76.2,76.18 1 0
core_project/apps/campaign/api/handlers/logistics.go:76.18,78.3 1 0
core_project/apps/campaign/api/handlers/logistics.go:79.2,79.70 1 0
core_project/apps/campaign/api/handlers/logistics.go:82.82,84.61 2 0
core_project/apps/campaign/api/handlers/logistics.go:84.61,87.3 2 0
core_project/apps/campaign/api/handlers/logistics.go:89.2,96.16 5 0
core_project/apps/campaign/api/handlers/logistics.go:96.16,99.3 2 0
core_project/apps/campaign/api/handlers/logistics.go:101.2,101.100 1 0
core_project/apps/campaign/api/handlers/logistics.go:104.72,105.33 1 0
core_project/apps/campaign/api/handlers/logistics.go:105.33,108.3 2 0
core_project/apps/campaign/api/handlers/logistics.go:110.2,111.61 2 0
core_project/apps/campaign/api/handlers/logistics.go:111.61,114.3 2 0
core_project/apps/campaign/api/handlers/logistics.go:116.2,121.16 4 0
core_project/apps/campaign/api/handlers/logistics.go:121.16,124.3 2 0
core_project/apps/campaign/api/handlers/logistics.go:126.2,126.26 1 0
core_project/apps/campaign/api/handlers/logistics.go:126.26,129.3 2 0
core_project/apps/campaign/api/handlers/logistics.go:132.2,139.29 3 0
core_project/apps/campaign/api/handlers/logistics.go:139.29,141.3 1 0
core_project/apps/campaign/api/handlers/logistics.go:143.2,150.16 3 0
core_project/apps/campaign/api/handlers/logistics.go:150.16,153.3 2 0
core_project/apps/campaign/api/handlers/logistics.go:156.2,164.4 2 0
core_project/apps/campaign/api/handlers/logistics.go:169.73,171.20 2 0
core_project/apps/campaign/api/handlers/logistics.go:171.20,174.3 2 0
core_project/apps/campaign/api/handlers/logistics.go:176.2,177.51 2 0
core_project/apps/campaign/api/handlers/logistics.go:177.51,179.3 1 0
core_project/apps/campaign/api/handlers/logistics.go:181.2,197.16 4 0
core_project/apps/campaign/api/handlers/logistics.go:197.16,200.3 2 0
core_project/apps/campaign/api/handlers/logistics.go:201.2,204.18 3 0
core_project/apps/campaign/api/handlers/logistics.go:204.18,208.131 4 0
core_project/apps/campaign/api/handlers/logistics.go:208.131,221.4 1 0
core_project/apps/campaign/api/handlers/logistics.go:224.2,224.20 1 0
core_project/apps/campaign/api/handlers/logistics.go:224.20,226.3 1 0
core_project/apps/campaign/api/handlers/logistics.go:228.2,235.4 1 0
core_project/apps/campaign/api/handlers/notification.go:20.66,22.20 2 0
core_project/apps/campaign/api/handlers/notification.go:22.20,25.3 2 0
core_project/apps/campaign/api/handlers/notification.go:27.2,27.18 1 0
core_project/apps/campaign/api/handlers/notification.go:28.22,29.33 1 0
core_project/apps/campaign/api/handlers/notification.go:30.23,31.37 1 0
core_project/apps/campaign/api/handlers/notification.go:32.10,33.93 1 0
core_project/apps/campaign/api/handlers/notification.go:37.64,40.16 2 0
core_project/apps/campaign/api/handlers/notification.go:40.16,43.3 2 0
core_project/apps/campaign/api/handlers/notification.go:44.2,47.18 3 0
core_project/apps/campaign/api/handlers/notification.go:47.18,49.84 2 0
core_project/apps/campaign/api/handlers/notification.go:49.84,51.4 1 0
core_project/apps/campaign/api/handlers/notification.go:54.2,54.26 1 0
core_project/apps/campaign/api/handlers/notification.go:54.26,56.3 1 0
core_project/apps/campaign/api/handlers/notification.go:58.2,58.78 1 0
core_project/apps/campaign/api/handlers/notification.go:61.82,67.61 2 0
core_project/apps/campaign/api/handlers/notification.go:67.61,70.3 2 0
core_project/apps/campaign/api/handlers/notification.go:72.2,77.16 3 0
core_project/apps/campaign/api/handlers/notification.go:77.16,80.3 2 0
core_project/apps/campaign/api/handlers/notification.go:82.2,82.122 1 0
core_project/apps/campaign/api/handlers/pileg.go:19.64,21.20 2 0
core_project/apps/campaign/api/handlers/pileg.go:21.20,27.3 2 0
core_project/apps/campaign/api/handlers/pileg.go:29.2,33.19 3 0
core_project/apps/campaign/api/handlers/pileg.go:33.19,36.3 2 0
core_project/apps/campaign/api/handlers/pileg.go:39.2,39.48 1 0
core_project/apps/campaign/api/handlers/pileg.go:42.85,49.16 2 0
core_project/apps/campaign/api/handlers/pileg.go:49.16,52.3 2 0
core_project/apps/campaign/api/handlers/pileg.go:53.2,62.18 4 0
core_project/apps/campaign/api/handlers/pileg.go:62.18,64.71 2 0
core_project/apps/campaign/api/handlers/pileg.go:64.71,66.4 1 0
core_project/apps/campaign/api/handlers/pileg.go:68.2,68.22 1 0
core_project/apps/campaign/api/handlers/pileg.go:68.22,70.3 1 0
core_project/apps/campaign/api/handlers/pileg.go:72.2,80.4 1 0
core_project/apps/campaign/api/handlers/pileg.go:83.96,85.16 2 0
core_project/apps/campaign/api/handlers/pileg.go:85.16,88.3 2 0
core_project/apps/campaign/api/handlers/pileg.go:90.2,93.21 3 0
core_project/apps/campaign/api/handlers/pileg.go:93.21,105.3 2 0
core_project/apps/campaign/api/handlers/pileg.go:107.2,111.44 4 0
core_project/apps/campaign/api/handlers/pileg.go:111.44,112.47 1 0
core_project/apps/campaign/api/handlers/pileg.go:112.47,114.4 1 0
core_project/apps/campaign/api/handlers/pileg.go:115.3,115.49 1 0
core_project/apps/campaign/api/handlers/pileg.go:118.2,135.4 2 0
core_project/apps/campaign/api/handlers/pileg.go:159.87,167.2 4 0
core_project/apps/campaign/api/handlers/pileg.go:169.73,184.21 5 0
core_project/apps/campaign/api/handlers/pileg.go:184.21,186.23 2 0
core_project/apps/campaign/api/handlers/pileg.go:186.23,188.59 2 0
core_project/apps/campaign/api/handlers/pileg.go:188.59,190.5 1 0
core_project/apps/campaign/api/handlers/pileg.go:193.2,193.16 1 0
core_project/apps/campaign/api/handlers/pileg.go:196.36,198.28 2 0
core_project/apps/campaign/api/handlers/pileg.go:198.28,200.3 1 0
core_project/apps/campaign/api/handlers/pileg.go:201.2,201.14 1 0
core_project/apps/campaign/api/handlers/pileg.go:204.36,206.28 2 0
core_project/apps/campaign/api/handlers/pileg.go:206.28,208.3 1 0
core_project/apps/campaign/api/handlers/pileg.go:209.2,209.14 1 0
core_project/apps/campaign/api/handlers/pileg.go:212.69,214.28 2 0
core_project/apps/campaign/api/handlers/pileg.go:214.28,215.69 1 0
core_project/apps/campaign/api/handlers/pileg.go:215.69,217.4 1 0
core_project/apps/campaign/api/handlers/pileg.go:219.2,219.17 1 0
core_project/apps/campaign/api/handlers/pileg.go:222.71,225.35 2 0
core_project/apps/campaign/api/handlers/pileg.go:225.35,230.27 4 0
core_project/apps/campaign/api/handlers/pileg.go:230.27,233.25 3 0
core_project/apps/campaign/api/handlers/pileg.go:233.25,237.5 3 0
core_project/apps/campaign/api/handlers/pileg.go:240.3,240.20 1 0
core_project/apps/campaign/api/handlers/pileg.go:240.20,241.9 1 0
core_project/apps/campaign/api/handlers/pileg.go:244.3,250.28 2 0
core_project/apps/campaign/api/handlers/pileg.go:252.2,252.20 1 0
core_project/apps/campaign/api/handlers/pileg.go:255.70,257.28 2 0
core_project/apps/campaign/api/handlers/pileg.go:257.28,259.21 2 0
core_project/apps/campaign/api/handlers/pileg.go:259.21,261.4 1 0
core_project/apps/campaign/api/handlers/pileg.go:262.3,268.5 1 0
core_project/apps/campaign/api/handlers/pileg.go:270.2,270.18 1 0
core_project/apps/campaign/api/handlers/public.go:19.68,21.20 2 0
core_project/apps/campaign/api/handlers/public.go:21.20,24.3 2 0
core_project/apps/campaign/api/handlers/public.go:26.2,32.29 5 0
core_project/apps/campaign/api/handlers/public.go:32.29,34.3 1 0
core_project/apps/campaign/api/handlers/public.go:36.2,44.69 3 0
core_project/apps/campaign/api/handlers/public.go:47.89,60.40 4 0
core_project/apps/campaign/api/handlers/public.go:60.40,61.21 1 0
core_project/apps/campaign/api/handlers/public.go:62.19,63.40 1 0
core_project/apps/campaign/api/handlers/public.go:64.18,65.39 1 0
core_project/apps/campaign/api/handlers/public.go:66.19,67.40 1 0
core_project/apps/campaign/api/handlers/public.go:69.3,69.86 1 0
core_project/apps/campaign/api/handlers/public.go:69.86,71.4 1 0
core_project/apps/campaign/api/handlers/public.go:74.2,79.22 2 0
core_project/apps/campaign/api/handlers/public.go:82.77,85.16 3 0
core_project/apps/campaign/api/handlers/public.go:85.16,87.3 1 0
core_project/apps/campaign/api/handlers/public.go:88.2,92.18 4 0
core_project/apps/campaign/api/handlers/public.go:92.18,94.66 2 0
core_project/apps/campaign/api/handlers/public.go:94.66,95.23 1 0
core_project/apps/campaign/api/handlers/public.go:95.23,97.5 1 0
core_project/apps/campaign/api/handlers/public.go:97.10,99.5 1 0
core_project/apps/campaign/api/handlers/public.go:102.4,103.24 2 0
core_project/apps/campaign/api/handlers/public.go:103.24,105.5 1 0
core_project/apps/campaign/api/handlers/public.go:106.4,107.7 2 0
core_project/apps/campaign/api/handlers/public.go:110.2,110.19 1 0
core_project/apps/campaign/api/handlers/public.go:113.50,120.2 1 0
core_project/apps/campaign/api/handlers/public.go:122.65,127.25 2 0
core_project/apps/campaign/api/handlers/public.go:127.25,129.3 1 0
core_project/apps/campaign/api/handlers/public.go:129.8,131.3 1 0
core_project/apps/campaign/api/handlers/public.go:132.2,132.25 1 0
core_project/apps/campaign/api/handlers/public.go:132.25,134.3 1 0
core_project/apps/campaign/api/handlers/public.go:134.8,136.3 1 0
core_project/apps/campaign/api/handlers/public.go:137.2,137.16 1 0
core_project/apps/campaign/api/handlers/real_count.go:19.13,22.51 1 1
core_project/apps/campaign/api/handlers/real_count.go:22.51,25.3 2 0
core_project/apps/campaign/api/handlers/real_count.go:59.62,61.20 2 0
core_project/apps/campaign/api/handlers/real_count.go:61.20,64.3 2 0
core_project/apps/campaign/api/handlers/real_count.go:66.2,66.18 1 0
core_project/apps/campaign/api/handlers/real_count.go:67.22,68.40 1 0
core_project/apps/campaign/api/handlers/real_count.go:69.23,70.34 1 0
core_project/apps/campaign/api/handlers/real_count.go:71.10,72.93 1 0
core_project/apps/campaign/api/handlers/real_count.go:76.85,78.22 2 0
core_project/apps/campaign/api/handlers/real_count.go:78.22,81.3 2 0
core_project/apps/campaign/api/handlers/real_count.go:83.2,94.16 4 0
core_project/apps/campaign/api/handlers/real_count.go:94.16,96.3 1 0
core_project/apps/campaign/api/handlers/real_count.go:98.2,110.4 3 0
core_project/apps/campaign/api/handlers/real_count.go:113.79,115.61 2 0
core_project/apps/campaign/api/handlers/real_count.go:115.61,118.3 2 0
core_project/apps/campaign/api/handlers/real_count.go:120.2,120.94 1 0
core_project/apps/campaign/api/handlers/real_count.go:120.94,123.3 2 0
core_project/apps/campaign/api/handlers/real_count.go:125.2,133.19 4 0
core_project/apps/campaign/api/handlers/real_count.go:133.19,136.3 2 0
core_project/apps/campaign/api/handlers/real_count.go:138.2,140.23 2 0
core_project/apps/campaign/api/handlers/real_count.go:140.23,145.3 4 0
core_project/apps/campaign/api/handlers/real_count.go:147.2,148.112 2 0
core_project/apps/campaign/api/handlers/real_count.go:148.112,150.3 1 0
core_project/apps/campaign/api/handlers/real_count.go:150.8,153.3 2 0
core_project/apps/campaign/api/handlers/real_count.go:155.2,177.16 3 0
core_project/apps/campaign/api/handlers/real_count.go:177.16,178.61 1 0
core_project/apps/campaign/api/handlers/real_count.go:178.61,181.4 2 0
core_project/apps/campaign/api/handlers/real_count.go:182.3,183.9 2 0
core_project/apps/campaign/api/handlers/real_count.go:186.2,193.4 1 0
core_project/apps/campaign/api/handlers/real_count.go:196.81,204.16 4 0
core_project/apps/campaign/api/handlers/real_count.go:204.16,206.3 1 0
core_project/apps/campaign/api/handlers/real_count.go:207.2,210.16 4 0
core_project/apps/campaign/api/handlers/real_count.go:210.16,212.3 1 0
core_project/apps/campaign/api/handlers/real_count.go:213.2,216.98 3 0
core_project/apps/campaign/api/handlers/real_count.go:216.98,218.3 1 0
core_project/apps/campaign/api/handlers/real_count.go:220.2,221.81 2 0
core_project/apps/campaign/api/handlers/real_count.go:221.81,223.3 1 0
core_project/apps/campaign/api/handlers/real_count.go:224.2,224.82 1 0
core_project/apps/campaign/api/handlers/region.go:16.62,17.32 1 0
core_project/apps/campaign/api/handlers/region.go:17.32,19.17 2 0
core_project/apps/campaign/api/handlers/region.go:19.17,22.4 2 0
core_project/apps/campaign/api/handlers/region.go:23.3,26.19 3 0
core_project/apps/campaign/api/handlers/region.go:26.19,28.52 2 0
core_project/apps/campaign/api/handlers/region.go:28.52,30.5 1 0
core_project/apps/campaign/api/handlers/region.go:33.3,33.19 1 0
core_project/apps/campaign/api/handlers/region.go:33.19,35.4 1 0
core_project/apps/campaign/api/handlers/region.go:37.3,38.9 2 0
core_project/apps/campaign/api/handlers/region.go:41.2,41.92 1 0
core_project/apps/campaign/api/handlers/report.go:11.60,13.20 2 0
core_project/apps/campaign/api/handlers/report.go:13.20,16.3 2 0
core_project/apps/campaign/api/handlers/report.go:18.2,18.32 1 0
core_project/apps/campaign/api/handlers/report.go:18.32,40.3 7 0
core_project/apps/campaign/api/handlers/report.go:42.2,42.92 1 0
core_project/apps/campaign/api/handlers/responses.go:17.69,21.2 3 1
core_project/apps/campaign/api/handlers/responses.go:23.46,25.2 1 1
core_project/apps/campaign/api/handlers/responses.go:27.44,29.2 1 1
core_project/apps/campaign/api/handlers/responses.go:31.46,33.2 1 1
core_project/apps/campaign/api/handlers/sentiment.go:21.68,23.20 2 0
core_project/apps/campaign/api/handlers/sentiment.go:23.20,26.3 2 0
core_project/apps/campaign/api/handlers/sentiment.go:28.2,28.18 1 0
core_project/apps/campaign/api/handlers/sentiment.go:29.22,30.36 1 0
core_project/apps/campaign/api/handlers/sentiment.go:31.23,32.30 1 0
core_project/apps/campaign/api/handlers/sentiment.go:33.10,34.93 1 0
core_project/apps/campaign/api/handlers/sentiment.go:38.81,40.22 2 0
core_project/apps/campaign/api/handlers/sentiment.go:40.22,43.3 2 0
core_project/apps/campaign/api/handlers/sentiment.go:45.2,54.16 3 0
core_project/apps/campaign/api/handlers/sentiment.go:54.16,57.3 2 0
core_project/apps/campaign/api/handlers/sentiment.go:58.2,61.18 3 0
core_project/apps/campaign/api/handlers/sentiment.go:61.18,65.66 4 0
core_project/apps/campaign/api/handlers/sentiment.go:65.66,72.4 1 0
core_project/apps/campaign/api/handlers/sentiment.go:74.2,74.70 1 0
core_project/apps/campaign/api/handlers/sentiment.go:77.75,79.61 2 0
core_project/apps/campaign/api/handlers/sentiment.go:79.61,82.3 2 0
core_project/apps/campaign/api/handlers/sentiment.go:83.2,83.26 1 0
core_project/apps/campaign/api/handlers/sentiment.go:83.26,86.3 2 0
core_project/apps/campaign/api/handlers/sentiment.go:88.2,101.16 5 0
core_project/apps/campaign/api/handlers/sentiment.go:101.16,104.3 2 0
core_project/apps/campaign/api/handlers/sentiment.go:106.2,109.4 1 0
core_project/apps/campaign/api/handlers/sentiment.go:118.53,131.42 7 0
core_project/apps/campaign/api/handlers/sentiment.go:131.42,133.3 1 0
core_project/apps/campaign/api/handlers/sentiment.go:134.2,140.59 5 0
core_project/apps/campaign/api/handlers/sentiment.go:140.59,142.3 1 0
core_project/apps/campaign/api/handlers/sentiment.go:143.2,143.12 1 0
core_project/apps/campaign/api/handlers/survey.go:18.60,20.20 2 0
core_project/apps/campaign/api/handlers/survey.go:20.20,23.3 2 0
core_project/apps/campaign/api/handlers/survey.go:25.2,25.18 1 0
core_project/apps/campaign/api/handlers/survey.go:26.22,27.27 1 0
core_project/apps/campaign/api/handlers/survey.go:28.23,29.31 1 0
core_project/apps/campaign/api/handlers/survey.go:30.10,31.93 1 0
core_project/apps/campaign/api/handlers/survey.go:35.58,38.16 2 0
core_project/apps/campaign/api/handlers/survey.go:38.16,41.3 2 0
core_project/apps/campaign/api/handlers/survey.go:42.2,45.18 3 0
core_project/apps/campaign/api/handlers/survey.go:45.18,47.66 2 0
core_project/apps/campaign/api/handlers/survey.go:47.66,49.4 1 0
core_project/apps/campaign/api/handlers/survey.go:51.2,51.72 1 0
core_project/apps/campaign/api/handlers/survey.go:54.76,59.61 2 0
core_project/apps/campaign/api/handlers/survey.go:59.61,62.3 2 0
core_project/apps/campaign/api/handlers/survey.go:64.2,69.16 3 0
core_project/apps/campaign/api/handlers/survey.go:69.16,72.3 2 0
core_project/apps/campaign/api/handlers/survey.go:74.2,74.119 1 0
core_project/apps/campaign/api/handlers/task.go:27.58,32.36 4 0
core_project/apps/campaign/api/handlers/task.go:32.36,35.3 2 0
core_project/apps/campaign/api/handlers/task.go:37.2,37.18 1 0
core_project/apps/campaign/api/handlers/task.go:38.22,39.43 1 0
core_project/apps/campaign/api/handlers/task.go:40.23,41.37 1 0
core_project/apps/campaign/api/handlers/task.go:42.22,43.29 1 0
core_project/apps/campaign/api/handlers/task.go:44.10,45.93 1 0
core_project/apps/campaign/api/handlers/task.go:49.74,53.25 3 0
core_project/apps/campaign/api/handlers/task.go:53.25,56.3 2 0
core_project/apps/campaign/api/handlers/task.go:58.2,59.16 2 0
core_project/apps/campaign/api/handlers/task.go:59.16,62.3 2 0
core_project/apps/campaign/api/handlers/task.go:63.2,66.18 3 0
core_project/apps/campaign/api/handlers/task.go:66.18,68.190 2 0
core_project/apps/campaign/api/handlers/task.go:68.190,70.4 1 0
core_project/apps/campaign/api/handlers/task.go:72.2,72.70 1 0
core_project/apps/campaign/api/handlers/task.go:75.82,83.61 2 0
core_project/apps/campaign/api/handlers/task.go:83.61,86.3 2 0
core_project/apps/campaign/api/handlers/task.go:87.2,87.32 1 0
core_project/apps/campaign/api/handlers/task.go:87.32,89.3 1 0
core_project/apps/campaign/api/handlers/task.go:91.2,92.26 2 0
core_project/apps/campaign/api/handlers/task.go:92.26,94.3 1 0
core_project/apps/campaign/api/handlers/task.go:96.2,101.16 3 0
core_project/apps/campaign/api/handlers/task.go:101.16,104.3 2 0
core_project/apps/campaign/api/handlers/task.go:106.2,106.117 1 0
core_project/apps/campaign/api/handlers/task.go:109.74,117.61 2 0
core_project/apps/campaign/api/handlers/task.go:117.61,120.3 2 0
core_project/apps/campaign/api/handlers/task.go:122.2,126.26 4 0
core_project/apps/campaign/api/handlers/task.go:126.26,130.3 3 0
core_project/apps/campaign/api/handlers/task.go:131.2,131.27 1 0
core_project/apps/campaign/api/handlers/task.go:131.27,135.3 3 0
core_project/apps/campaign/api/handlers/task.go:136.2,136.22 1 0
core_project/apps/campaign/api/handlers/task.go:136.22,140.3 3 0
core_project/apps/campaign/api/handlers/task.go:141.2,141.27 1 0
core_project/apps/campaign/api/handlers/task.go:141.27,145.3 3 0
core_project/apps/campaign/api/handlers/task.go:147.2,151.16 4 0
core_project/apps/campaign/api/handlers/task.go:151.16,154.3 2 0
core_project/apps/campaign/api/handlers/task.go:156.2,156.82 1 0
core_project/apps/campaign/api/handlers/users.go:22.58,24.20 2 0
core_project/apps/campaign/api/handlers/users.go:24.20,27.3 2 0
core_project/apps/campaign/api/handlers/users.go:29.2,29.18 1 0
core_project/apps/campaign/api/handlers/users.go:30.22,31.25 1 0
core_project/apps/campaign/api/handlers/users.go:32.23,33.29 1 0
core_project/apps/campaign/api/handlers/users.go:34.10,35.93 1 0
core_project/apps/campaign/api/handlers/users.go:39.56,42.16 2 0
core_project/apps/campaign/api/handlers/users.go:42.16,45.3 2 0
core_project/apps/campaign/api/handlers/users.go:46.2,49.18 3 0
core_project/apps/campaign/api/handlers/users.go:49.18,51.104 2 0
core_project/apps/campaign/api/handlers/users.go:51.104,53.4 1 0
core_project/apps/campaign/api/handlers/users.go:55.2,55.70 1 0
core_project/apps/campaign/api/handlers/users.go:58.74,66.61 2 0
core_project/apps/campaign/api/handlers/users.go:66.61,69.3 2 0
core_project/apps/campaign/api/handlers/users.go:71.2,71.20 1 0
core_project/apps/campaign/api/handlers/users.go:71.20,73.3 1 0
core_project/apps/campaign/api/handlers/users.go:75.2,82.16 4 0
core_project/apps/campaign/api/handlers/users.go:82.16,85.3 2 0
core_project/apps/campaign/api/handlers/users.go:87.2,87.117 1 0
core_project/apps/campaign/api/handlers/volunteer.go:19.63,21.20 2 1
core_project/apps/campaign/api/handlers/volunteer.go:21.20,24.3 2 1
core_project/apps/campaign/api/handlers/volunteer.go:26.2,26.18 1 1
core_project/apps/campaign/api/handlers/volunteer.go:27.22,28.30 1 0
core_project/apps/campaign/api/handlers/volunteer.go:29.23,30.36 1 0
core_project/apps/campaign/api/handlers/volunteer.go:31.10,32.93 1 1
core_project/apps/campaign/api/handlers/volunteer.go:36.61,39.16 2 0
core_project/apps/campaign/api/handlers/volunteer.go:39.16,42.3 2 0
core_project/apps/campaign/api/handlers/volunteer.go:43.2,46.18 3 0
core_project/apps/campaign/api/handlers/volunteer.go:46.18,48.70 2 0
core_project/apps/campaign/api/handlers/volunteer.go:48.70,50.4 1 0
core_project/apps/campaign/api/handlers/volunteer.go:52.2,52.75 1 0
core_project/apps/campaign/api/handlers/volunteer.go:55.81,60.61 2 0
core_project/apps/campaign/api/handlers/volunteer.go:60.61,63.3 2 0
core_project/apps/campaign/api/handlers/volunteer.go:65.2,70.16 3 0
core_project/apps/campaign/api/handlers/volunteer.go:70.16,73.3 2 0
core_project/apps/campaign/api/handlers/volunteer.go:75.2,75.125 1 0
core_project/apps/campaign/api/handlers/volunteer.go:78.67,80.20 2 1
core_project/apps/campaign/api/handlers/volunteer.go:80.20,83.3 2 1
core_project/apps/campaign/api/handlers/volunteer.go:85.2,85.32 1 1
core_project/apps/campaign/api/handlers/volunteer.go:85.32,88.3 2 1
core_project/apps/campaign/api/handlers/volunteer.go:90.2,92.16 3 0
core_project/apps/campaign/api/handlers/volunteer.go:92.16,94.3 1 0
core_project/apps/campaign/api/handlers/volunteer.go:96.2,100.70 2 0
core_project/apps/campaign/api/handlers/voter.go:21.59,26.36 4 1
core_project/apps/campaign/api/handlers/voter.go:26.36,29.3 2 1
core_project/apps/campaign/api/handlers/voter.go:31.2,31.18 1 1
core_project/apps/campaign/api/handlers/voter.go:32.22,33.44 1 0
core_project/apps/campaign/api/handlers/voter.go:34.22,35.30 1 0
core_project/apps/campaign/api/handlers/voter.go:36.10,37.93 1 1
core_project/apps/campaign/api/handlers/voter.go:41.75,45.25 3 0
core_project/apps/campaign/api/handlers/voter.go:45.25,48.3 2 0
core_project/apps/campaign/api/handlers/voter.go:50.2,51.16 2 0
core_project/apps/campaign/api/handlers/voter.go:51.16,54.3 2 0
core_project/apps/campaign/api/handlers/voter.go:55.2,58.18 3 0
core_project/apps/campaign/api/handlers/voter.go:58.18,60.104 2 0
core_project/apps/campaign/api/handlers/voter.go:60.104,62.4 1 0
core_project/apps/campaign/api/handlers/voter.go:64.2,64.71 1 0
core_project/apps/campaign/api/handlers/voter.go:67.75,74.61 2 0
core_project/apps/campaign/api/handlers/voter.go:74.61,77.3 2 0
core_project/apps/campaign/api/handlers/voter.go:79.2,83.22 4 0
core_project/apps/campaign/api/handlers/voter.go:83.22,87.3 3 0
core_project/apps/campaign/api/handlers/voter.go:88.2,88.30 1 0
core_project/apps/campaign/api/handlers/voter.go:88.30,92.3 3 0
core_project/apps/campaign/api/handlers/voter.go:93.2,93.33 1 0
core_project/apps/campaign/api/handlers/voter.go:93.33,97.3 3 0
core_project/apps/campaign/api/handlers/voter.go:99.2,103.16 4 0
core_project/apps/campaign/api/handlers/voter.go:103.16,106.3 2 0
core_project/apps/campaign/api/handlers/voter.go:108.2,108.83 1 0
core_project/apps/campaign/api/handlers/voter_stats_handlers.go:10.63,15.36 4 1
core_project/apps/campaign/api/handlers/voter_stats_handlers.go:15.36,18.3 2 1
core_project/apps/campaign/api/handlers/voter_stats_handlers.go:20.2,23.25 3 0
core_project/apps/campaign/api/handlers/voter_stats_handlers.go:23.25,26.3 2 0
core_project/apps/campaign/api/handlers/voter_stats_handlers.go:28.2,31.16 3 0
core_project/apps/campaign/api/handlers/voter_stats_handlers.go:31.16,34.3 2 0
core_project/apps/campaign/api/handlers/voter_stats_handlers.go:35.2,49.18 6 0
core_project/apps/campaign/api/handlers/voter_stats_handlers.go:49.18,52.75 3 0
core_project/apps/campaign/api/handlers/voter_stats_handlers.go:52.75,54.20 2 0
core_project/apps/campaign/api/handlers/voter_stats_handlers.go:54.20,56.5 1 0
core_project/apps/campaign/api/handlers/voter_stats_handlers.go:57.4,57.25 1 0
core_project/apps/campaign/api/handlers/voter_stats_handlers.go:57.25,59.5 1 0
core_project/apps/campaign/api/handlers/voter_stats_handlers.go:60.4,60.18 1 0
core_project/apps/campaign/api/handlers/voter_stats_handlers.go:64.2,71.69 2 0
core_project/apps/campaign/api/handlers/wargame.go:19.70,21.20 2 0
core_project/apps/campaign/api/handlers/wargame.go:21.20,24.3 2 0
core_project/apps/campaign/api/handlers/wargame.go:26.2,26.33 1 0
core_project/apps/campaign/api/handlers/wargame.go:26.33,29.3 2 0
core_project/apps/campaign/api/handlers/wargame.go:31.2,32.61 2 0
core_project/apps/campaign/api/handlers/wargame.go:32.61,35.3 2 0
core_project/apps/campaign/api/handlers/wargame.go:37.2,42.34 6 0
core_project/apps/campaign/api/handlers/wargame.go:42.34,44.3 1 0
core_project/apps/campaign/api/handlers/wargame.go:46.2,48.20 3 0
core_project/apps/campaign/api/handlers/wargame.go:48.20,50.3 1 0
core_project/apps/campaign/api/handlers/wargame.go:52.2,62.4 1 0
core_project/apps/campaign/api/handlers/wargame.go:65.90,74.17 7 0
core_project/apps/campaign/api/handlers/wargame.go:74.17,76.3 1 0
core_project/apps/campaign/api/handlers/wargame.go:77.2,77.33 1 0
core_project/apps/campaign/api/handlers/wargame.go:80.59,81.32 1 0
core_project/apps/campaign/api/handlers/wargame.go:81.32,83.3 1 0
core_project/apps/campaign/api/handlers/wargame.go:84.2,84.16 1 0
core_project/apps/campaign/api/handlers/wargame.go:87.71,88.14 1 0
core_project/apps/campaign/api/handlers/wargame.go:88.14,90.3 1 0
core_project/apps/campaign/api/handlers/wargame.go:91.2,92.49 2 0
core_project/apps/campaign/api/handlers/wargame.go:95.72,96.21 1 0
core_project/apps/campaign/api/handlers/wargame.go:96.21,98.3 1 0
core_project/apps/campaign/api/handlers/wargame.go:99.2,100.37 2 0
core_project/apps/campaign/api/handlers/wargame.go:100.37,102.3 1 0
core_project/apps/campaign/api/handlers/wargame.go:103.2,103.19 1 0
core_project/apps/campaign/api/handlers/wargame.go:103.19,105.3 1 0
core_project/apps/campaign/api/handlers/wargame.go:106.2,106.16 1 0
core_project/apps/umkm/scripts/migrate/migrate.go:12.13,18.16 4 0
core_project/apps/umkm/scripts/migrate/migrate.go:18.16,21.3 2 0
core_project/apps/umkm/scripts/migrate/migrate.go:22.2,26.16 4 0
core_project/apps/umkm/scripts/migrate/migrate.go:26.16,29.3 2 0
core_project/apps/umkm/scripts/migrate/migrate.go:31.2,31.81 1 0
core_project/apps/umkm/scripts/register_tenant/register_tenant.go:14.13,15.22 1 0
core_project/apps/umkm/scripts/register_tenant/register_tenant.go:15.22,18.3 2 0
core_project/apps/umkm/scripts/register_tenant/register_tenant.go:20.2,30.16 8 0
core_project/apps/umkm/scripts/register_tenant/register_tenant.go:30.16,33.3 2 0
core_project/apps/umkm/scripts/register_tenant/register_tenant.go:34.2,41.16 5 0
core_project/apps/umkm/scripts/register_tenant/register_tenant.go:41.16,44.3 2 0
core_project/apps/umkm/scripts/register_tenant/register_tenant.go:48.2,48.22 1 0
core_project/apps/umkm/scripts/register_tenant/register_tenant.go:48.22,51.3 2 0
core_project/apps/umkm/scripts/register_tenant/register_tenant.go:52.2,54.16 3 0
core_project/apps/umkm/scripts/register_tenant/register_tenant.go:54.16,57.3 2 0
core_project/apps/umkm/scripts/register_tenant/register_tenant.go:58.2,62.16 4 0
core_project/apps/umkm/scripts/register_tenant/register_tenant.go:62.16,65.3 2 0
core_project/apps/umkm/scripts/register_tenant/register_tenant.go:67.2,73.16 5 0
core_project/apps/umkm/scripts/register_tenant/register_tenant.go:73.16,76.3 2 0
core_project/apps/umkm/scripts/register_tenant/register_tenant.go:77.2,79.38 2 0
core_project/apps/umkm/scripts/register_tenant/register_tenant.go:79.38,81.3 1 0
core_project/apps/umkm/scripts/register_tenant/register_tenant.go:81.8,83.3 1 0
core_project/scripts/e2e/simulate_phase2/simulate_phase2.go:19.13,44.16 17 0
core_project/scripts/e2e/simulate_phase2/simulate_phase2.go:44.16,46.3 1 0
core_project/scripts/e2e/simulate_phase2/simulate_phase2.go:46.8,51.3 4 0
core_project/scripts/e2e/simulate_phase2/simulate_phase2.go:56.2,71.16 11 0
core_project/scripts/e2e/simulate_phase2/simulate_phase2.go:71.16,73.3 1 0
core_project/scripts/e2e/simulate_phase2/simulate_phase2.go:73.8,83.3 7 0
core_project/scripts/e2e/simulate_phase2/simulate_phase2.go:85.2,87.69 3 0
core_project/scripts/e2e/main.go:18.13,26.42 6 0
core_project/scripts/e2e/main.go:26.42,28.3 1 0
core_project/scripts/e2e/main.go:28.8,30.3 1 0
core_project/scripts/e2e/main.go:33.2,38.42 5 0
core_project/scripts/e2e/main.go:38.42,45.3 6 0
core_project/scripts/e2e/main.go:45.8,49.3 3 0
core_project/scripts/e2e/main.go:52.2,57.16 6 0
core_project/scripts/e2e/main.go:57.16,59.3 1 0
core_project/scripts/e2e/main.go:62.2,77.16 8 0
core_project/scripts/e2e/main.go:77.16,80.3 2 0
core_project/scripts/e2e/main.go:83.2,90.16 8 0
core_project/scripts/e2e/main.go:90.16,93.3 2 0
core_project/scripts/e2e/main.go:95.2,95.51 1 0
core_project/apps/umkm/chatbot/chat_handlers.go:19.57,20.33 1 1
core_project/apps/umkm/chatbot/chat_handlers.go:20.33,23.3 2 0
core_project/apps/umkm/chatbot/chat_handlers.go:24.2,25.20 2 1
core_project/apps/umkm/chatbot/chat_handlers.go:25.20,28.3 2 1
core_project/apps/umkm/chatbot/chat_handlers.go:30.2,31.61 2 0
core_project/apps/umkm/chatbot/chat_handlers.go:31.61,34.3 2 0
core_project/apps/umkm/chatbot/chat_handlers.go:36.2,40.34 3 0
core_project/apps/umkm/chatbot/chat_handlers.go:40.34,42.17 2 0
core_project/apps/umkm/chatbot/chat_handlers.go:42.17,44.4 1 0
core_project/apps/umkm/chatbot/chat_handlers.go:48.2,48.34 1 0
core_project/apps/umkm/chatbot/chat_handlers.go:48.34,50.3 1 0
core_project/apps/umkm/chatbot/chat_handlers.go:52.2,53.15 2 0
core_project/apps/umkm/chatbot/chat_handlers.go:53.15,55.3 1 0
core_project/apps/umkm/chatbot/chat_handlers.go:56.2,72.16 9 0
core_project/apps/umkm/chatbot/chat_handlers.go:72.16,75.3 2 0
core_project/apps/umkm/chatbot/chat_handlers.go:76.2,84.28 4 0
core_project/apps/umkm/chatbot/chat_handlers.go:84.28,88.3 3 0
core_project/apps/umkm/chatbot/chat_handlers.go:90.2,94.34 3 0
core_project/apps/umkm/chatbot/chat_handlers.go:94.34,96.3 1 0
core_project/apps/umkm/chatbot/chat_handlers.go:98.2,98.20 1 0
core_project/apps/umkm/chatbot/chat_handlers.go:98.20,100.3 1 0
core_project/apps/umkm/chatbot/chat_handlers.go:102.2,108.4 1 0
core_project/apps/umkm/chatbot/config_handlers.go:32.79,33.20 1 0
core_project/apps/umkm/chatbot/config_handlers.go:33.20,35.3 1 0
core_project/apps/umkm/chatbot/config_handlers.go:36.2,38.24 2 0
core_project/apps/umkm/chatbot/config_handlers.go:38.24,39.83 1 0
core_project/apps/umkm/chatbot/config_handlers.go:39.83,41.60 2 0
core_project/apps/umkm/chatbot/config_handlers.go:41.60,43.5 1 0
core_project/apps/umkm/chatbot/config_handlers.go:47.2,52.16 6 0
core_project/apps/umkm/chatbot/config_handlers.go:52.16,55.3 2 0
core_project/apps/umkm/chatbot/config_handlers.go:56.2,57.38 2 0
core_project/apps/umkm/chatbot/config_handlers.go:57.38,59.3 1 0
core_project/apps/umkm/chatbot/config_handlers.go:60.2,64.111 2 0
core_project/apps/umkm/chatbot/config_handlers.go:64.111,66.3 1 0
core_project/apps/umkm/chatbot/config_handlers.go:68.2,68.24 1 0
core_project/apps/umkm/chatbot/config_handlers.go:68.24,69.55 1 0
core_project/apps/umkm/chatbot/config_handlers.go:69.55,71.4 1 0
core_project/apps/umkm/chatbot/config_handlers.go:73.2,73.21 1 0
core_project/apps/umkm/chatbot/config_handlers.go:79.65,80.33 1 0
core_project/apps/umkm/chatbot/config_handlers.go:80.33,82.17 2 0
core_project/apps/umkm/chatbot/config_handlers.go:82.17,84.4 1 0
core_project/apps/umkm/chatbot/config_handlers.go:85.3,85.20 1 0
core_project/apps/umkm/chatbot/config_handlers.go:87.2,87.64 1 0
core_project/apps/umkm/chatbot/config_handlers.go:87.64,89.3 1 0
core_project/apps/umkm/chatbot/config_handlers.go:90.2,90.38 1 0
core_project/apps/umkm/chatbot/config_handlers.go:90.38,92.3 1 0
core_project/apps/umkm/chatbot/config_handlers.go:93.2,94.68 2 0
core_project/apps/umkm/chatbot/config_handlers.go:94.68,96.3 1 0
core_project/apps/umkm/chatbot/config_handlers.go:97.2,97.17 1 0
core_project/apps/umkm/chatbot/config_handlers.go:100.44,101.27 1 0
core_project/apps/umkm/chatbot/config_handlers.go:101.27,103.3 1 0
core_project/apps/umkm/chatbot/config_handlers.go:104.2,105.32 2 0
core_project/apps/umkm/chatbot/config_handlers.go:105.32,106.14 1 0
core_project/apps/umkm/chatbot/config_handlers.go:106.14,108.4 1 0
core_project/apps/umkm/chatbot/config_handlers.go:110.2,110.14 1 0
core_project/apps/umkm/chatbot/db.go:14.39,19.16 3 0
core_project/apps/umkm/chatbot/db.go:19.16,21.3 1 0
core_project/apps/umkm/chatbot/db.go:23.2,23.56 1 0
core_project/apps/umkm/chatbot/db.go:23.56,25.3 1 0
core_project/apps/umkm/chatbot/db.go:27.2,29.12 3 0
core_project/apps/umkm/chatbot/health_handlers.go:15.59,22.15 5 0
core_project/apps/umkm/chatbot/health_handlers.go:22.15,23.46 1 0
core_project/apps/umkm/chatbot/health_handlers.go:23.46,25.4 1 0
core_project/apps/umkm/chatbot/health_handlers.go:29.2,29.24 1 0
core_project/apps/umkm/chatbot/health_handlers.go:29.24,30.61 1 0
core_project/apps/umkm/chatbot/health_handlers.go:30.61,32.4 1 0
core_project/apps/umkm/chatbot/health_handlers.go:36.2,36.27 1 0
core_project/apps/umkm/chatbot/health_handlers.go:36.27,38.68 2 0
core_project/apps/umkm/chatbot/health_handlers.go:38.68,40.40 2 0
core_project/apps/umkm/chatbot/health_handlers.go:40.40,42.5 1 0
core_project/apps/umkm/chatbot/health_handlers.go:47.2,47.59 1 0
core_project/apps/umkm/chatbot/health_handlers.go:47.59,49.3 1 0
core_project/apps/umkm/chatbot/health_handlers.go:51.2,58.4 3 0
core_project/apps/umkm/chatbot/health_handlers.go:61.60,63.2 1 0
core_project/apps/umkm/chatbot/health_handlers.go:66.60,69.24 2 0
core_project/apps/umkm/chatbot/health_handlers.go:69.24,71.17 2 0
core_project/apps/umkm/chatbot/health_handlers.go:71.17,73.4 1 0
core_project/apps/umkm/chatbot/health_handlers.go:76.2,100.26 5 0
core_project/apps/umkm/chatbot/main.go:29.69,33.2 3 1
core_project/apps/umkm/chatbot/main.go:35.45,37.2 1 0
core_project/apps/umkm/chatbot/main.go:47.25,49.16 2 0
core_project/apps/umkm/chatbot/main.go:49.16,51.3 1 0
core_project/apps/umkm/chatbot/main.go:52.2,52.30 1 0
core_project/apps/umkm/chatbot/main.go:62.13,69.58 4 0
core_project/apps/umkm/chatbot/main.go:69.58,72.3 2 0
core_project/apps/umkm/chatbot/main.go:75.2,75.35 1 0
core_project/apps/umkm/chatbot/main.go:75.35,77.3 1 0
core_project/apps/umkm/chatbot/main.go:79.2,79.36 1 0
core_project/apps/umkm/chatbot/main.go:79.36,82.3 2 0
core_project/apps/umkm/chatbot/main.go:83.2,85.42 2 0
core_project/apps/umkm/chatbot/main.go:85.42,88.3 2 0
core_project/apps/umkm/chatbot/main.go:90.2,94.69 2 0
core_project/apps/umkm/chatbot/main.go:94.69,96.3 1 0
core_project/apps/umkm/chatbot/main.go:96.8,98.3 1 0
core_project/apps/umkm/chatbot/main.go:100.2,108.16 8 0
core_project/apps/umkm/chatbot/main.go:108.16,110.3 1 0
core_project/apps/umkm/chatbot/main.go:112.2,120.48 4 0
core_project/apps/umkm/chatbot/main.go:120.48,122.3 1 0
core_project/apps/umkm/chatbot/main.go:125.56,126.71 1 0
core_project/apps/umkm/chatbot/main.go:126.71,130.3 3 0
core_project/apps/umkm/chatbot/media_handlers.go:12.66,24.16 5 0
core_project/apps/umkm/chatbot/media_handlers.go:24.16,26.3 1 0
core_project/apps/umkm/chatbot/media_handlers.go:27.2,32.16 5 0
core_project/apps/umkm/chatbot/media_handlers.go:32.16,34.3 1 0
core_project/apps/umkm/chatbot/media_handlers.go:35.2,37.38 2 0
core_project/apps/umkm/chatbot/media_handlers.go:37.38,39.3 1 0
core_project/apps/umkm/chatbot/media_handlers.go:41.2,47.64 2 0
core_project/apps/umkm/chatbot/media_handlers.go:47.64,49.3 1 0
core_project/apps/umkm/chatbot/media_handlers.go:50.2,50.18 1 0
core_project/apps/umkm/chatbot/media_handlers.go:50.18,52.3 1 0
core_project/apps/umkm/chatbot/media_handlers.go:54.2,54.27 1 0
core_project/apps/umkm/chatbot/media_handlers.go:57.71,58.18 1 0
core_project/apps/umkm/chatbot/media_handlers.go:58.18,60.3 1 0
core_project/apps/umkm/chatbot/media_handlers.go:61.2,72.16 5 0
core_project/apps/umkm/chatbot/media_handlers.go:72.16,74.3 1 0
core_project/apps/umkm/chatbot/media_handlers.go:75.2,80.16 5 0
core_project/apps/umkm/chatbot/media_handlers.go:80.16,82.3 1 0
core_project/apps/umkm/chatbot/media_handlers.go:83.2,85.38 2 0
core_project/apps/umkm/chatbot/media_handlers.go:85.38,87.3 1 0
core_project/apps/umkm/chatbot/media_handlers.go:89.2,95.64 2 0
core_project/apps/umkm/chatbot/media_handlers.go:95.64,97.3 1 0
core_project/apps/umkm/chatbot/media_handlers.go:98.2,98.18 1 0
core_project/apps/umkm/chatbot/media_handlers.go:98.18,100.3 1 0
core_project/apps/umkm/chatbot/media_handlers.go:102.2,102.27 1 0
core_project/apps/umkm/chatbot/migrations.go:16.44,23.58 2 0
core_project/apps/umkm/chatbot/migrations.go:23.58,25.59 2 0
core_project/apps/umkm/chatbot/migrations.go:25.59,27.60 2 0
core_project/apps/umkm/chatbot/migrations.go:27.60,29.5 1 0
core_project/apps/umkm/chatbot/migrations.go:33.2,34.16 2 0
core_project/apps/umkm/chatbot/migrations.go:34.16,36.3 1 0
core_project/apps/umkm/chatbot/migrations.go:38.2,41.16 3 0
core_project/apps/umkm/chatbot/migrations.go:41.16,43.3 1 0
core_project/apps/umkm/chatbot/migrations.go:45.2,45.56 1 0
core_project/apps/umkm/chatbot/migrations.go:45.56,47.3 1 0
core_project/apps/umkm/chatbot/migrations.go:49.2,49.12 1 0
core_project/apps/umkm/chatbot/process_handlers.go:17.34,28.20 8 0
core_project/apps/umkm/chatbot/process_handlers.go:28.20,30.3 1 0
core_project/apps/umkm/chatbot/process_handlers.go:30.8,32.21 2 0
core_project/apps/umkm/chatbot/process_handlers.go:32.21,34.4 1 0
core_project/apps/umkm/chatbot/process_handlers.go:37.2,38.60 2 0
core_project/apps/umkm/chatbot/process_handlers.go:38.60,40.3 1 0
core_project/apps/umkm/chatbot/process_handlers.go:42.2,42.87 1 0
core_project/apps/umkm/chatbot/process_handlers.go:45.69,46.33 1 0
core_project/apps/umkm/chatbot/process_handlers.go:46.33,48.3 1 0
core_project/apps/umkm/chatbot/process_handlers.go:49.2,49.75 1 0
core_project/apps/umkm/chatbot/process_handlers.go:49.75,51.3 1 0
core_project/apps/umkm/chatbot/process_handlers.go:52.2,52.45 1 0
core_project/apps/umkm/chatbot/process_handlers.go:55.69,58.27 3 0
core_project/apps/umkm/chatbot/process_handlers.go:58.27,59.24 1 0
core_project/apps/umkm/chatbot/process_handlers.go:59.24,61.4 1 0
core_project/apps/umkm/chatbot/process_handlers.go:62.3,62.29 1 0
core_project/apps/umkm/chatbot/process_handlers.go:64.2,64.85 1 0
core_project/apps/umkm/chatbot/process_handlers.go:64.85,65.24 1 0
core_project/apps/umkm/chatbot/process_handlers.go:65.24,67.4 1 0
core_project/apps/umkm/chatbot/process_handlers.go:68.3,68.43 1 0
core_project/apps/umkm/chatbot/process_handlers.go:70.2,70.56 1 0
core_project/apps/umkm/chatbot/process_handlers.go:73.69,74.9 1 0
core_project/apps/umkm/chatbot/process_handlers.go:75.53,76.36 1 0
core_project/apps/umkm/chatbot/process_handlers.go:77.53,78.36 1 0
core_project/apps/umkm/chatbot/process_handlers.go:79.10,80.21 1 0
core_project/apps/umkm/chatbot/process_handlers.go:84.100,86.15 2 0
core_project/apps/umkm/chatbot/process_handlers.go:86.15,88.3 1 0
core_project/apps/umkm/chatbot/process_handlers.go:89.2,93.16 4 0
core_project/apps/umkm/chatbot/process_handlers.go:93.16,95.19 2 0
core_project/apps/umkm/chatbot/process_handlers.go:95.19,97.43 2 0
core_project/apps/umkm/chatbot/process_handlers.go:97.43,99.31 2 0
core_project/apps/umkm/chatbot/process_handlers.go:99.31,101.11 2 0
core_project/apps/umkm/chatbot/process_handlers.go:106.2,107.8 2 0
core_project/apps/umkm/chatbot/process_handlers.go:110.93,111.15 1 0
core_project/apps/umkm/chatbot/process_handlers.go:111.15,114.3 2 0
core_project/apps/umkm/chatbot/process_handlers.go:115.2,116.16 2 0
core_project/apps/umkm/chatbot/process_handlers.go:116.16,120.3 3 0
core_project/apps/umkm/chatbot/process_handlers.go:121.2,121.29 1 0
core_project/apps/umkm/chatbot/process_handlers.go:124.64,131.57 7 0
core_project/apps/umkm/chatbot/process_handlers.go:131.57,133.3 1 0
core_project/apps/umkm/chatbot/process_handlers.go:136.42,137.35 1 0
core_project/apps/umkm/chatbot/process_handlers.go:137.35,139.3 1 0
core_project/apps/umkm/chatbot/process_handlers.go:140.2,140.39 1 0
core_project/apps/umkm/chatbot/process_handlers.go:143.105,145.17 2 0
core_project/apps/umkm/chatbot/process_handlers.go:145.17,147.3 1 0
core_project/apps/umkm/chatbot/process_handlers.go:148.2,148.22 1 0
core_project/apps/umkm/chatbot/process_handlers.go:148.22,150.3 1 0
core_project/apps/umkm/chatbot/process_handlers.go:151.2,157.57 7 0
core_project/apps/umkm/chatbot/process_handlers.go:157.57,159.21 2 0
core_project/apps/umkm/chatbot/process_handlers.go:159.21,161.4 1 0
core_project/apps/umkm/chatbot/process_handlers.go:163.2,163.14 1 0
core_project/apps/umkm/chatbot/process_handlers.go:166.128,180.16 8 0
core_project/apps/umkm/chatbot/process_handlers.go:180.16,183.3 2 0
core_project/apps/umkm/chatbot/process_handlers.go:184.2,191.46 4 0
core_project/apps/umkm/chatbot/process_handlers.go:191.46,193.3 1 0
core_project/apps/umkm/chatbot/process_handlers.go:195.2,195.113 1 0
core_project/apps/umkm/chatbot/process_handlers.go:195.113,197.3 1 0
core_project/apps/umkm/chatbot/process_handlers.go:198.2,199.49 2 0
core_project/apps/umkm/chatbot/process_handlers.go:202.75,209.57 7 0
core_project/apps/umkm/chatbot/process_handlers.go:209.57,211.21 2 0
core_project/apps/umkm/chatbot/process_handlers.go:211.21,213.4 1 0
core_project/apps/umkm/chatbot/prompt_handlers.go:19.118,22.16 2 0
core_project/apps/umkm/chatbot/prompt_handlers.go:22.16,24.3 1 0
core_project/apps/umkm/chatbot/prompt_handlers.go:26.2,34.21 7 0
core_project/apps/umkm/chatbot/prompt_handlers.go:37.55,38.14 1 0
core_project/apps/umkm/chatbot/prompt_handlers.go:39.18,40.567 1 0
core_project/apps/umkm/chatbot/prompt_handlers.go:41.24,42.401 1 0
core_project/apps/umkm/chatbot/prompt_handlers.go:43.32,44.204 1 0
core_project/apps/umkm/chatbot/prompt_handlers.go:45.10,46.67 1 0
core_project/apps/umkm/chatbot/prompt_handlers.go:50.71,51.47 1 0
core_project/apps/umkm/chatbot/prompt_handlers.go:51.47,53.3 1 0
core_project/apps/umkm/chatbot/prompt_handlers.go:54.2,55.16 2 0
core_project/apps/umkm/chatbot/prompt_handlers.go:55.16,57.3 1 0
core_project/apps/umkm/chatbot/prompt_handlers.go:58.2,58.15 1 0
core_project/apps/umkm/chatbot/prompt_handlers.go:61.39,62.14 1 0
core_project/apps/umkm/chatbot/prompt_handlers.go:63.12,64.32 1 0
core_project/apps/umkm/chatbot/prompt_handlers.go:65.12,66.42 1 0
core_project/apps/umkm/chatbot/prompt_handlers.go:68.2,68.11 1 0
core_project/apps/umkm/chatbot/prompt_handlers.go:71.35,72.14 1 0
core_project/apps/umkm/chatbot/prompt_handlers.go:73.16,74.49 1 0
core_project/apps/umkm/chatbot/prompt_handlers.go:75.16,76.43 1 0
core_project/apps/umkm/chatbot/prompt_handlers.go:77.22,78.50 1 0
core_project/apps/umkm/chatbot/prompt_handlers.go:79.18,80.56 1 0
core_project/apps/umkm/chatbot/prompt_handlers.go:82.2,82.11 1 0
core_project/apps/umkm/chatbot/prompt_handlers.go:85.79,86.24 1 0
core_project/apps/umkm/chatbot/prompt_handlers.go:86.24,88.3 1 0
core_project/apps/umkm/chatbot/prompt_handlers.go:89.2,92.16 4 0
core_project/apps/umkm/chatbot/prompt_handlers.go:92.16,94.3 1 0
core_project/apps/umkm/chatbot/prompt_handlers.go:95.2,97.95 3 0
core_project/apps/umkm/chatbot/prompt_handlers.go:100.78,104.16 4 0
core_project/apps/umkm/chatbot/prompt_handlers.go:104.16,106.3 1 0
core_project/apps/umkm/chatbot/prompt_handlers.go:107.2,109.161 3 0
core_project/apps/umkm/chatbot/prompt_handlers.go:112.74,113.15 1 0
core_project/apps/umkm/chatbot/prompt_handlers.go:113.15,115.3 1 0
core_project/apps/umkm/chatbot/prompt_handlers.go:116.2,117.16 2 0
core_project/apps/umkm/chatbot/prompt_handlers.go:117.16,119.3 1 0
core_project/apps/umkm/chatbot/prompt_handlers.go:120.2,123.18 4 0
core_project/apps/umkm/chatbot/prompt_handlers.go:123.18,125.31 2 0
core_project/apps/umkm/chatbot/prompt_handlers.go:125.31,128.4 2 0
core_project/apps/umkm/chatbot/prompt_handlers.go:130.2,130.13 1 0
core_project/apps/umkm/chatbot/prompt_handlers.go:130.13,132.3 1 0
core_project/apps/umkm/chatbot/prompt_handlers.go:133.2,133.15 1 0
core_project/apps/umkm/chatbot/prompt_handlers.go:136.32,163.2 1 0
core_project/apps/umkm/chatbot/prompt_handlers.go:165.97,167.9 2 0
core_project/apps/umkm/chatbot/prompt_handlers.go:168.124,169.41 1 0
core_project/apps/umkm/chatbot/prompt_handlers.go:169.41,171.4 1 0
core_project/apps/umkm/chatbot/prompt_handlers.go:172.3,172.94 1 0
core_project/apps/umkm/chatbot/prompt_handlers.go:174.118,175.87 1 0
core_project/apps/umkm/chatbot/prompt_handlers.go:177.161,178.41 1 0
core_project/apps/umkm/chatbot/prompt_handlers.go:178.41,180.4 1 0
core_project/apps/umkm/chatbot/prompt_handlers.go:181.3,181.91 1 0
core_project/apps/umkm/chatbot/prompt_handlers.go:183.2,183.15 1 0
core_project/apps/umkm/chatbot/prompt_handlers.go:186.28,190.2 3 0
core_project/apps/umkm/chatbot/prompt_handlers.go:192.85,197.16 5 0
core_project/apps/umkm/chatbot/prompt_handlers.go:197.16,199.3 1 0
core_project/apps/umkm/chatbot/prompt_handlers.go:200.2,202.77 3 0
core_project/apps/umkm/chatbot/prompt_handlers.go:205.36,206.14 1 0
core_project/apps/umkm/chatbot/prompt_handlers.go:207.35,208.21 1 0
core_project/apps/umkm/chatbot/prompt_handlers.go:209.28,210.20 1 0
core_project/apps/umkm/chatbot/prompt_handlers.go:211.32,212.34 1 0
core_project/apps/umkm/chatbot/prompt_handlers.go:214.2,214.13 1 0
core_project/apps/umkm/chatbot/prompt_handlers.go:217.86,218.81 1 0
core_project/apps/umkm/chatbot/prompt_handlers.go:218.81,220.3 1 0
core_project/apps/umkm/chatbot/prompt_handlers.go:221.2,221.70 1 0
core_project/apps/umkm/chatbot/prompt_handlers.go:221.70,223.3 1 0
core_project/apps/umkm/chatbot/prompt_handlers.go:224.2,224.74 1 0
core_project/apps/umkm/chatbot/prompt_handlers.go:224.74,226.3 1 0
core_project/apps/umkm/chatbot/prompt_handlers.go:227.2,227.15 1 0
core_project/apps/umkm/chatbot/prompt_handlers.go:230.84,231.53 1 0
core_project/apps/umkm/chatbot/prompt_handlers.go:231.53,233.3 1 0
core_project/apps/umkm/chatbot/prompt_handlers.go:234.2,236.12 2 0
core_project/apps/umkm/chatbot/prompt_handlers.go:236.12,237.16 1 0
core_project/apps/umkm/chatbot/prompt_handlers.go:237.16,239.4 1 0
core_project/apps/umkm/chatbot/prompt_handlers.go:240.3,241.27 2 0
core_project/apps/umkm/chatbot/prompt_handlers.go:241.27,243.4 1 0
core_project/apps/umkm/chatbot/prompt_handlers.go:244.3,244.36 1 0
core_project/apps/umkm/chatbot/prompt_handlers.go:244.36,246.4 1 0
core_project/apps/umkm/chatbot/prompt_handlers.go:248.2,248.13 1 0
core_project/apps/umkm/chatbot/prompt_handlers.go:251.50,253.15 2 0
core_project/apps/umkm/chatbot/prompt_handlers.go:253.15,255.3 1 0
core_project/apps/umkm/chatbot/prompt_handlers.go:256.2,257.44 2 0
core_project/apps/umkm/chatbot/prompt_handlers.go:257.44,259.3 1 0
core_project/apps/umkm/chatbot/prompt_handlers.go:260.2,260.12 1 0
core_project/apps/umkm/chatbot/prompt_handlers.go:263.71,266.17 3 0
core_project/apps/umkm/chatbot/prompt_handlers.go:266.17,268.19 2 0
core_project/apps/umkm/chatbot/prompt_handlers.go:268.19,270.32 2 0
core_project/apps/umkm/chatbot/prompt_handlers.go:270.32,272.5 1 0
core_project/apps/umkm/chatbot/prompt_handlers.go:275.2,275.26 1 0
core_project/apps/umkm/chatbot/prompt_handlers.go:275.26,277.160 2 0
core_project/apps/umkm/chatbot/prompt_handlers.go:277.160,279.4 1 0
core_project/apps/umkm/chatbot/prompt_handlers.go:281.2,281.19 1 0
core_project/apps/umkm/chatbot/prompt_handlers.go:284.81,292.2 7 0
core_project/apps/umkm/chatbot/prompt_handlers.go:294.44,296.2 1 0
core_project/apps/umkm/chatbot/prompt_handlers.go:298.79,300.15 2 0
core_project/apps/umkm/chatbot/prompt_handlers.go:300.15,302.3 1 0
core_project/apps/umkm/chatbot/prompt_handlers.go:303.2,305.15 3 0
core_project/apps/umkm/chatbot/prompt_handlers.go:305.15,307.3 1 0
core_project/apps/umkm/chatbot/prompt_handlers.go:308.2,316.54 7 0
core_project/apps/umkm/chatbot/prompt_handlers.go:316.54,318.3 1 0
core_project/apps/umkm/chatbot/prompt_handlers.go:319.2,319.76 1 0
core_project/apps/umkm/chatbot/prompt_handlers.go:322.83,324.69 2 0
core_project/apps/umkm/chatbot/prompt_handlers.go:324.69,326.3 1 0
core_project/apps/umkm/chatbot/prompt_handlers.go:327.2,329.15 3 0
core_project/apps/umkm/chatbot/prompt_handlers.go:329.15,331.3 1 0
core_project/apps/umkm/chatbot/prompt_handlers.go:332.2,340.54 7 0
core_project/apps/umkm/chatbot/prompt_handlers.go:340.54,342.3 1 0
core_project/apps/umkm/chatbot/prompt_handlers.go:343.2,343.74 1 0
core_project/apps/umkm/chatbot/prompt_handlers.go:346.59,347.52 1 0
core_project/apps/umkm/chatbot/prompt_handlers.go:347.52,349.3 1 0
core_project/apps/umkm/chatbot/prompt_handlers.go:350.2,350.38 1 0
core_project/apps/umkm/chatbot/webhook_handlers.go:13.62,14.33 1 0
core_project/apps/umkm/chatbot/webhook_handlers.go:14.33,17.3 2 0
core_project/apps/umkm/chatbot/webhook_handlers.go:20.2,21.16 2 0
core_project/apps/umkm/chatbot/webhook_handlers.go:21.16,24.3 2 0
core_project/apps/umkm/chatbot/webhook_handlers.go:25.2,38.84 6 0
core_project/apps/umkm/chatbot/webhook_handlers.go:38.84,41.3 2 0
core_project/apps/umkm/chatbot/webhook_handlers.go:41.8,46.3 3 0
core_project/apps/umkm/chatbot/webhook_handlers.go:48.2,59.16 7 0
core_project/apps/umkm/chatbot/webhook_handlers.go:59.16,61.22 2 0
core_project/apps/umkm/chatbot/webhook_handlers.go:61.22,63.4 1 0
core_project/apps/umkm/chatbot/webhook_handlers.go:63.9,65.4 1 0
core_project/apps/umkm/chatbot/webhook_handlers.go:66.8,68.3 1 0
core_project/apps/umkm/chatbot/worker_handlers.go:25.38,26.34 1 0
core_project/apps/umkm/chatbot/worker_handlers.go:26.34,28.3 1 0
core_project/apps/umkm/chatbot/worker_handlers.go:29.2,29.57 1 0
core_project/apps/umkm/chatbot/worker_handlers.go:32.31,35.6 3 0
core_project/apps/umkm/chatbot/worker_handlers.go:35.6,37.17 2 0
core_project/apps/umkm/chatbot/worker_handlers.go:37.17,39.12 2 0
core_project/apps/umkm/chatbot/worker_handlers.go:41.3,42.34 2 0
core_project/apps/umkm/chatbot/worker_handlers.go:46.75,47.22 1 0
core_project/apps/umkm/chatbot/worker_handlers.go:47.22,49.3 1 0
core_project/apps/umkm/chatbot/worker_handlers.go:50.2,56.52 5 0
core_project/apps/umkm/chatbot/worker_handlers.go:56.52,58.3 1 0
core_project/apps/umkm/chatbot/worker_handlers.go:58.8,60.3 1 0
core_project/apps/umkm/chatbot/worker_handlers.go:61.2,61.26 1 0
core_project/apps/umkm/chatbot/worker_handlers.go:66.67,67.19 1 0
core_project/apps/umkm/chatbot/worker_handlers.go:67.19,69.3 1 0
core_project/apps/umkm/chatbot/worker_handlers.go:70.2,71.61 2 0
core_project/apps/umkm/chatbot/worker_handlers.go:71.61,75.3 3 0
core_project/apps/umkm/chatbot/worker_handlers.go:76.2,77.43 2 0
core_project/apps/umkm/chatbot/worker_handlers.go:81.76,86.12 4 0
core_project/apps/umkm/chatbot/worker_handlers.go:86.12,89.3 2 0
core_project/apps/umkm/chatbot/worker_handlers.go:91.2,91.9 1 0
core_project/apps/umkm/chatbot/worker_handlers.go:92.14,93.87 1 0
core_project/apps/umkm/chatbot/worker_handlers.go:94.23,97.53 2 0
core_project/apps/umkm/chatbot/worker_handlers.go:97.53,99.4 1 0
core_project/apps/umkm/tests/mocks/mock_ai_gateway.go:59.40,64.2 1 0
core_project/apps/umkm/tests/mocks/mock_ai_gateway.go:67.58,71.2 3 0
core_project/apps/umkm/tests/mocks/mock_ai_gateway.go:74.59,78.2 3 0
core_project/apps/umkm/tests/mocks/mock_ai_gateway.go:81.46,86.2 4 0
core_project/apps/umkm/tests/mocks/mock_ai_gateway.go:89.38,94.2 4 0
core_project/apps/umkm/tests/mocks/mock_ai_gateway.go:97.51,101.2 3 0
core_project/apps/umkm/tests/mocks/mock_ai_gateway.go:104.50,108.2 3 0
core_project/apps/umkm/tests/mocks/mock_ai_gateway.go:111.33,118.2 6 0
core_project/apps/umkm/tests/mocks/mock_ai_gateway.go:126.52,127.54 1 0
core_project/apps/umkm/tests/mocks/mock_ai_gateway.go:127.54,133.20 4 0
core_project/apps/umkm/tests/mocks/mock_ai_gateway.go:133.20,140.57 5 0
core_project/apps/umkm/tests/mocks/mock_ai_gateway.go:140.57,147.5 3 0
core_project/apps/umkm/tests/mocks/mock_ai_gateway.go:151.3,151.20 1 0
core_project/apps/umkm/tests/mocks/mock_ai_gateway.go:151.20,154.4 2 0
core_project/apps/umkm/tests/mocks/mock_ai_gateway.go:157.2,160.21 3 0
core_project/apps/umkm/tests/mocks/mock_ai_gateway.go:161.43,164.37 3 0
core_project/apps/umkm/tests/mocks/mock_ai_gateway.go:166.25,169.38 3 0
core_project/apps/umkm/tests/mocks/mock_ai_gateway.go:171.11,172.23 1 0
core_project/apps/umkm/tests/mocks/mock_ai_gateway.go:178.51,180.2 1 0
core_project/apps/umkm/tests/mocks/mock_ai_gateway.go:188.76,193.19 4 0
core_project/apps/umkm/tests/mocks/mock_ai_gateway.go:193.19,195.3 1 0
core_project/apps/umkm/tests/mocks/mock_ai_gateway.go:198.2,198.19 1 0
core_project/apps/umkm/tests/mocks/mock_ai_gateway.go:198.19,204.56 5 0
core_project/apps/umkm/tests/mocks/mock_ai_gateway.go:204.56,211.4 3 0
core_project/apps/umkm/tests/mocks/mock_ai_gateway.go:215.2,216.20 2 0
core_project/apps/umkm/tests/mocks/mock_ai_gateway.go:217.42,218.28 1 0
core_project/apps/umkm/tests/mocks/mock_ai_gateway.go:219.24,220.29 1 0
core_project/apps/umkm/tests/mocks/mock_ai_gateway.go:221.10,222.37 1 0
core_project/apps/umkm/tests/mocks/mock_ai_gateway.go:225.2,229.8 1 0
core_project/apps/umkm/tests/mocks/mock_db.go:41.26,45.2 1 1
core_project/apps/umkm/tests/mocks/mock_db.go:52.83,55.29 3 1
core_project/apps/umkm/tests/mocks/mock_db.go:55.29,56.28 1 1
core_project/apps/umkm/tests/mocks/mock_db.go:56.28,58.4 1 1
core_project/apps/umkm/tests/mocks/mock_db.go:59.3,59.29 1 1
core_project/apps/umkm/tests/mocks/mock_db.go:59.29,61.4 1 1
core_project/apps/umkm/tests/mocks/mock_db.go:63.2,63.66 1 1
core_project/apps/umkm/tests/mocks/mock_db.go:67.64,70.28 3 1
core_project/apps/umkm/tests/mocks/mock_db.go:70.28,71.29 1 1
core_project/apps/umkm/tests/mocks/mock_db.go:71.29,73.4 1 1
core_project/apps/umkm/tests/mocks/mock_db.go:75.2,75.63 1 1
core_project/apps/umkm/tests/mocks/mock_db.go:79.90,82.29 3 1
core_project/apps/umkm/tests/mocks/mock_db.go:82.29,83.28 1 1
core_project/apps/umkm/tests/mocks/mock_db.go:83.28,85.4 1 1
core_project/apps/umkm/tests/mocks/mock_db.go:87.2,87.84 1 1
core_project/apps/umkm/tests/mocks/mock_db.go:91.62,94.27 3 1
core_project/apps/umkm/tests/mocks/mock_db.go:94.27,95.29 1 1
core_project/apps/umkm/tests/mocks/mock_db.go:95.29,97.4 1 1
core_project/apps/umkm/tests/mocks/mock_db.go:99.2,99.60 1 1
core_project/apps/umkm/tests/mocks/mock_db.go:103.89,106.32 3 1
core_project/apps/umkm/tests/mocks/mock_db.go:106.32,107.28 1 1
core_project/apps/umkm/tests/mocks/mock_db.go:107.28,109.4 1 1
core_project/apps/umkm/tests/mocks/mock_db.go:111.2,111.89 1 1
core_project/apps/umkm/tests/mocks/mock_db.go:115.75,118.25 3 1
core_project/apps/umkm/tests/mocks/mock_db.go:118.25,119.28 1 1
core_project/apps/umkm/tests/mocks/mock_db.go:119.28,121.4 1 1
core_project/apps/umkm/tests/mocks/mock_db.go:123.2,123.68 1 1
core_project/apps/umkm/tests/mocks/mock_db.go:127.87,130.31 3 1
core_project/apps/umkm/tests/mocks/mock_db.go:130.31,131.28 1 1
core_project/apps/umkm/tests/mocks/mock_db.go:131.28,133.4 1 1
core_project/apps/umkm/tests/mocks/mock_db.go:135.2,135.86 1 1
core_project/apps/umkm/tests/mocks/mock_db.go:139.76,143.2 3 1
core_project/apps/umkm/tests/mocks/mock_db.go:151.81,156.9 4 1
core_project/apps/umkm/tests/mocks/mock_db.go:156.9,158.3 1 0
core_project/apps/umkm/tests/mocks/mock_db.go:160.2,161.27 2 1
core_project/apps/umkm/tests/mocks/mock_db.go:161.27,162.66 1 1
core_project/apps/umkm/tests/mocks/mock_db.go:162.66,164.4 1 1
core_project/apps/umkm/tests/mocks/mock_db.go:166.2,166.15 1 1
core_project/apps/umkm/tests/mocks/mock_db.go:170.105,175.9 4 1
core_project/apps/umkm/tests/mocks/mock_db.go:175.9,177.3 1 0
core_project/apps/umkm/tests/mocks/mock_db.go:179.2,180.27 2 1
core_project/apps/umkm/tests/mocks/mock_db.go:180.27,181.95 1 1
core_project/apps/umkm/tests/mocks/mock_db.go:181.95,183.4 1 1
core_project/apps/umkm/tests/mocks/mock_db.go:185.2,185.15 1 1
core_project/apps/umkm/tests/mocks/mock_db.go:189.42,193.2 3 1
core_project/apps/umkm/tests/mocks/mock_db.go:197.69,201.20 4 1
core_project/apps/umkm/tests/mocks/mock_db.go:201.20,203.3 1 0
core_project/apps/umkm/tests/mocks/mock_db.go:204.2,204.26 1 1
core_project/apps/umkm/tests/mocks/mock_db.go:212.67,215.30 3 1
core_project/apps/umkm/tests/mocks/mock_db.go:215.30,217.3 1 1
core_project/apps/umkm/tests/mocks/mock_db.go:218.2,219.48 2 1
core_project/apps/umkm/tests/mocks/mock_db.go:223.80,228.27 4 1
core_project/apps/umkm/tests/mocks/mock_db.go:228.27,229.57 1 1
core_project/apps/umkm/tests/mocks/mock_db.go:229.57,230.30 1 1
core_project/apps/umkm/tests/mocks/mock_db.go:230.30,232.5 1 1
core_project/apps/umkm/tests/mocks/mock_db.go:233.4,235.15 3 1
core_project/apps/umkm/tests/mocks/mock_db.go:238.2,238.14 1 1
core_project/apps/umkm/tests/mocks/mock_db.go:242.48,247.27 4 1
core_project/apps/umkm/tests/mocks/mock_db.go:247.27,248.57 1 1
core_project/apps/umkm/tests/mocks/mock_db.go:248.57,251.4 2 1
core_project/apps/umkm/tests/mocks/mock_db.go:253.2,253.14 1 1
core_project/apps/umkm/tests/mocks/mock_db.go:261.39,266.2 4 1
core_project/apps/umkm/tests/mocks/mock_db.go:269.31,274.2 4 1
core_project/apps/umkm/tests/mocks/mock_db.go:281.26,288.2 6 1
core_project/apps/umkm/tests/mocks/mock_db.go:291.40,295.2 3 0
core_project/apps/umkm/tests/mocks/mock_db.go:310.59,312.2 1 1
core_project/apps/umkm/tests/mocks/mock_db.go:315.32,318.29 3 1
core_project/apps/umkm/tests/mocks/mock_db.go:318.29,321.3 2 1
core_project/apps/umkm/tests/mocks/mock_db.go:322.2,322.14 1 1
core_project/apps/umkm/tests/mocks/mock_db.go:327.52,331.47 3 1
core_project/apps/umkm/tests/mocks/mock_db.go:331.47,333.3 1 0
core_project/apps/umkm/tests/mocks/mock_db.go:335.2,336.25 2 1
core_project/apps/umkm/tests/mocks/mock_db.go:336.25,337.24 1 1
core_project/apps/umkm/tests/mocks/mock_db.go:338.16,339.44 1 1
core_project/apps/umkm/tests/mocks/mock_db.go:339.44,341.5 1 1
core_project/apps/umkm/tests/mocks/mock_db.go:342.15,343.43 1 0
core_project/apps/umkm/tests/mocks/mock_db.go:343.43,345.5 1 0
core_project/apps/umkm/tests/mocks/mock_db.go:346.13,347.41 1 0
core_project/apps/umkm/tests/mocks/mock_db.go:347.41,349.5 1 0
core_project/apps/umkm/tests/mocks/mock_db.go:352.2,352.12 1 1
core_project/apps/umkm/tests/mocks/mock_db.go:356.34,361.2 4 1
core_project/apps/umkm/tests/mocks/mock_db.go:364.32,366.2 1 1
core_project/apps/umkm/tests/mocks/mock_db.go:374.58,376.2 1 1
core_project/apps/umkm/tests/mocks/mock_redis.go:58.32,63.2 1 0
core_project/apps/umkm/tests/mocks/mock_redis.go:70.61,75.26 4 0
core_project/apps/umkm/tests/mocks/mock_redis.go:76.14,77.14 1 0
core_project/apps/umkm/tests/mocks/mock_redis.go:78.14,79.22 1 0
core_project/apps/umkm/tests/mocks/mock_redis.go:80.10,82.22 2 0
core_project/apps/umkm/tests/mocks/mock_redis.go:85.2,88.30 2 0
core_project/apps/umkm/tests/mocks/mock_redis.go:88.30,92.3 3 0
core_project/apps/umkm/tests/mocks/mock_redis.go:97.55,102.21 4 0
core_project/apps/umkm/tests/mocks/mock_redis.go:102.21,104.3 1 0
core_project/apps/umkm/tests/mocks/mock_redis.go:107.2,109.13 3 0
core_project/apps/umkm/tests/mocks/mock_redis.go:113.52,118.21 4 0
core_project/apps/umkm/tests/mocks/mock_redis.go:118.21,120.3 1 0
core_project/apps/umkm/tests/mocks/mock_redis.go:121.2,121.17 1 0
core_project/apps/umkm/tests/mocks/mock_redis.go:125.51,129.2 3 0
core_project/apps/umkm/tests/mocks/mock_redis.go:136.75,143.14 5 0
core_project/apps/umkm/tests/mocks/mock_redis.go:143.14,145.3 1 0
core_project/apps/umkm/tests/mocks/mock_redis.go:147.2,150.3 1 0
core_project/apps/umkm/tests/mocks/mock_redis.go:155.49,160.9 4 0
core_project/apps/umkm/tests/mocks/mock_redis.go:160.9,162.3 1 0
core_project/apps/umkm/tests/mocks/mock_redis.go:164.2,164.38 1 0
core_project/apps/umkm/tests/mocks/mock_redis.go:164.38,166.3 1 0
core_project/apps/umkm/tests/mocks/mock_redis.go:168.2,168.20 1 0
core_project/apps/umkm/tests/mocks/mock_redis.go:172.50,174.16 2 0
core_project/apps/umkm/tests/mocks/mock_redis.go:174.16,176.3 1 0
core_project/apps/umkm/tests/mocks/mock_redis.go:177.2,177.25 1 0
core_project/apps/umkm/tests/mocks/mock_redis.go:178.14,179.11 1 0
core_project/apps/umkm/tests/mocks/mock_redis.go:180.10,181.32 1 0
core_project/apps/umkm/tests/mocks/mock_redis.go:186.40,190.2 3 0
core_project/apps/umkm/tests/mocks/mock_redis.go:193.45,195.2 1 0
core_project/apps/umkm/tests/mocks/mock_redis.go:202.44,207.9 4 0
core_project/apps/umkm/tests/mocks/mock_redis.go:207.9,213.3 2 0
core_project/apps/umkm/tests/mocks/mock_redis.go:215.2,216.33 2 0
core_project/apps/umkm/tests/mocks/mock_redis.go:217.13,218.14 1 0
core_project/apps/umkm/tests/mocks/mock_redis.go:219.11,220.21 1 0
core_project/apps/umkm/tests/mocks/mock_redis.go:222.2,227.16 3 0
core_project/apps/umkm/tests/mocks/mock_redis.go:231.50,236.9 4 0
core_project/apps/umkm/tests/mocks/mock_redis.go:236.9,238.3 1 0
core_project/apps/umkm/tests/mocks/mock_redis.go:240.2,240.33 1 0
core_project/apps/umkm/tests/mocks/mock_redis.go:241.13,242.11 1 0
core_project/apps/umkm/tests/mocks/mock_redis.go:243.11,244.18 1 0
core_project/apps/umkm/tests/mocks/mock_redis.go:246.2,246.10 1 0
core_project/apps/umkm/tests/mocks/mock_redis.go:254.63,256.2 1 0
core_project/apps/umkm/tests/mocks/mock_redis.go:263.29,269.2 5 0
core_project/apps/umkm/tests/mocks/mock_redis.go:272.45,276.2 3 0
core_project/apps/umkm/tests/mocks/mock_wa_gateway.go:64.40,68.2 1 0
core_project/apps/umkm/tests/mocks/mock_wa_gateway.go:71.58,75.2 3 0
core_project/apps/umkm/tests/mocks/mock_wa_gateway.go:78.46,83.2 4 0
core_project/apps/umkm/tests/mocks/mock_wa_gateway.go:86.38,91.2 4 0
core_project/apps/umkm/tests/mocks/mock_wa_gateway.go:94.57,98.2 3 0
core_project/apps/umkm/tests/mocks/mock_wa_gateway.go:101.50,105.2 3 0
core_project/apps/umkm/tests/mocks/mock_wa_gateway.go:108.33,116.2 7 0
core_project/apps/umkm/tests/mocks/mock_wa_gateway.go:123.52,124.54 1 0
core_project/apps/umkm/tests/mocks/mock_wa_gateway.go:124.54,131.20 5 0
core_project/apps/umkm/tests/mocks/mock_wa_gateway.go:131.20,135.4 3 0
core_project/apps/umkm/tests/mocks/mock_wa_gateway.go:138.3,138.20 1 0
core_project/apps/umkm/tests/mocks/mock_wa_gateway.go:138.20,141.4 2 0
core_project/apps/umkm/tests/mocks/mock_wa_gateway.go:144.3,144.21 1 0
core_project/apps/umkm/tests/mocks/mock_wa_gateway.go:145.23,163.37 8 0
core_project/apps/umkm/tests/mocks/mock_wa_gateway.go:165.11,166.23 1 0
core_project/apps/umkm/tests/mocks/mock_wa_gateway.go:172.51,174.2 1 0
core_project/apps/umkm/tests/mocks/mock_wa_gateway.go:181.76,186.19 4 0
core_project/apps/umkm/tests/mocks/mock_wa_gateway.go:186.19,188.3 1 0
core_project/apps/umkm/tests/mocks/mock_wa_gateway.go:190.2,191.34 2 0
core_project/apps/umkm/tests/mocks/mock_wa_gateway.go:191.34,193.3 1 0
core_project/apps/umkm/tests/mocks/mock_wa_gateway.go:193.8,195.3 1 0
core_project/apps/umkm/tests/mocks/mock_wa_gateway.go:197.2,201.8 1 0
core_project/apps/umkm/tests/mocks/mock_wa_gateway.go:209.62,212.37 3 0
core_project/apps/umkm/tests/mocks/mock_wa_gateway.go:212.37,213.25 1 0
core_project/apps/umkm/tests/mocks/mock_wa_gateway.go:213.25,215.4 1 0
core_project/apps/umkm/tests/mocks/mock_wa_gateway.go:217.2,217.14 1 0
core_project/apps/umkm/tests/mocks/mock_wa_gateway.go:221.67,224.48 3 0
core_project/apps/umkm/tests/mocks/mock_wa_gateway.go:224.48,225.39 1 0
core_project/apps/umkm/tests/mocks/mock_wa_gateway.go:225.39,227.4 1 0
core_project/apps/umkm/tests/mocks/mock_wa_gateway.go:229.2,229.12 1 0
core_project/scripts/revenue_simulation/main.go:14.13,26.42 9 0
core_project/scripts/revenue_simulation/main.go:26.42,29.3 2 0
core_project/scripts/revenue_simulation/main.go:30.2,41.17 6 0
core_project/scripts/revenue_simulation/main.go:41.17,44.3 2 0
core_project/scripts/revenue_simulation/main.go:45.2,60.16 9 0
core_project/scripts/revenue_simulation/main.go:60.16,63.3 2 0
core_project/scripts/revenue_simulation/main.go:65.2,102.74 20 0
core_project/scripts/loadtest/main.go:11.13,28.35 12 0
core_project/scripts/loadtest/main.go:28.35,30.13 2 0
core_project/scripts/loadtest/main.go:30.13,33.43 3 0
core_project/scripts/loadtest/main.go:33.43,39.19 5 0
core_project/scripts/loadtest/main.go:39.19,43.14 4 0
core_project/scripts/loadtest/main.go:46.5,49.31 3 0
core_project/scripts/loadtest/main.go:49.31,51.6 1 0
core_project/scripts/loadtest/main.go:51.11,53.6 1 0
core_project/scripts/loadtest/main.go:54.5,54.16 1 0
core_project/scripts/loadtest/main.go:59.2,68.74 9 0
core_project/apps/umkm/accounting/account_handlers.go:12.57,13.33 1 0
core_project/apps/umkm/accounting/account_handlers.go:13.33,16.3 2 0
core_project/apps/umkm/accounting/account_handlers.go:17.2,18.20 2 0
core_project/apps/umkm/accounting/account_handlers.go:18.20,21.3 2 0
core_project/apps/umkm/accounting/account_handlers.go:23.2,37.31 3 0
core_project/apps/umkm/accounting/account_handlers.go:37.31,42.17 2 0
core_project/apps/umkm/accounting/account_handlers.go:42.17,44.4 1 0
core_project/apps/umkm/accounting/account_handlers.go:46.2,46.89 1 0
core_project/apps/umkm/accounting/account_handlers.go:49.61,51.20 2 1
core_project/apps/umkm/accounting/account_handlers.go:51.20,54.3 2 1
core_project/apps/umkm/accounting/account_handlers.go:56.2,56.18 1 0
core_project/apps/umkm/accounting/account_handlers.go:57.22,58.31 1 0
core_project/apps/umkm/accounting/account_handlers.go:59.23,60.32 1 0
core_project/apps/umkm/accounting/account_handlers.go:61.25,62.32 1 0
core_project/apps/umkm/accounting/account_handlers.go:63.10,64.93 1 0
core_project/apps/umkm/accounting/account_handlers.go:68.76,70.16 2 0
core_project/apps/umkm/accounting/account_handlers.go:70.16,73.3 2 0
core_project/apps/umkm/accounting/account_handlers.go:74.2,77.18 3 0
core_project/apps/umkm/accounting/account_handlers.go:77.18,79.60 2 0
core_project/apps/umkm/accounting/account_handlers.go:79.60,83.4 1 0
core_project/apps/umkm/accounting/account_handlers.go:85.2,85.72 1 0
core_project/apps/umkm/accounting/account_handlers.go:88.77,90.61 2 0
core_project/apps/umkm/accounting/account_handlers.go:90.61,93.3 2 0
core_project/apps/umkm/accounting/account_handlers.go:95.2,96.24 2 0
core_project/apps/umkm/accounting/account_handlers.go:96.24,98.3 1 0
core_project/apps/umkm/accounting/account_handlers.go:100.2,105.16 3 0
core_project/apps/umkm/accounting/account_handlers.go:105.16,108.3 2 0
core_project/apps/umkm/accounting/account_handlers.go:109.2,109.92 1 0
core_project/apps/umkm/accounting/account_handlers.go:112.77,114.17 2 0
core_project/apps/umkm/accounting/account_handlers.go:114.17,117.3 2 0
core_project/apps/umkm/accounting/account_handlers.go:119.2,121.32 3 0
core_project/apps/umkm/accounting/account_handlers.go:121.32,124.3 2 0
core_project/apps/umkm/accounting/account_handlers.go:126.2,128.29 3 0
core_project/apps/umkm/accounting/account_handlers.go:128.29,131.3 2 0
core_project/apps/umkm/accounting/account_handlers.go:133.2,134.16 2 0
core_project/apps/umkm/accounting/account_handlers.go:134.16,137.3 2 0
core_project/apps/umkm/accounting/account_handlers.go:138.2,138.85 1 0
core_project/apps/umkm/accounting/admin_handlers.go:17.65,18.18 1 0
core_project/apps/umkm/accounting/admin_handlers.go:19.23,20.26 1 0
core_project/apps/umkm/accounting/admin_handlers.go:21.25,22.26 1 0
core_project/apps/umkm/accounting/admin_handlers.go:23.22,24.26 1 0
core_project/apps/umkm/accounting/admin_handlers.go:25.22,26.25 1 0
core_project/apps/umkm/accounting/admin_handlers.go:27.10,28.93 1 0
core_project/apps/umkm/accounting/admin_handlers.go:32.64,34.27 2 0
core_project/apps/umkm/accounting/admin_handlers.go:34.27,37.3 2 0
core_project/apps/umkm/accounting/admin_handlers.go:39.2,41.16 3 0
core_project/apps/umkm/accounting/admin_handlers.go:41.16,45.3 3 0
core_project/apps/umkm/accounting/admin_handlers.go:46.2,49.16 3 0
core_project/apps/umkm/accounting/admin_handlers.go:49.16,53.3 3 0
core_project/apps/umkm/accounting/admin_handlers.go:55.2,56.16 2 0
core_project/apps/umkm/accounting/admin_handlers.go:56.16,60.3 3 0
core_project/apps/umkm/accounting/admin_handlers.go:62.2,63.84 2 0
core_project/apps/umkm/accounting/admin_handlers.go:66.64,67.15 1 0
core_project/apps/umkm/accounting/admin_handlers.go:67.15,70.3 2 0
core_project/apps/umkm/accounting/admin_handlers.go:71.2,79.77 2 0
core_project/apps/umkm/accounting/admin_handlers.go:79.77,82.3 2 0
core_project/apps/umkm/accounting/admin_handlers.go:84.2,86.16 3 0
core_project/apps/umkm/accounting/admin_handlers.go:86.16,89.3 2 0
core_project/apps/umkm/accounting/admin_handlers.go:90.2,93.16 3 0
core_project/apps/umkm/accounting/admin_handlers.go:93.16,96.3 2 0
core_project/apps/umkm/accounting/admin_handlers.go:98.2,99.16 2 0
core_project/apps/umkm/accounting/admin_handlers.go:99.16,102.3 2 0
core_project/apps/umkm/accounting/admin_handlers.go:104.2,105.84 2 0
core_project/apps/umkm/accounting/admin_handlers.go:108.63,109.15 1 0
core_project/apps/umkm/accounting/admin_handlers.go:109.15,112.3 2 0
core_project/apps/umkm/accounting/admin_handlers.go:114.2,124.16 2 0
core_project/apps/umkm/accounting/admin_handlers.go:124.16,127.3 2 0
core_project/apps/umkm/accounting/admin_handlers.go:128.2,131.18 3 0
core_project/apps/umkm/accounting/admin_handlers.go:131.18,134.93 3 0
core_project/apps/umkm/accounting/admin_handlers.go:134.93,144.4 1 0
core_project/apps/umkm/accounting/admin_handlers.go:146.2,146.71 1 0
core_project/apps/umkm/accounting/admin_handlers.go:149.64,150.15 1 0
core_project/apps/umkm/accounting/admin_handlers.go:150.15,153.3 2 0
core_project/apps/umkm/accounting/admin_handlers.go:155.2,166.61 2 0
core_project/apps/umkm/accounting/admin_handlers.go:166.61,169.3 2 0
core_project/apps/umkm/accounting/admin_handlers.go:171.2,171.86 1 0
core_project/apps/umkm/accounting/admin_handlers.go:171.86,174.3 2 0
core_project/apps/umkm/accounting/admin_handlers.go:175.2,175.20 1 0
core_project/apps/umkm/accounting/admin_handlers.go:175.20,177.3 1 0
core_project/apps/umkm/accounting/admin_handlers.go:179.2,181.16 3 0
core_project/apps/umkm/accounting/admin_handlers.go:181.16,184.3 2 0
core_project/apps/umkm/accounting/admin_handlers.go:185.2,189.16 4 0
core_project/apps/umkm/accounting/admin_handlers.go:189.16,192.3 2 0
core_project/apps/umkm/accounting/admin_handlers.go:194.2,195.20 2 0
core_project/apps/umkm/accounting/admin_handlers.go:195.20,197.3 1 0
core_project/apps/umkm/accounting/admin_handlers.go:198.2,200.16 3 0
core_project/apps/umkm/accounting/admin_handlers.go:200.16,203.3 2 0
core_project/apps/umkm/accounting/admin_handlers.go:205.2,208.16 3 0
core_project/apps/umkm/accounting/admin_handlers.go:208.16,211.3 2 0
core_project/apps/umkm/accounting/admin_handlers.go:213.2,215.107 3 0
core_project/apps/umkm/accounting/admin_handlers.go:218.77,229.31 2 0
core_project/apps/umkm/accounting/admin_handlers.go:229.31,232.17 2 0
core_project/apps/umkm/accounting/admin_handlers.go:232.17,234.4 1 0
core_project/apps/umkm/accounting/automation_handlers.go:15.75,16.15 1 0
core_project/apps/umkm/accounting/automation_handlers.go:16.15,19.3 2 0
core_project/apps/umkm/accounting/automation_handlers.go:21.2,27.16 2 0
core_project/apps/umkm/accounting/automation_handlers.go:27.16,30.3 2 0
core_project/apps/umkm/accounting/automation_handlers.go:31.2,36.18 4 0
core_project/apps/umkm/accounting/automation_handlers.go:36.18,39.112 3 0
core_project/apps/umkm/accounting/automation_handlers.go:39.112,40.37 1 0
core_project/apps/umkm/accounting/automation_handlers.go:40.37,52.5 3 0
core_project/apps/umkm/accounting/automation_handlers.go:55.2,55.68 1 0
core_project/apps/umkm/accounting/automation_handlers.go:58.78,59.33 1 0
core_project/apps/umkm/accounting/automation_handlers.go:59.33,62.3 2 0
core_project/apps/umkm/accounting/automation_handlers.go:63.2,63.15 1 0
core_project/apps/umkm/accounting/automation_handlers.go:63.15,66.3 2 0
core_project/apps/umkm/accounting/automation_handlers.go:68.2,73.61 2 0
core_project/apps/umkm/accounting/automation_handlers.go:73.61,76.3 2 0
core_project/apps/umkm/accounting/automation_handlers.go:78.2,83.19 5 0
core_project/apps/umkm/accounting/automation_handlers.go:83.19,86.3 2 0
core_project/apps/umkm/accounting/automation_handlers.go:88.2,98.4 2 0
core_project/apps/umkm/accounting/automation_handlers.go:101.125,102.13 1 0
core_project/apps/umkm/accounting/automation_handlers.go:103.22,104.51 1 0
core_project/apps/umkm/accounting/automation_handlers.go:105.23,106.57 1 0
core_project/apps/umkm/accounting/automation_handlers.go:107.24,108.58 1 0
core_project/apps/umkm/accounting/automation_handlers.go:109.25,110.67 1 0
core_project/apps/umkm/accounting/automation_handlers.go:111.10,112.12 1 0
core_project/apps/umkm/accounting/automation_handlers.go:116.78,130.2 5 0
core_project/apps/umkm/accounting/automation_handlers.go:132.101,147.2 6 0
core_project/apps/umkm/accounting/automation_handlers.go:149.102,164.2 5 0
core_project/apps/umkm/accounting/automation_handlers.go:166.94,170.23 4 0
core_project/apps/umkm/accounting/automation_handlers.go:170.23,173.36 3 0
core_project/apps/umkm/accounting/automation_handlers.go:173.36,174.33 1 0
core_project/apps/umkm/accounting/automation_handlers.go:174.33,176.5 1 0
core_project/apps/umkm/accounting/automation_handlers.go:180.2,181.16 2 0
core_project/apps/umkm/accounting/automation_handlers.go:181.16,183.3 1 0
core_project/apps/umkm/accounting/automation_handlers.go:184.2,187.18 3 0
core_project/apps/umkm/accounting/automation_handlers.go:187.18,190.39 3 0
core_project/apps/umkm/accounting/automation_handlers.go:190.39,192.4 1 0
core_project/apps/umkm/accounting/automation_handlers.go:194.2,194.20 1 0
core_project/apps/umkm/accounting/automation_handlers.go:194.20,197.3 1 0
core_project/apps/umkm/accounting/automation_handlers.go:198.2,198.146 1 0
core_project/apps/umkm/accounting/automation_helpers.go:10.42,11.14 1 1
core_project/apps/umkm/accounting/automation_helpers.go:12.14,13.11 1 1
core_project/apps/umkm/accounting/automation_helpers.go:14.13,15.12 1 1
core_project/apps/umkm/accounting/automation_helpers.go:16.46,17.13 1 1
core_project/apps/umkm/accounting/automation_helpers.go:18.10,19.11 1 1
core_project/apps/umkm/accounting/automation_helpers.go:23.58,25.20 2 1
core_project/apps/umkm/accounting/automation_helpers.go:25.20,27.3 1 0
core_project/apps/umkm/accounting/automation_helpers.go:28.2,38.36 6 1
core_project/apps/umkm/accounting/automation_helpers.go:41.49,42.18 1 1
core_project/apps/umkm/accounting/automation_helpers.go:42.18,44.3 1 1
core_project/apps/umkm/accounting/automation_helpers.go:45.2,45.36 1 1
core_project/apps/umkm/accounting/automation_helpers.go:45.36,47.3 1 1
core_project/apps/umkm/accounting/automation_helpers.go:48.2,48.49 1 1
core_project/apps/umkm/accounting/automation_helpers.go:48.49,49.34 1 1
core_project/apps/umkm/accounting/automation_helpers.go:49.34,50.33 1 1
core_project/apps/umkm/accounting/automation_helpers.go:50.33,52.5 1 1
core_project/apps/umkm/accounting/automation_helpers.go:53.4,53.12 1 1
core_project/apps/umkm/accounting/automation_helpers.go:55.3,56.31 2 1
core_project/apps/umkm/accounting/automation_helpers.go:56.31,58.4 1 1
core_project/apps/umkm/accounting/automation_helpers.go:60.2,60.14 1 1
core_project/apps/umkm/accounting/automation_helpers.go:63.48,65.29 2 1
core_project/apps/umkm/accounting/automation_helpers.go:65.29,67.3 1 0
core_project/apps/umkm/accounting/automation_helpers.go:68.2,68.24 1 1
core_project/apps/umkm/accounting/automation_helpers.go:71.48,73.26 2 1
core_project/apps/umkm/accounting/automation_helpers.go:73.26,75.3 1 0
core_project/apps/umkm/accounting/automation_helpers.go:76.2,78.68 3 1
core_project/apps/umkm/accounting/automation_helpers.go:81.40,83.17 2 1
core_project/apps/umkm/accounting/automation_helpers.go:83.17,85.3 1 1
core_project/apps/umkm/accounting/automation_helpers.go:86.2,87.22 2 1
core_project/apps/umkm/accounting/automation_helpers.go:87.22,88.33 1 1
core_project/apps/umkm/accounting/automation_helpers.go:88.33,90.4 1 1
core_project/apps/umkm/accounting/automation_helpers.go:91.3,91.35 1 1
core_project/apps/umkm/accounting/automation_helpers.go:93.2,93.23 1 1
core_project/apps/umkm/accounting/balance_handlers.go:19.65,23.34 3 0
core_project/apps/umkm/accounting/balance_handlers.go:23.34,26.3 2 0
core_project/apps/umkm/accounting/balance_handlers.go:28.2,28.15 1 0
core_project/apps/umkm/accounting/balance_handlers.go:28.15,31.3 2 0
core_project/apps/umkm/accounting/balance_handlers.go:33.2,42.16 3 0
core_project/apps/umkm/accounting/balance_handlers.go:42.16,45.3 2 0
core_project/apps/umkm/accounting/balance_handlers.go:46.2,59.4 3 0
core_project/apps/umkm/accounting/balance_handlers.go:62.83,65.18 3 0
core_project/apps/umkm/accounting/balance_handlers.go:65.18,68.58 3 0
core_project/apps/umkm/accounting/balance_handlers.go:68.58,69.45 1 0
core_project/apps/umkm/accounting/balance_handlers.go:69.45,71.27 2 0
core_project/apps/umkm/accounting/balance_handlers.go:71.27,73.6 1 0
core_project/apps/umkm/accounting/balance_handlers.go:73.11,75.6 1 0
core_project/apps/umkm/accounting/balance_handlers.go:76.10,78.5 1 0
core_project/apps/umkm/accounting/balance_handlers.go:79.4,79.92 1 0
core_project/apps/umkm/accounting/balance_handlers.go:82.2,82.45 1 0
core_project/apps/umkm/accounting/balance_handlers.go:85.61,90.46 4 0
core_project/apps/umkm/accounting/balance_handlers.go:90.46,93.3 2 0
core_project/apps/umkm/accounting/balance_handlers.go:95.2,95.15 1 0
core_project/apps/umkm/accounting/balance_handlers.go:95.15,98.3 2 0
core_project/apps/umkm/accounting/balance_handlers.go:100.2,121.4 6 0
core_project/apps/umkm/accounting/balance_handlers.go:124.106,134.16 3 0
core_project/apps/umkm/accounting/balance_handlers.go:134.16,136.3 1 0
core_project/apps/umkm/accounting/balance_handlers.go:137.2,141.18 4 0
core_project/apps/umkm/accounting/balance_handlers.go:141.18,145.68 4 0
core_project/apps/umkm/accounting/balance_handlers.go:145.68,149.4 3 0
core_project/apps/umkm/accounting/balance_handlers.go:151.2,151.43 1 0
core_project/apps/umkm/accounting/balance_handlers.go:160.127,174.16 6 0
core_project/apps/umkm/accounting/balance_handlers.go:174.16,176.3 1 0
core_project/apps/umkm/accounting/balance_handlers.go:177.2,179.18 2 0
core_project/apps/umkm/accounting/balance_handlers.go:179.18,183.98 4 0
core_project/apps/umkm/accounting/balance_handlers.go:183.98,199.4 6 0
core_project/apps/umkm/accounting/balance_handlers.go:201.2,201.40 1 0
core_project/apps/umkm/accounting/balance_handlers.go:204.102,205.17 1 0
core_project/apps/umkm/accounting/balance_handlers.go:205.17,207.3 1 0
core_project/apps/umkm/accounting/balance_handlers.go:208.2,208.9 1 0
core_project/apps/umkm/accounting/balance_handlers.go:209.75,210.19 1 0
core_project/apps/umkm/accounting/balance_handlers.go:211.68,212.19 1 0
core_project/apps/umkm/accounting/balance_handlers.go:213.10,214.19 1 0
core_project/apps/umkm/accounting/balance_handlers.go:218.71,228.2 3 0
core_project/apps/umkm/accounting/balance_handlers.go:230.61,232.20 2 0
core_project/apps/umkm/accounting/balance_handlers.go:232.20,235.3 2 0
core_project/apps/umkm/accounting/balance_handlers.go:237.2,237.18 1 0
core_project/apps/umkm/accounting/balance_handlers.go:238.22,239.31 1 0
core_project/apps/umkm/accounting/balance_handlers.go:240.23,241.32 1 0
core_project/apps/umkm/accounting/balance_handlers.go:242.10,243.93 1 0
core_project/apps/umkm/accounting/balance_handlers.go:247.76,258.28 5 0
core_project/apps/umkm/accounting/balance_handlers.go:258.28,261.3 2 0
core_project/apps/umkm/accounting/balance_handlers.go:262.2,265.16 3 0
core_project/apps/umkm/accounting/balance_handlers.go:265.16,268.3 2 0
core_project/apps/umkm/accounting/balance_handlers.go:269.2,273.18 4 0
core_project/apps/umkm/accounting/balance_handlers.go:273.18,277.73 4 0
core_project/apps/umkm/accounting/balance_handlers.go:277.73,280.4 2 0
core_project/apps/umkm/accounting/balance_handlers.go:282.2,282.130 1 0
core_project/apps/umkm/accounting/balance_handlers.go:285.77,297.61 2 0
core_project/apps/umkm/accounting/balance_handlers.go:297.61,300.3 2 0
core_project/apps/umkm/accounting/balance_handlers.go:302.2,302.69 1 0
core_project/apps/umkm/accounting/balance_handlers.go:302.69,305.3 2 0
core_project/apps/umkm/accounting/balance_handlers.go:307.2,309.16 3 0
core_project/apps/umkm/accounting/balance_handlers.go:309.16,312.3 2 0
core_project/apps/umkm/accounting/balance_handlers.go:313.2,317.16 4 0
core_project/apps/umkm/accounting/balance_handlers.go:317.16,320.3 2 0
core_project/apps/umkm/accounting/balance_handlers.go:321.2,322.16 2 0
core_project/apps/umkm/accounting/balance_handlers.go:322.16,325.3 2 0
core_project/apps/umkm/accounting/balance_handlers.go:327.2,332.16 4 0
core_project/apps/umkm/accounting/balance_handlers.go:332.16,335.3 2 0
core_project/apps/umkm/accounting/balance_handlers.go:337.2,338.16 2 0
core_project/apps/umkm/accounting/balance_handlers.go:338.16,341.3 2 0
core_project/apps/umkm/accounting/balance_handlers.go:342.2,343.16 2 0
core_project/apps/umkm/accounting/balance_handlers.go:343.16,346.3 2 0
core_project/apps/umkm/accounting/balance_handlers.go:348.2,349.126 2 0
core_project/apps/umkm/accounting/chatbot_handlers.go:13.74,15.20 2 0
core_project/apps/umkm/accounting/chatbot_handlers.go:15.20,18.3 2 0
core_project/apps/umkm/accounting/chatbot_handlers.go:20.2,28.16 2 0
core_project/apps/umkm/accounting/chatbot_handlers.go:28.16,31.3 2 0
core_project/apps/umkm/accounting/chatbot_handlers.go:32.2,34.18 2 0
core_project/apps/umkm/accounting/chatbot_handlers.go:34.18,37.3 2 0
core_project/apps/umkm/accounting/chatbot_handlers.go:39.2,52.16 5 0
core_project/apps/umkm/accounting/chatbot_handlers.go:52.16,55.3 2 0
core_project/apps/umkm/accounting/chatbot_handlers.go:56.2,59.22 3 0
core_project/apps/umkm/accounting/chatbot_handlers.go:59.22,61.3 1 0
core_project/apps/umkm/accounting/chatbot_handlers.go:62.2,62.20 1 0
core_project/apps/umkm/accounting/chatbot_handlers.go:62.20,64.3 1 0
core_project/apps/umkm/accounting/chatbot_handlers.go:65.2,65.21 1 0
core_project/apps/umkm/accounting/chatbot_handlers.go:65.21,67.3 1 0
core_project/apps/umkm/accounting/chatbot_handlers.go:68.2,68.23 1 0
core_project/apps/umkm/accounting/chatbot_handlers.go:68.23,70.3 1 0
core_project/apps/umkm/accounting/chatbot_handlers.go:71.2,73.68 2 0
core_project/apps/umkm/accounting/chatbot_handlers.go:76.70,77.33 1 0
core_project/apps/umkm/accounting/chatbot_handlers.go:77.33,80.3 2 0
core_project/apps/umkm/accounting/chatbot_handlers.go:81.2,82.20 2 0
core_project/apps/umkm/accounting/chatbot_handlers.go:82.20,85.3 2 0
core_project/apps/umkm/accounting/chatbot_handlers.go:87.2,90.62 2 0
core_project/apps/umkm/accounting/chatbot_handlers.go:90.62,93.3 2 0
core_project/apps/umkm/accounting/chatbot_handlers.go:94.2,94.43 1 0
core_project/apps/umkm/accounting/chatbot_handlers.go:94.43,97.3 2 0
core_project/apps/umkm/accounting/chatbot_handlers.go:99.2,100.16 2 0
core_project/apps/umkm/accounting/chatbot_handlers.go:100.16,103.3 2 0
core_project/apps/umkm/accounting/chatbot_handlers.go:106.2,111.27 4 0
core_project/apps/umkm/accounting/chatbot_handlers.go:111.27,112.45 1 0
core_project/apps/umkm/accounting/chatbot_handlers.go:112.45,113.55 1 0
core_project/apps/umkm/accounting/chatbot_handlers.go:113.55,115.10 2 0
core_project/apps/umkm/accounting/chatbot_handlers.go:122.2,133.16 7 0
core_project/apps/umkm/accounting/chatbot_handlers.go:133.16,136.3 2 0
core_project/apps/umkm/accounting/chatbot_handlers.go:137.2,143.21 4 0
core_project/apps/umkm/accounting/chatbot_handlers.go:143.21,146.3 2 0
core_project/apps/umkm/accounting/chatbot_handlers.go:148.2,155.4 1 0
core_project/apps/umkm/accounting/chatbot_helpers.go:11.94,27.16 3 0
core_project/apps/umkm/accounting/chatbot_helpers.go:27.16,29.3 1 0
core_project/apps/umkm/accounting/chatbot_helpers.go:30.2,32.18 2 0
core_project/apps/umkm/accounting/chatbot_helpers.go:32.18,34.3 1 0
core_project/apps/umkm/accounting/chatbot_helpers.go:36.2,49.16 5 0
core_project/apps/umkm/accounting/chatbot_helpers.go:49.16,51.3 1 0
core_project/apps/umkm/accounting/chatbot_helpers.go:52.2,54.22 3 0
core_project/apps/umkm/accounting/chatbot_helpers.go:54.22,56.3 1 0
core_project/apps/umkm/accounting/chatbot_helpers.go:57.2,57.20 1 0
core_project/apps/umkm/accounting/chatbot_helpers.go:57.20,59.3 1 0
core_project/apps/umkm/accounting/chatbot_helpers.go:60.2,60.21 1 0
core_project/apps/umkm/accounting/chatbot_helpers.go:60.21,62.3 1 0
core_project/apps/umkm/accounting/chatbot_helpers.go:63.2,63.23 1 0
core_project/apps/umkm/accounting/chatbot_helpers.go:63.23,65.3 1 0
core_project/apps/umkm/accounting/chatbot_helpers.go:66.2,67.18 2 0
core_project/apps/umkm/accounting/chatbot_helpers.go:70.53,71.54 1 1
core_project/apps/umkm/accounting/chatbot_helpers.go:71.54,73.3 1 1
core_project/apps/umkm/accounting/chatbot_helpers.go:74.2,74.51 1 1
core_project/apps/umkm/accounting/chatbot_helpers.go:74.51,76.3 1 0
core_project/apps/umkm/accounting/chatbot_helpers.go:77.2,77.57 1 1
core_project/apps/umkm/accounting/chatbot_helpers.go:77.57,79.3 1 0
core_project/apps/umkm/accounting/chatbot_helpers.go:80.2,80.44 1 1
core_project/apps/umkm/accounting/chatbot_helpers.go:83.59,84.152 1 1
core_project/apps/umkm/accounting/chatbot_helpers.go:84.152,86.3 1 1
core_project/apps/umkm/accounting/chatbot_helpers.go:87.2,87.46 1 1
core_project/apps/umkm/accounting/chatbot_helpers.go:87.46,89.3 1 1
core_project/apps/umkm/accounting/chatbot_helpers.go:90.2,90.11 1 1
core_project/apps/umkm/accounting/chatbot_helpers.go:93.56,94.114 1 1
core_project/apps/umkm/accounting/chatbot_helpers.go:94.114,96.3 1 0
core_project/apps/umkm/accounting/chatbot_helpers.go:97.2,97.44 1 1
core_project/apps/umkm/accounting/chatbot_helpers.go:97.44,99.3 1 0
core_project/apps/umkm/accounting/chatbot_helpers.go:100.2,100.44 1 1
core_project/apps/umkm/accounting/chatbot_helpers.go:100.44,102.3 1 0
core_project/apps/umkm/accounting/chatbot_helpers.go:103.2,103.59 1 1
core_project/apps/umkm/accounting/chatbot_helpers.go:103.59,105.3 1 0
core_project/apps/umkm/accounting/chatbot_helpers.go:106.2,106.11 1 1
core_project/apps/umkm/accounting/chatbot_helpers.go:109.62,110.37 1 1
core_project/apps/umkm/accounting/chatbot_helpers.go:110.37,112.3 1 0
core_project/apps/umkm/accounting/chatbot_helpers.go:113.2,113.66 1 1
core_project/apps/umkm/accounting/chatbot_helpers.go:113.66,115.3 1 0
core_project/apps/umkm/accounting/chatbot_helpers.go:116.2,116.80 1 1
core_project/apps/umkm/accounting/chatbot_helpers.go:116.80,118.3 1 0
core_project/apps/umkm/accounting/chatbot_helpers.go:119.2,119.59 1 1
core_project/apps/umkm/accounting/chatbot_helpers.go:119.59,121.3 1 0
core_project/apps/umkm/accounting/chatbot_helpers.go:122.2,122.11 1 1
core_project/apps/umkm/accounting/chatbot_helpers.go:125.64,127.46 1 1
core_project/apps/umkm/accounting/chatbot_helpers.go:127.46,129.3 1 0
core_project/apps/umkm/accounting/chatbot_helpers.go:130.2,130.35 1 1
core_project/apps/umkm/accounting/chatbot_helpers.go:130.35,131.21 1 1
core_project/apps/umkm/accounting/chatbot_helpers.go:131.21,133.4 1 0
core_project/apps/umkm/accounting/chatbot_helpers.go:135.2,135.33 1 1
core_project/apps/umkm/accounting/chatbot_helpers.go:135.33,137.3 1 0
core_project/apps/umkm/accounting/chatbot_helpers.go:138.2,138.11 1 1
core_project/apps/umkm/accounting/chatbot_helpers.go:141.87,142.19 1 0
core_project/apps/umkm/accounting/chatbot_helpers.go:142.19,144.3 1 0
core_project/apps/umkm/accounting/chatbot_helpers.go:146.2,147.26 2 0
core_project/apps/umkm/accounting/chatbot_helpers.go:147.26,149.3 1 0
core_project/apps/umkm/accounting/chatbot_helpers.go:150.2,151.18 2 0
core_project/apps/umkm/accounting/chatbot_helpers.go:152.16,153.51 1 0
core_project/apps/umkm/accounting/chatbot_helpers.go:154.16,155.45 1 0
core_project/apps/umkm/accounting/chatbot_helpers.go:156.22,157.52 1 0
core_project/apps/umkm/accounting/chatbot_helpers.go:158.18,159.58 1 0
core_project/apps/umkm/accounting/chatbot_helpers.go:162.2,165.47 2 0
core_project/apps/umkm/accounting/chatbot_helpers.go:165.47,167.3 1 0
core_project/apps/umkm/accounting/chatbot_helpers.go:170.2,170.62 1 0
core_project/apps/umkm/accounting/chatbot_helpers.go:170.62,175.3 1 0
core_project/apps/umkm/accounting/chatbot_helpers.go:177.2,177.13 1 0
core_project/apps/umkm/accounting/chatbot_helpers.go:180.39,181.13 1 0
core_project/apps/umkm/accounting/chatbot_helpers.go:181.13,183.3 1 0
core_project/apps/umkm/accounting/chatbot_helpers.go:184.2,184.10 1 0
core_project/apps/umkm/accounting/chatbot_wa_config_handlers.go:10.66,12.20 2 0
core_project/apps/umkm/accounting/chatbot_wa_config_handlers.go:12.20,15.3 2 0
core_project/apps/umkm/accounting/chatbot_wa_config_handlers.go:17.2,17.18 1 0
core_project/apps/umkm/accounting/chatbot_wa_config_handlers.go:18.22,19.35 1 0
core_project/apps/umkm/accounting/chatbot_wa_config_handlers.go:20.22,21.38 1 0
core_project/apps/umkm/accounting/chatbot_wa_config_handlers.go:22.10,23.93 1 0
core_project/apps/umkm/accounting/chatbot_wa_config_handlers.go:27.80,29.16 2 0
core_project/apps/umkm/accounting/chatbot_wa_config_handlers.go:29.16,32.3 2 0
core_project/apps/umkm/accounting/chatbot_wa_config_handlers.go:33.2,33.68 1 0
core_project/apps/umkm/accounting/chatbot_wa_config_handlers.go:36.83,38.16 2 0
core_project/apps/umkm/accounting/chatbot_wa_config_handlers.go:38.16,41.3 2 0
core_project/apps/umkm/accounting/chatbot_wa_config_handlers.go:43.2,44.62 2 0
core_project/apps/umkm/accounting/chatbot_wa_config_handlers.go:44.62,47.3 2 0
core_project/apps/umkm/accounting/chatbot_wa_config_handlers.go:49.2,51.54 2 0
core_project/apps/umkm/accounting/chatbot_wa_config_handlers.go:51.54,54.3 2 0
core_project/apps/umkm/accounting/chatbot_wa_config_handlers.go:56.2,56.21 1 0
core_project/apps/umkm/accounting/chatbot_wa_config_handlers.go:56.21,57.83 1 0
core_project/apps/umkm/accounting/chatbot_wa_config_handlers.go:57.83,60.4 2 0
core_project/apps/umkm/accounting/chatbot_wa_config_handlers.go:63.2,63.74 1 0
core_project/apps/umkm/accounting/chatbot_wa_config_handlers.go:63.74,66.3 2 0
core_project/apps/umkm/accounting/chatbot_wa_config_handlers.go:68.2,74.4 2 0
core_project/apps/umkm/accounting/chatbot_wa_config_handlers.go:77.37,78.17 1 0
core_project/apps/umkm/accounting/chatbot_wa_config_handlers.go:78.17,80.3 1 0
core_project/apps/umkm/accounting/chatbot_wa_config_handlers.go:83.69,97.27 14 0
core_project/apps/umkm/accounting/chatbot_wa_config_handlers.go:97.27,99.3 1 0
core_project/apps/umkm/accounting/chatbot_wa_config_handlers.go:100.2,100.25 1 0
core_project/apps/umkm/accounting/chatbot_wa_config_handlers.go:100.25,102.3 1 0
core_project/apps/umkm/accounting/chatbot_wa_config_handlers.go:103.2,103.34 1 0
core_project/apps/umkm/accounting/chatbot_wa_config_handlers.go:103.34,105.3 1 0
core_project/apps/umkm/accounting/chatbot_wa_config_handlers.go:106.2,106.40 1 0
core_project/apps/umkm/accounting/chatbot_wa_config_handlers.go:106.40,108.3 1 0
core_project/apps/umkm/accounting/chatbot_wa_config_handlers.go:109.2,109.23 1 0
core_project/apps/umkm/accounting/chatbot_wa_config_handlers.go:109.23,111.3 1 0
core_project/apps/umkm/accounting/chatbot_wa_config_handlers.go:112.2,112.38 1 0
core_project/apps/umkm/accounting/chatbot_wa_config_handlers.go:112.38,114.3 1 0
core_project/apps/umkm/accounting/chatbot_wa_config_handlers.go:115.2,115.30 1 0
core_project/apps/umkm/accounting/chatbot_wa_config_handlers.go:115.30,117.3 1 0
core_project/apps/umkm/accounting/chatbot_wa_config_handlers.go:118.2,118.36 1 0
core_project/apps/umkm/accounting/chatbot_wa_config_handlers.go:118.36,120.3 1 0
core_project/apps/umkm/accounting/chatbot_wa_config_handlers.go:121.2,121.33 1 0
core_project/apps/umkm/accounting/chatbot_wa_config_handlers.go:121.33,123.3 1 0
core_project/apps/umkm/accounting/chatbot_wa_config_handlers.go:124.2,129.15 6 0
core_project/apps/umkm/accounting/chatbot_wa_config_handlers.go:132.88,158.2 5 0
core_project/apps/umkm/accounting/chatbot_wa_config_handlers.go:160.78,161.20 1 0
core_project/apps/umkm/accounting/chatbot_wa_config_handlers.go:162.19,163.86 1 0
core_project/apps/umkm/accounting/chatbot_wa_config_handlers.go:164.19,165.73 1 0
core_project/apps/umkm/accounting/chatbot_wa_config_handlers.go:169.71,170.32 1 0
core_project/apps/umkm/accounting/chatbot_wa_config_handlers.go:170.32,173.3 2 0
core_project/apps/umkm/accounting/chatbot_wa_config_handlers.go:174.2,175.20 2 0
core_project/apps/umkm/accounting/chatbot_wa_config_handlers.go:175.20,178.3 2 0
core_project/apps/umkm/accounting/chatbot_wa_config_handlers.go:180.2,182.16 3 0
core_project/apps/umkm/accounting/chatbot_wa_config_handlers.go:182.16,185.3 2 0
core_project/apps/umkm/accounting/chatbot_wa_config_handlers.go:187.2,202.4 4 0
core_project/apps/umkm/accounting/chatbot_wa_setup_handlers.go:21.60,23.20 2 0
core_project/apps/umkm/accounting/chatbot_wa_setup_handlers.go:23.20,26.4 2 0
core_project/apps/umkm/accounting/chatbot_wa_setup_handlers.go:27.3,31.26 4 0
core_project/apps/umkm/accounting/chatbot_wa_setup_handlers.go:31.26,33.3 1 0
core_project/apps/umkm/accounting/chatbot_wa_setup_handlers.go:35.2,41.18 4 0
core_project/apps/umkm/accounting/chatbot_wa_setup_handlers.go:42.19,44.39 2 0
core_project/apps/umkm/accounting/chatbot_wa_setup_handlers.go:45.20,46.40 1 0
core_project/apps/umkm/accounting/chatbot_wa_setup_handlers.go:47.10,48.42 1 0
core_project/apps/umkm/accounting/chatbot_wa_setup_handlers.go:51.2,58.17 4 0
core_project/apps/umkm/accounting/chatbot_wa_setup_handlers.go:58.17,60.3 1 0
core_project/apps/umkm/accounting/chatbot_wa_setup_handlers.go:62.2,76.4 5 0
core_project/apps/umkm/accounting/chatbot_wa_setup_handlers.go:79.62,81.20 2 0
core_project/apps/umkm/accounting/chatbot_wa_setup_handlers.go:81.20,84.3 2 0
core_project/apps/umkm/accounting/chatbot_wa_setup_handlers.go:86.2,90.62 2 0
core_project/apps/umkm/accounting/chatbot_wa_setup_handlers.go:90.62,93.3 2 0
core_project/apps/umkm/accounting/chatbot_wa_setup_handlers.go:95.2,95.116 1 0
core_project/apps/umkm/accounting/chatbot_wa_setup_handlers.go:95.116,98.3 2 0
core_project/apps/umkm/accounting/chatbot_wa_setup_handlers.go:100.2,102.34 2 0
core_project/apps/umkm/accounting/chatbot_wa_setup_handlers.go:102.34,107.16 5 0
core_project/apps/umkm/accounting/chatbot_wa_setup_handlers.go:107.16,110.4 2 0
core_project/apps/umkm/accounting/chatbot_wa_setup_handlers.go:112.2,118.16 2 0
core_project/apps/umkm/accounting/chatbot_wa_setup_handlers.go:118.16,121.3 2 0
core_project/apps/umkm/accounting/chatbot_wa_setup_handlers.go:123.2,129.4 1 0
core_project/apps/umkm/accounting/chatbot_wa_setup_handlers.go:133.73,135.20 2 0
core_project/apps/umkm/accounting/chatbot_wa_setup_handlers.go:135.20,138.3 2 0
core_project/apps/umkm/accounting/chatbot_wa_setup_handlers.go:139.2,141.18 2 0
core_project/apps/umkm/accounting/chatbot_wa_setup_handlers.go:142.22,143.50 1 0
core_project/apps/umkm/accounting/chatbot_wa_setup_handlers.go:145.23,146.54 1 0
core_project/apps/umkm/accounting/chatbot_wa_setup_handlers.go:150.97,169.16 3 0
core_project/apps/umkm/accounting/chatbot_wa_setup_handlers.go:169.16,172.3 2 0
core_project/apps/umkm/accounting/chatbot_wa_setup_handlers.go:173.2,173.69 1 0
core_project/apps/umkm/accounting/chatbot_wa_setup_handlers.go:176.115,183.62 2 0
core_project/apps/umkm/accounting/chatbot_wa_setup_handlers.go:183.62,186.3 2 0
core_project/apps/umkm/accounting/chatbot_wa_setup_handlers.go:187.2,189.56 3 0
core_project/apps/umkm/accounting/chatbot_wa_setup_handlers.go:189.56,192.3 2 0
core_project/apps/umkm/accounting/chatbot_wa_setup_handlers.go:193.2,193.28 1 0
core_project/apps/umkm/accounting/chatbot_wa_setup_handlers.go:193.28,195.3 1 0
core_project/apps/umkm/accounting/chatbot_wa_setup_handlers.go:198.2,199.16 2 0
core_project/apps/umkm/accounting/chatbot_wa_setup_handlers.go:199.16,202.3 2 0
core_project/apps/umkm/accounting/chatbot_wa_setup_handlers.go:204.2,216.16 2 0
core_project/apps/umkm/accounting/chatbot_wa_setup_handlers.go:216.16,219.3 2 0
core_project/apps/umkm/accounting/chatbot_wa_setup_handlers.go:221.2,221.107 1 0
core_project/apps/umkm/accounting/chatbot_wa_setup_handlers.go:224.128,226.90 2 0
core_project/apps/umkm/accounting/chatbot_wa_setup_handlers.go:226.90,228.3 1 0
core_project/apps/umkm/accounting/chatbot_wa_setup_handlers.go:229.2,241.16 8 0
core_project/apps/umkm/accounting/chatbot_wa_setup_handlers.go:241.16,243.41 2 0
core_project/apps/umkm/accounting/chatbot_wa_setup_handlers.go:243.41,245.4 1 0
core_project/apps/umkm/accounting/chatbot_wa_setup_handlers.go:245.9,247.4 1 0
core_project/apps/umkm/accounting/chatbot_wa_setup_handlers.go:250.2,250.38 1 0
core_project/apps/umkm/accounting/chatbot_wa_setup_handlers.go:250.38,252.3 1 0
core_project/apps/umkm/accounting/chatbot_wa_setup_handlers.go:252.8,254.3 1 0
core_project/apps/umkm/accounting/chatbot_wa_setup_handlers.go:256.2,257.28 2 0
core_project/apps/umkm/accounting/chatbot_wa_setup_handlers.go:258.18,259.62 1 0
core_project/apps/umkm/accounting/chatbot_wa_setup_handlers.go:260.15,261.90 1 0
core_project/apps/umkm/accounting/chatbot_wa_setup_handlers.go:262.10,263.45 1 0
core_project/apps/umkm/accounting/chatbot_wa_setup_handlers.go:265.2,265.75 1 0
core_project/apps/umkm/accounting/checkout_handlers.go:31.61,33.20 2 0
core_project/apps/umkm/accounting/checkout_handlers.go:33.20,36.3 2 0
core_project/apps/umkm/accounting/checkout_handlers.go:38.2,38.33 1 0
core_project/apps/umkm/accounting/checkout_handlers.go:38.33,43.62 2 0
core_project/apps/umkm/accounting/checkout_handlers.go:43.62,46.4 2 0
core_project/apps/umkm/accounting/checkout_handlers.go:48.3,48.26 1 0
core_project/apps/umkm/accounting/checkout_handlers.go:48.26,51.4 2 0
core_project/apps/umkm/accounting/checkout_handlers.go:53.3,54.76 2 0
core_project/apps/umkm/accounting/checkout_handlers.go:55.8,57.3 1 0
core_project/apps/umkm/accounting/checkout_handlers.go:60.130,63.16 3 0
core_project/apps/umkm/accounting/checkout_handlers.go:63.16,66.3 2 0
core_project/apps/umkm/accounting/checkout_handlers.go:68.2,68.77 1 0
core_project/apps/umkm/accounting/checkout_handlers.go:68.77,71.3 2 0
core_project/apps/umkm/accounting/checkout_handlers.go:73.2,74.29 2 0
core_project/apps/umkm/accounting/checkout_handlers.go:74.29,76.3 1 0
core_project/apps/umkm/accounting/checkout_handlers.go:77.2,79.53 2 0
core_project/apps/umkm/accounting/checkout_handlers.go:79.53,81.3 1 0
core_project/apps/umkm/accounting/checkout_handlers.go:83.2,90.29 6 0
core_project/apps/umkm/accounting/checkout_handlers.go:90.29,92.3 1 0
core_project/apps/umkm/accounting/checkout_handlers.go:94.2,96.16 2 0
core_project/apps/umkm/accounting/checkout_handlers.go:96.16,99.3 2 0
core_project/apps/umkm/accounting/checkout_handlers.go:101.2,101.29 1 0
core_project/apps/umkm/accounting/checkout_handlers.go:101.29,104.3 2 0
core_project/apps/umkm/accounting/checkout_handlers.go:106.2,114.4 1 0
core_project/apps/umkm/accounting/checkout_handlers.go:117.116,118.29 1 0
core_project/apps/umkm/accounting/checkout_handlers.go:118.29,121.17 3 0
core_project/apps/umkm/accounting/checkout_handlers.go:121.17,124.4 2 0
core_project/apps/umkm/accounting/checkout_handlers.go:125.3,125.35 1 0
core_project/apps/umkm/accounting/checkout_handlers.go:125.35,128.4 2 0
core_project/apps/umkm/accounting/checkout_handlers.go:129.3,129.30 1 0
core_project/apps/umkm/accounting/checkout_handlers.go:129.30,132.4 2 0
core_project/apps/umkm/accounting/checkout_handlers.go:134.2,134.13 1 0
core_project/apps/umkm/accounting/checkout_handlers.go:137.126,146.16 7 0
core_project/apps/umkm/accounting/checkout_handlers.go:146.16,150.3 3 0
core_project/apps/umkm/accounting/checkout_handlers.go:152.2,158.4 1 0
core_project/apps/umkm/accounting/checkout_handlers.go:161.96,163.16 2 0
core_project/apps/umkm/accounting/checkout_handlers.go:163.16,166.3 2 0
core_project/apps/umkm/accounting/checkout_handlers.go:167.2,173.16 4 0
core_project/apps/umkm/accounting/checkout_handlers.go:173.16,176.3 2 0
core_project/apps/umkm/accounting/checkout_handlers.go:178.2,181.16 2 0
core_project/apps/umkm/accounting/checkout_handlers.go:181.16,184.3 2 0
core_project/apps/umkm/accounting/checkout_handlers.go:186.2,189.16 2 0
core_project/apps/umkm/accounting/checkout_handlers.go:189.16,192.3 2 0
core_project/apps/umkm/accounting/checkout_handlers.go:194.2,194.36 1 0
core_project/apps/umkm/accounting/checkout_handlers.go:194.36,196.17 2 0
core_project/apps/umkm/accounting/checkout_handlers.go:196.17,199.4 2 0
core_project/apps/umkm/accounting/checkout_handlers.go:202.2,203.16 2 0
core_project/apps/umkm/accounting/checkout_handlers.go:203.16,206.3 2 0
core_project/apps/umkm/accounting/checkout_handlers.go:208.2,214.4 1 0
core_project/apps/umkm/accounting/clinic.go:22.42,24.2 1 1
core_project/apps/umkm/accounting/clinic.go:43.67,45.20 2 1
core_project/apps/umkm/accounting/clinic.go:45.20,48.3 2 1
core_project/apps/umkm/accounting/clinic.go:50.2,52.32 2 0
core_project/apps/umkm/accounting/clinic.go:52.32,59.27 3 0
core_project/apps/umkm/accounting/clinic.go:59.27,65.4 2 0
core_project/apps/umkm/accounting/clinic.go:65.9,65.24 1 0
core_project/apps/umkm/accounting/clinic.go:65.24,68.4 2 0
core_project/apps/umkm/accounting/clinic.go:70.3,71.9 2 0
core_project/apps/umkm/accounting/clinic.go:74.2,74.32 1 0
core_project/apps/umkm/accounting/clinic.go:74.32,76.62 2 0
core_project/apps/umkm/accounting/clinic.go:76.62,79.4 2 0
core_project/apps/umkm/accounting/clinic.go:81.3,81.67 1 0
core_project/apps/umkm/accounting/clinic.go:81.67,84.4 2 0
core_project/apps/umkm/accounting/clinic.go:86.3,96.17 2 0
core_project/apps/umkm/accounting/clinic.go:96.17,99.4 2 0
core_project/apps/umkm/accounting/clinic.go:101.3,102.9 2 0
core_project/apps/umkm/accounting/clinic.go:105.2,105.80 1 0
core_project/apps/umkm/accounting/clinic.go:108.63,109.33 1 1
core_project/apps/umkm/accounting/clinic.go:109.33,112.3 2 1
core_project/apps/umkm/accounting/clinic.go:114.2,115.20 2 1
core_project/apps/umkm/accounting/clinic.go:115.20,118.3 2 1
core_project/apps/umkm/accounting/clinic.go:120.2,121.61 2 1
core_project/apps/umkm/accounting/clinic.go:121.61,124.3 2 1
core_project/apps/umkm/accounting/clinic.go:126.2,134.39 4 0
core_project/apps/umkm/accounting/clinic.go:134.39,138.3 3 0
core_project/apps/umkm/accounting/clinic.go:140.2,146.26 4 0
core_project/apps/umkm/accounting/clinic.go:146.26,149.3 2 0
core_project/apps/umkm/accounting/clinic.go:149.8,149.23 1 0
core_project/apps/umkm/accounting/clinic.go:149.23,152.3 2 0
core_project/apps/umkm/accounting/clinic.go:154.2,158.16 4 0
core_project/apps/umkm/accounting/clinic.go:158.16,161.3 2 0
core_project/apps/umkm/accounting/clinic.go:162.2,164.31 2 0
core_project/apps/umkm/accounting/clinic.go:164.31,179.17 3 0
core_project/apps/umkm/accounting/clinic.go:179.17,182.4 2 0
core_project/apps/umkm/accounting/clinic.go:183.3,183.44 1 0
core_project/apps/umkm/accounting/clinic.go:184.8,185.29 1 0
core_project/apps/umkm/accounting/clinic.go:185.29,188.4 2 0
core_project/apps/umkm/accounting/clinic.go:189.3,190.45 2 0
core_project/apps/umkm/accounting/clinic.go:193.2,200.16 3 0
core_project/apps/umkm/accounting/clinic.go:200.16,204.3 3 0
core_project/apps/umkm/accounting/clinic.go:206.2,219.4 4 0
core_project/apps/umkm/accounting/clinic.go:222.65,223.32 1 0
core_project/apps/umkm/accounting/clinic.go:223.32,226.3 2 0
core_project/apps/umkm/accounting/clinic.go:228.2,229.20 2 0
core_project/apps/umkm/accounting/clinic.go:229.20,232.3 2 0
core_project/apps/umkm/accounting/clinic.go:234.2,235.61 2 0
core_project/apps/umkm/accounting/clinic.go:235.61,238.3 2 0
core_project/apps/umkm/accounting/clinic.go:240.2,248.16 3 0
core_project/apps/umkm/accounting/clinic.go:248.16,251.3 2 0
core_project/apps/umkm/accounting/clinic.go:253.2,254.15 2 0
core_project/apps/umkm/accounting/clinic.go:254.15,257.3 2 0
core_project/apps/umkm/accounting/clinic.go:259.2,264.63 2 0
core_project/apps/umkm/accounting/clinic.go:267.64,268.32 1 0
core_project/apps/umkm/accounting/clinic.go:268.32,271.3 2 0
core_project/apps/umkm/accounting/clinic.go:273.2,274.20 2 0
core_project/apps/umkm/accounting/clinic.go:274.20,277.3 2 0
core_project/apps/umkm/accounting/clinic.go:279.2,287.16 3 0
core_project/apps/umkm/accounting/clinic.go:287.16,290.3 2 0
core_project/apps/umkm/accounting/clinic.go:291.2,303.18 4 0
core_project/apps/umkm/accounting/clinic.go:303.18,307.3 3 0
core_project/apps/umkm/accounting/clinic.go:309.2,309.67 1 0
core_project/apps/umkm/accounting/clinic.go:312.63,313.32 1 0
core_project/apps/umkm/accounting/clinic.go:313.32,316.3 2 0
core_project/apps/umkm/accounting/clinic.go:318.2,319.20 2 0
core_project/apps/umkm/accounting/clinic.go:319.20,322.3 2 0
core_project/apps/umkm/accounting/clinic.go:324.2,328.61 3 0
core_project/apps/umkm/accounting/clinic.go:328.61,331.3 2 0
core_project/apps/umkm/accounting/clinic.go:333.2,335.16 3 0
core_project/apps/umkm/accounting/clinic.go:335.16,338.3 2 0
core_project/apps/umkm/accounting/clinic.go:339.2,351.16 4 0
core_project/apps/umkm/accounting/clinic.go:351.16,354.3 2 0
core_project/apps/umkm/accounting/clinic.go:356.2,357.15 2 0
core_project/apps/umkm/accounting/clinic.go:357.15,360.3 2 0
core_project/apps/umkm/accounting/clinic.go:362.2,369.61 3 0
core_project/apps/umkm/accounting/clinic_handlers.go:11.101,20.16 4 0
core_project/apps/umkm/accounting/clinic_handlers.go:20.16,22.3 1 0
core_project/apps/umkm/accounting/clinic_handlers.go:25.2,32.16 3 0
core_project/apps/umkm/accounting/clinic_handlers.go:32.16,34.3 1 0
core_project/apps/umkm/accounting/clinic_handlers.go:36.2,38.13 2 0
core_project/apps/umkm/accounting/clinic_handlers.go:38.13,40.3 1 0
core_project/apps/umkm/accounting/clinic_handlers.go:42.2,42.12 1 0
core_project/apps/umkm/accounting/clinic_middleware.go:16.64,17.54 1 1
core_project/apps/umkm/accounting/clinic_middleware.go:17.54,19.21 2 1
core_project/apps/umkm/accounting/clinic_middleware.go:19.21,22.4 2 1
core_project/apps/umkm/accounting/clinic_middleware.go:24.3,29.17 5 0
core_project/apps/umkm/accounting/clinic_middleware.go:29.17,33.4 3 0
core_project/apps/umkm/accounting/clinic_middleware.go:35.3,35.31 1 0
core_project/apps/umkm/accounting/clinic_middleware.go:35.31,39.4 3 0
core_project/apps/umkm/accounting/clinic_middleware.go:41.3,41.13 1 0
core_project/apps/umkm/accounting/clinic_modules.go:13.73,15.20 2 1
core_project/apps/umkm/accounting/clinic_modules.go:15.20,18.3 2 1
core_project/apps/umkm/accounting/clinic_modules.go:20.2,22.32 2 1
core_project/apps/umkm/accounting/clinic_modules.go:22.32,29.17 2 0
core_project/apps/umkm/accounting/clinic_modules.go:29.17,32.4 2 0
core_project/apps/umkm/accounting/clinic_modules.go:33.3,36.19 3 0
core_project/apps/umkm/accounting/clinic_modules.go:36.19,41.4 3 0
core_project/apps/umkm/accounting/clinic_modules.go:42.3,43.9 2 0
core_project/apps/umkm/accounting/clinic_modules.go:46.2,46.33 1 1
core_project/apps/umkm/accounting/clinic_modules.go:46.33,48.62 2 0
core_project/apps/umkm/accounting/clinic_modules.go:48.62,51.4 2 0
core_project/apps/umkm/accounting/clinic_modules.go:52.3,62.17 6 0
core_project/apps/umkm/accounting/clinic_modules.go:62.17,65.4 2 0
core_project/apps/umkm/accounting/clinic_modules.go:66.3,67.9 2 0
core_project/apps/umkm/accounting/clinic_modules.go:70.2,70.80 1 1
core_project/apps/umkm/accounting/clinic_modules.go:74.66,76.20 2 1
core_project/apps/umkm/accounting/clinic_modules.go:76.20,79.3 2 1
core_project/apps/umkm/accounting/clinic_modules.go:81.2,83.32 2 0
core_project/apps/umkm/accounting/clinic_modules.go:83.32,89.17 2 0
core_project/apps/umkm/accounting/clinic_modules.go:89.17,92.4 2 0
core_project/apps/umkm/accounting/clinic_modules.go:93.3,96.19 3 0
core_project/apps/umkm/accounting/clinic_modules.go:96.19,101.4 3 0
core_project/apps/umkm/accounting/clinic_modules.go:102.3,103.9 2 0
core_project/apps/umkm/accounting/clinic_modules.go:106.2,106.33 1 0
core_project/apps/umkm/accounting/clinic_modules.go:106.33,108.60 2 0
core_project/apps/umkm/accounting/clinic_modules.go:108.60,111.4 2 0
core_project/apps/umkm/accounting/clinic_modules.go:112.3,120.17 4 0
core_project/apps/umkm/accounting/clinic_modules.go:120.17,123.4 2 0
core_project/apps/umkm/accounting/clinic_modules.go:124.3,125.9 2 0
core_project/apps/umkm/accounting/clinic_modules.go:128.2,128.80 1 0
core_project/apps/umkm/accounting/db.go:15.39,20.16 3 0
core_project/apps/umkm/accounting/db.go:20.16,22.3 1 0
core_project/apps/umkm/accounting/db.go:24.2,24.56 1 0
core_project/apps/umkm/accounting/db.go:24.56,26.3 1 0
core_project/apps/umkm/accounting/db.go:28.2,32.39 3 0
core_project/apps/umkm/accounting/db.go:32.39,34.3 1 0
core_project/apps/umkm/accounting/db.go:36.2,36.12 1 0
core_project/apps/umkm/accounting/db.go:39.27,57.47 3 0
core_project/apps/umkm/accounting/db.go:57.47,59.3 1 0
core_project/apps/umkm/accounting/db.go:60.2,61.12 2 0
core_project/apps/umkm/accounting/export_handlers.go:17.88,18.54 1 0
core_project/apps/umkm/accounting/export_handlers.go:18.54,20.3 1 0
core_project/apps/umkm/accounting/export_handlers.go:21.2,22.16 2 0
core_project/apps/umkm/accounting/export_handlers.go:22.16,24.3 1 0
core_project/apps/umkm/accounting/export_handlers.go:25.2,27.32 2 0
core_project/apps/umkm/accounting/export_handlers.go:27.32,29.3 1 0
core_project/apps/umkm/accounting/export_handlers.go:30.2,31.13 2 0
core_project/apps/umkm/accounting/export_handlers.go:32.14,36.17 4 0
core_project/apps/umkm/accounting/export_handlers.go:36.17,38.4 1 0
core_project/apps/umkm/accounting/export_handlers.go:39.3,39.19 1 0
core_project/apps/umkm/accounting/export_handlers.go:39.19,41.4 1 0
core_project/apps/umkm/accounting/export_handlers.go:42.3,43.17 2 0
core_project/apps/umkm/accounting/export_handlers.go:44.15,46.17 2 0
core_project/apps/umkm/accounting/export_handlers.go:46.17,48.4 1 0
core_project/apps/umkm/accounting/export_handlers.go:49.3,52.17 4 0
core_project/apps/umkm/accounting/export_handlers.go:52.17,54.4 1 0
core_project/apps/umkm/accounting/export_handlers.go:55.3,55.23 1 0
core_project/apps/umkm/accounting/export_handlers.go:55.23,57.4 1 0
core_project/apps/umkm/accounting/export_handlers.go:58.3,59.21 2 0
core_project/apps/umkm/accounting/export_handlers.go:60.10,61.89 1 0
core_project/apps/umkm/accounting/export_handlers.go:64.2,64.22 1 0
core_project/apps/umkm/accounting/export_handlers.go:64.22,66.3 1 0
core_project/apps/umkm/accounting/export_handlers.go:67.2,67.27 1 0
core_project/apps/umkm/accounting/export_handlers.go:70.52,72.28 2 0
core_project/apps/umkm/accounting/export_handlers.go:72.28,74.3 1 0
core_project/apps/umkm/accounting/export_handlers.go:75.2,75.12 1 0
core_project/apps/umkm/accounting/export_handlers.go:78.33,79.14 1 0
core_project/apps/umkm/accounting/export_handlers.go:79.14,81.3 1 0
core_project/apps/umkm/accounting/export_handlers.go:82.2,82.11 1 0
core_project/apps/umkm/accounting/export_handlers.go:85.107,86.22 1 0
core_project/apps/umkm/accounting/export_handlers.go:86.22,90.29 4 0
core_project/apps/umkm/accounting/export_handlers.go:90.29,93.4 2 0
core_project/apps/umkm/accounting/export_handlers.go:94.3,94.28 1 0
core_project/apps/umkm/accounting/export_handlers.go:94.28,95.28 1 0
core_project/apps/umkm/accounting/export_handlers.go:95.28,98.5 2 0
core_project/apps/umkm/accounting/export_handlers.go:100.3,105.9 6 0
core_project/apps/umkm/accounting/export_handlers.go:108.2,112.27 5 0
core_project/apps/umkm/accounting/export_handlers.go:112.27,114.3 1 0
core_project/apps/umkm/accounting/export_handlers.go:115.2,115.12 1 0
core_project/apps/umkm/accounting/export_handlers.go:118.67,120.20 2 0
core_project/apps/umkm/accounting/export_handlers.go:120.20,123.3 2 0
core_project/apps/umkm/accounting/export_handlers.go:124.2,125.18 2 0
core_project/apps/umkm/accounting/export_handlers.go:125.18,127.3 1 0
core_project/apps/umkm/accounting/export_handlers.go:128.2,130.15 3 0
core_project/apps/umkm/accounting/export_handlers.go:130.15,132.17 2 0
core_project/apps/umkm/accounting/export_handlers.go:132.17,134.22 2 0
core_project/apps/umkm/accounting/export_handlers.go:134.22,137.92 3 0
core_project/apps/umkm/accounting/export_handlers.go:137.92,143.6 1 0
core_project/apps/umkm/accounting/export_handlers.go:147.2,147.57 1 0
core_project/apps/umkm/accounting/export_handlers.go:150.67,152.20 2 0
core_project/apps/umkm/accounting/export_handlers.go:152.20,155.3 2 0
core_project/apps/umkm/accounting/export_handlers.go:156.2,157.18 2 0
core_project/apps/umkm/accounting/export_handlers.go:157.18,159.3 1 0
core_project/apps/umkm/accounting/export_handlers.go:160.2,162.15 3 0
core_project/apps/umkm/accounting/export_handlers.go:162.15,164.17 2 0
core_project/apps/umkm/accounting/export_handlers.go:164.17,166.22 2 0
core_project/apps/umkm/accounting/export_handlers.go:166.22,168.77 2 0
core_project/apps/umkm/accounting/export_handlers.go:168.77,170.6 1 0
core_project/apps/umkm/accounting/export_handlers.go:174.2,174.57 1 0
core_project/apps/umkm/accounting/export_handlers.go:177.67,194.9 4 0
core_project/apps/umkm/accounting/export_handlers.go:194.9,197.3 2 0
core_project/apps/umkm/accounting/export_handlers.go:198.2,199.18 2 0
core_project/apps/umkm/accounting/export_handlers.go:199.18,201.3 1 0
core_project/apps/umkm/accounting/export_handlers.go:202.2,202.69 1 0
core_project/apps/umkm/accounting/faq_handlers.go:18.57,22.18 3 0
core_project/apps/umkm/accounting/faq_handlers.go:23.22,24.29 1 0
core_project/apps/umkm/accounting/faq_handlers.go:25.23,26.33 1 0
core_project/apps/umkm/accounting/faq_handlers.go:27.22,28.33 1 0
core_project/apps/umkm/accounting/faq_handlers.go:29.25,30.33 1 0
core_project/apps/umkm/accounting/faq_handlers.go:31.10,32.90 1 0
core_project/apps/umkm/accounting/faq_handlers.go:36.76,38.16 2 0
core_project/apps/umkm/accounting/faq_handlers.go:38.16,41.3 2 0
core_project/apps/umkm/accounting/faq_handlers.go:42.2,45.18 3 0
core_project/apps/umkm/accounting/faq_handlers.go:45.18,47.60 2 0
core_project/apps/umkm/accounting/faq_handlers.go:47.60,49.4 1 0
core_project/apps/umkm/accounting/faq_handlers.go:51.2,51.69 1 0
core_project/apps/umkm/accounting/faq_handlers.go:54.94,59.61 2 0
core_project/apps/umkm/accounting/faq_handlers.go:59.61,62.3 2 0
core_project/apps/umkm/accounting/faq_handlers.go:63.2,65.16 3 0
core_project/apps/umkm/accounting/faq_handlers.go:65.16,68.3 2 0
core_project/apps/umkm/accounting/faq_handlers.go:69.2,69.95 1 0
core_project/apps/umkm/accounting/faq_handlers.go:72.94,78.61 2 0
core_project/apps/umkm/accounting/faq_handlers.go:78.61,81.3 2 0
core_project/apps/umkm/accounting/faq_handlers.go:82.2,82.18 1 0
core_project/apps/umkm/accounting/faq_handlers.go:82.18,85.3 2 0
core_project/apps/umkm/accounting/faq_handlers.go:86.2,87.16 2 0
core_project/apps/umkm/accounting/faq_handlers.go:87.16,90.3 2 0
core_project/apps/umkm/accounting/faq_handlers.go:91.2,91.81 1 0
core_project/apps/umkm/accounting/faq_handlers.go:94.94,98.2 3 0
core_project/apps/umkm/accounting/faq_handlers.go:100.65,101.33 1 0
core_project/apps/umkm/accounting/faq_handlers.go:101.33,104.3 2 0
core_project/apps/umkm/accounting/faq_handlers.go:105.2,121.16 8 0
core_project/apps/umkm/accounting/faq_handlers.go:121.16,124.3 2 0
core_project/apps/umkm/accounting/faq_handlers.go:125.2,130.16 5 0
core_project/apps/umkm/accounting/faq_handlers.go:130.16,133.3 2 0
core_project/apps/umkm/accounting/faq_handlers.go:134.2,140.86 3 0
core_project/apps/umkm/accounting/faq_handlers.go:140.86,143.3 2 0
core_project/apps/umkm/accounting/faq_handlers.go:145.2,146.72 2 0
core_project/apps/umkm/accounting/faq_handlers.go:146.72,150.3 1 0
core_project/apps/umkm/accounting/faq_handlers.go:152.2,152.30 1 0
core_project/apps/umkm/accounting/faq_handlers.go:152.30,154.3 1 0
core_project/apps/umkm/accounting/faq_handlers.go:156.2,156.100 1 0
core_project/apps/umkm/accounting/import_handlers.go:18.67,20.20 2 0
core_project/apps/umkm/accounting/import_handlers.go:20.20,23.3 2 0
core_project/apps/umkm/accounting/import_handlers.go:24.2,25.16 2 0
core_project/apps/umkm/accounting/import_handlers.go:25.16,28.3 2 0
core_project/apps/umkm/accounting/import_handlers.go:29.2,30.137 2 0
core_project/apps/umkm/accounting/import_handlers.go:33.127,35.60 2 0
core_project/apps/umkm/accounting/import_handlers.go:35.60,36.27 1 0
core_project/apps/umkm/accounting/import_handlers.go:36.27,38.4 1 0
core_project/apps/umkm/accounting/import_handlers.go:40.2,42.32 3 0
core_project/apps/umkm/accounting/import_handlers.go:42.32,45.10 3 0
core_project/apps/umkm/accounting/import_handlers.go:45.10,47.18 2 0
core_project/apps/umkm/accounting/import_handlers.go:47.18,49.5 1 0
core_project/apps/umkm/accounting/import_handlers.go:50.4,50.12 1 0
core_project/apps/umkm/accounting/import_handlers.go:52.3,63.17 3 0
core_project/apps/umkm/accounting/import_handlers.go:63.17,66.4 2 0
core_project/apps/umkm/accounting/import_handlers.go:66.9,68.4 1 0
core_project/apps/umkm/accounting/import_handlers.go:70.2,70.32 1 0
core_project/apps/umkm/accounting/import_handlers.go:73.100,76.29 3 0
core_project/apps/umkm/accounting/import_handlers.go:76.29,79.3 2 0
core_project/apps/umkm/accounting/import_handlers.go:80.2,81.15 2 0
core_project/apps/umkm/accounting/import_handlers.go:81.15,84.3 2 0
core_project/apps/umkm/accounting/import_handlers.go:85.2,86.8 2 0
core_project/apps/umkm/accounting/import_handlers.go:89.67,91.26 2 0
core_project/apps/umkm/accounting/import_handlers.go:91.26,93.3 1 0
core_project/apps/umkm/accounting/import_handlers.go:94.2,94.34 1 0
core_project/apps/umkm/accounting/import_handlers.go:108.70,118.2 2 0
core_project/apps/umkm/accounting/import_handlers.go:120.67,122.20 2 0
core_project/apps/umkm/accounting/import_handlers.go:122.20,125.3 2 0
core_project/apps/umkm/accounting/import_handlers.go:126.2,127.16 2 0
core_project/apps/umkm/accounting/import_handlers.go:127.16,130.3 2 0
core_project/apps/umkm/accounting/import_handlers.go:131.2,132.137 2 0
core_project/apps/umkm/accounting/import_handlers.go:135.127,137.32 2 0
core_project/apps/umkm/accounting/import_handlers.go:137.32,139.3 1 0
core_project/apps/umkm/accounting/import_handlers.go:140.2,142.32 3 0
core_project/apps/umkm/accounting/import_handlers.go:142.32,145.18 3 0
core_project/apps/umkm/accounting/import_handlers.go:145.18,148.12 3 0
core_project/apps/umkm/accounting/import_handlers.go:150.3,151.17 2 0
core_project/apps/umkm/accounting/import_handlers.go:151.17,153.4 1 0
core_project/apps/umkm/accounting/import_handlers.go:154.3,161.17 2 0
core_project/apps/umkm/accounting/import_handlers.go:161.17,164.4 2 0
core_project/apps/umkm/accounting/import_handlers.go:164.9,166.4 1 0
core_project/apps/umkm/accounting/import_handlers.go:168.2,168.32 1 0
core_project/apps/umkm/accounting/import_handlers.go:171.66,173.20 2 0
core_project/apps/umkm/accounting/import_handlers.go:173.20,176.3 2 0
core_project/apps/umkm/accounting/import_handlers.go:177.2,178.16 2 0
core_project/apps/umkm/accounting/import_handlers.go:178.16,181.3 2 0
core_project/apps/umkm/accounting/import_handlers.go:182.2,183.137 2 0
core_project/apps/umkm/accounting/import_handlers.go:186.127,188.114 2 0
core_project/apps/umkm/accounting/import_handlers.go:188.114,189.27 1 0
core_project/apps/umkm/accounting/import_handlers.go:189.27,191.4 1 0
core_project/apps/umkm/accounting/import_handlers.go:194.2,197.38 4 0
core_project/apps/umkm/accounting/import_handlers.go:211.111,218.32 6 0
core_project/apps/umkm/accounting/import_handlers.go:218.32,221.10 3 0
core_project/apps/umkm/accounting/import_handlers.go:221.10,223.23 2 0
core_project/apps/umkm/accounting/import_handlers.go:223.23,225.5 1 0
core_project/apps/umkm/accounting/import_handlers.go:226.4,226.12 1 0
core_project/apps/umkm/accounting/import_handlers.go:228.3,229.25 2 0
core_project/apps/umkm/accounting/import_handlers.go:229.25,232.4 2 0
core_project/apps/umkm/accounting/import_handlers.go:234.2,235.34 2 0
core_project/apps/umkm/accounting/import_handlers.go:238.82,240.61 2 0
core_project/apps/umkm/accounting/import_handlers.go:240.61,242.3 1 0
core_project/apps/umkm/accounting/import_handlers.go:243.2,244.17 2 0
core_project/apps/umkm/accounting/import_handlers.go:244.17,246.3 1 0
core_project/apps/umkm/accounting/import_handlers.go:247.2,248.15 2 0
core_project/apps/umkm/accounting/import_handlers.go:248.15,250.3 1 0
core_project/apps/umkm/accounting/import_handlers.go:251.2,257.9 2 0
core_project/apps/umkm/accounting/import_handlers.go:260.179,262.28 2 0
core_project/apps/umkm/accounting/import_handlers.go:262.28,265.32 3 0
core_project/apps/umkm/accounting/import_handlers.go:265.32,267.28 2 0
core_project/apps/umkm/accounting/import_handlers.go:267.28,271.5 1 0
core_project/apps/umkm/accounting/import_handlers.go:272.4,272.12 1 0
core_project/apps/umkm/accounting/import_handlers.go:274.3,275.20 2 0
core_project/apps/umkm/accounting/import_handlers.go:275.20,277.28 2 0
core_project/apps/umkm/accounting/import_handlers.go:277.28,279.5 1 0
core_project/apps/umkm/accounting/import_handlers.go:280.4,280.12 1 0
core_project/apps/umkm/accounting/import_handlers.go:282.3,283.12 2 0
core_project/apps/umkm/accounting/import_handlers.go:283.12,285.4 1 0
core_project/apps/umkm/accounting/import_handlers.go:285.9,289.4 3 0
core_project/apps/umkm/accounting/import_handlers.go:291.2,291.26 1 0
core_project/apps/umkm/accounting/import_handlers.go:294.59,295.26 1 0
core_project/apps/umkm/accounting/import_handlers.go:295.26,298.3 2 0
core_project/apps/umkm/accounting/import_handlers.go:299.2,299.8 1 0
core_project/apps/umkm/accounting/import_handlers.go:302.97,308.16 3 0
core_project/apps/umkm/accounting/import_handlers.go:308.16,310.3 1 0
core_project/apps/umkm/accounting/import_handlers.go:311.2,311.16 1 0
core_project/apps/umkm/accounting/import_handlers.go:314.153,316.26 2 0
core_project/apps/umkm/accounting/import_handlers.go:316.26,319.33 3 0
core_project/apps/umkm/accounting/import_handlers.go:319.33,322.12 3 0
core_project/apps/umkm/accounting/import_handlers.go:324.3,324.60 1 0
core_project/apps/umkm/accounting/import_handlers.go:324.60,327.4 2 0
core_project/apps/umkm/accounting/import_handlers.go:328.3,328.62 1 0
core_project/apps/umkm/accounting/import_handlers.go:328.62,331.4 2 0
core_project/apps/umkm/accounting/import_handlers.go:333.2,333.14 1 0
core_project/apps/umkm/accounting/import_handlers.go:336.108,337.31 1 0
core_project/apps/umkm/accounting/import_handlers.go:337.31,339.3 1 0
core_project/apps/umkm/accounting/import_handlers.go:340.2,342.16 3 0
core_project/apps/umkm/accounting/import_handlers.go:342.16,344.3 1 0
core_project/apps/umkm/accounting/import_handlers.go:345.2,346.16 2 0
core_project/apps/umkm/accounting/import_handlers.go:349.105,352.2 2 0
core_project/apps/umkm/accounting/internal_handlers.go:20.77,22.21 2 0
core_project/apps/umkm/accounting/internal_handlers.go:22.21,25.3 2 0
core_project/apps/umkm/accounting/internal_handlers.go:27.2,27.15 1 0
core_project/apps/umkm/accounting/internal_handlers.go:27.15,30.3 2 0
core_project/apps/umkm/accounting/internal_handlers.go:32.2,33.16 2 0
core_project/apps/umkm/accounting/internal_handlers.go:33.16,36.3 2 0
core_project/apps/umkm/accounting/internal_handlers.go:37.2,40.18 3 0
core_project/apps/umkm/accounting/internal_handlers.go:40.18,43.58 3 0
core_project/apps/umkm/accounting/internal_handlers.go:43.58,45.23 2 0
core_project/apps/umkm/accounting/internal_handlers.go:45.23,47.5 1 0
core_project/apps/umkm/accounting/internal_handlers.go:48.4,52.6 1 0
core_project/apps/umkm/accounting/internal_handlers.go:56.2,56.20 1 0
core_project/apps/umkm/accounting/internal_handlers.go:56.20,58.3 1 0
core_project/apps/umkm/accounting/internal_handlers.go:60.2,60.72 1 0
core_project/apps/umkm/accounting/internal_handlers.go:63.75,65.20 2 0
core_project/apps/umkm/accounting/internal_handlers.go:65.20,68.3 2 0
core_project/apps/umkm/accounting/internal_handlers.go:70.2,70.15 1 0
core_project/apps/umkm/accounting/internal_handlers.go:70.15,73.3 2 0
core_project/apps/umkm/accounting/internal_handlers.go:76.2,88.16 5 0
core_project/apps/umkm/accounting/internal_handlers.go:88.16,91.3 2 0
core_project/apps/umkm/accounting/internal_handlers.go:92.2,95.18 3 0
core_project/apps/umkm/accounting/internal_handlers.go:95.18,98.51 3 0
core_project/apps/umkm/accounting/internal_handlers.go:98.51,100.4 1 0
core_project/apps/umkm/accounting/internal_handlers.go:104.2,106.16 3 0
core_project/apps/umkm/accounting/internal_handlers.go:106.16,108.3 1 0
core_project/apps/umkm/accounting/internal_handlers.go:110.2,118.4 1 0
core_project/apps/umkm/accounting/internal_handlers.go:121.64,123.20 2 0
core_project/apps/umkm/accounting/internal_handlers.go:123.20,126.3 2 0
core_project/apps/umkm/accounting/internal_handlers.go:127.2,127.15 1 0
core_project/apps/umkm/accounting/internal_handlers.go:127.15,130.3 2 0
core_project/apps/umkm/accounting/internal_handlers.go:132.2,134.18 2 0
core_project/apps/umkm/accounting/internal_handlers.go:135.22,136.39 1 0
core_project/apps/umkm/accounting/internal_handlers.go:137.23,138.43 1 0
core_project/apps/umkm/accounting/internal_handlers.go:139.22,140.42 1 0
core_project/apps/umkm/accounting/internal_handlers.go:141.25,142.45 1 0
core_project/apps/umkm/accounting/internal_handlers.go:143.10,144.93 1 0
core_project/apps/umkm/accounting/internal_handlers.go:148.86,150.16 2 0
core_project/apps/umkm/accounting/internal_handlers.go:150.16,154.3 3 0
core_project/apps/umkm/accounting/internal_handlers.go:155.2,158.18 3 0
core_project/apps/umkm/accounting/internal_handlers.go:158.18,165.122 7 0
core_project/apps/umkm/accounting/internal_handlers.go:165.122,168.18 3 0
core_project/apps/umkm/accounting/internal_handlers.go:168.18,170.5 1 0
core_project/apps/umkm/accounting/internal_handlers.go:171.4,172.23 2 0
core_project/apps/umkm/accounting/internal_handlers.go:172.23,174.5 1 0
core_project/apps/umkm/accounting/internal_handlers.go:175.4,176.24 2 0
core_project/apps/umkm/accounting/internal_handlers.go:176.24,178.5 1 0
core_project/apps/umkm/accounting/internal_handlers.go:179.4,183.6 1 0
core_project/apps/umkm/accounting/internal_handlers.go:186.2,186.20 1 0
core_project/apps/umkm/accounting/internal_handlers.go:186.20,188.3 1 0
core_project/apps/umkm/accounting/internal_handlers.go:189.2,194.5 4 0
core_project/apps/umkm/accounting/internal_handlers.go:197.104,205.27 6 0
core_project/apps/umkm/accounting/internal_handlers.go:205.27,207.16 2 0
core_project/apps/umkm/accounting/internal_handlers.go:207.16,209.4 1 0
core_project/apps/umkm/accounting/internal_handlers.go:210.3,211.9 2 0
core_project/apps/umkm/accounting/internal_handlers.go:214.2,221.61 2 0
core_project/apps/umkm/accounting/internal_handlers.go:221.61,224.3 2 0
core_project/apps/umkm/accounting/internal_handlers.go:225.2,225.66 1 0
core_project/apps/umkm/accounting/internal_handlers.go:225.66,228.3 2 0
core_project/apps/umkm/accounting/internal_handlers.go:230.2,231.23 2 0
core_project/apps/umkm/accounting/internal_handlers.go:231.23,233.3 1 0
core_project/apps/umkm/accounting/internal_handlers.go:235.2,239.16 3 0
core_project/apps/umkm/accounting/internal_handlers.go:239.16,243.3 3 0
core_project/apps/umkm/accounting/internal_handlers.go:244.2,244.129 1 0
core_project/apps/umkm/accounting/internal_handlers.go:247.103,249.24 2 0
core_project/apps/umkm/accounting/internal_handlers.go:249.24,252.3 2 0
core_project/apps/umkm/accounting/internal_handlers.go:253.2,260.61 2 0
core_project/apps/umkm/accounting/internal_handlers.go:260.61,263.3 2 0
core_project/apps/umkm/accounting/internal_handlers.go:265.2,269.20 4 0
core_project/apps/umkm/accounting/internal_handlers.go:269.20,271.3 3 0
core_project/apps/umkm/accounting/internal_handlers.go:272.2,272.24 1 0
core_project/apps/umkm/accounting/internal_handlers.go:272.24,274.3 3 0
core_project/apps/umkm/accounting/internal_handlers.go:275.2,275.30 1 0
core_project/apps/umkm/accounting/internal_handlers.go:275.30,277.3 3 0
core_project/apps/umkm/accounting/internal_handlers.go:278.2,278.23 1 0
core_project/apps/umkm/accounting/internal_handlers.go:278.23,281.3 4 0
core_project/apps/umkm/accounting/internal_handlers.go:282.2,282.24 1 0
core_project/apps/umkm/accounting/internal_handlers.go:282.24,284.3 3 0
core_project/apps/umkm/accounting/internal_handlers.go:286.2,291.16 4 0
core_project/apps/umkm/accounting/internal_handlers.go:291.16,295.3 3 0
core_project/apps/umkm/accounting/internal_handlers.go:296.2,296.96 1 0
core_project/apps/umkm/accounting/internal_handlers.go:299.106,301.24 2 0
core_project/apps/umkm/accounting/internal_handlers.go:301.24,304.3 2 0
core_project/apps/umkm/accounting/internal_handlers.go:305.2,306.16 2 0
core_project/apps/umkm/accounting/internal_handlers.go:306.16,309.3 2 0
core_project/apps/umkm/accounting/internal_handlers.go:310.2,310.95 1 0
core_project/apps/umkm/accounting/main.go:78.59,82.2 3 0
core_project/apps/umkm/accounting/main.go:84.13,91.58 4 0
core_project/apps/umkm/accounting/main.go:91.58,93.3 1 0
core_project/apps/umkm/accounting/main.go:94.2,94.36 1 0
core_project/apps/umkm/accounting/main.go:94.36,97.3 2 0
core_project/apps/umkm/accounting/main.go:98.2,100.42 2 0
core_project/apps/umkm/accounting/main.go:100.42,103.3 2 0
core_project/apps/umkm/accounting/main.go:105.2,171.48 63 0
core_project/apps/umkm/accounting/main.go:171.48,173.3 1 0
core_project/apps/umkm/accounting/main.go:176.37,178.25 2 1
core_project/apps/umkm/accounting/main.go:178.25,180.26 2 1
core_project/apps/umkm/accounting/main.go:180.26,181.27 1 1
core_project/apps/umkm/accounting/main.go:181.27,183.5 1 1
core_project/apps/umkm/accounting/main.go:183.10,185.5 1 1
core_project/apps/umkm/accounting/main.go:188.2,188.40 1 1
core_project/apps/umkm/accounting/main.go:191.68,192.43 1 1
core_project/apps/umkm/accounting/main.go:192.43,194.3 1 1
core_project/apps/umkm/accounting/main.go:195.2,202.22 8 0
core_project/apps/umkm/accounting/main.go:205.53,206.71 1 0
core_project/apps/umkm/accounting/main.go:206.71,210.28 4 0
core_project/apps/umkm/accounting/main.go:210.28,213.4 2 0
core_project/apps/umkm/accounting/main.go:214.3,214.23 1 0
core_project/apps/umkm/accounting/main.go:218.56,219.71 1 0
core_project/apps/umkm/accounting/main.go:219.71,223.3 3 0
core_project/apps/umkm/accounting/main.go:226.69,230.2 3 1
core_project/apps/umkm/accounting/migrations.go:16.44,23.58 2 0
core_project/apps/umkm/accounting/migrations.go:23.58,25.59 2 0
core_project/apps/umkm/accounting/migrations.go:25.59,27.60 2 0
core_project/apps/umkm/accounting/migrations.go:27.60,29.5 1 0
core_project/apps/umkm/accounting/migrations.go:33.2,34.16 2 0
core_project/apps/umkm/accounting/migrations.go:34.16,36.3 1 0
core_project/apps/umkm/accounting/migrations.go:38.2,41.16 3 0
core_project/apps/umkm/accounting/migrations.go:41.16,43.3 1 0
core_project/apps/umkm/accounting/migrations.go:45.2,45.56 1 0
core_project/apps/umkm/accounting/migrations.go:45.56,47.3 1 0
core_project/apps/umkm/accounting/migrations.go:49.2,49.12 1 0
core_project/apps/umkm/accounting/ocr_handlers.go:10.56,11.33 1 0
core_project/apps/umkm/accounting/ocr_handlers.go:11.33,14.3 2 0
core_project/apps/umkm/accounting/ocr_handlers.go:16.2,17.16 2 0
core_project/apps/umkm/accounting/ocr_handlers.go:17.16,20.3 2 0
core_project/apps/umkm/accounting/ocr_handlers.go:22.2,23.16 2 0
core_project/apps/umkm/accounting/ocr_handlers.go:23.16,26.3 2 0
core_project/apps/umkm/accounting/ocr_handlers.go:27.2,46.4 4 0
core_project/apps/umkm/accounting/pdf_account_handlers.go:26.65,42.2 15 0
core_project/apps/umkm/accounting/pdf_account_handlers.go:44.75,51.41 7 0
core_project/apps/umkm/accounting/pdf_account_handlers.go:51.41,54.3 2 0
core_project/apps/umkm/accounting/pdf_account_handlers.go:55.2,58.22 4 0
core_project/apps/umkm/accounting/pdf_account_handlers.go:61.37,64.13 3 0
core_project/apps/umkm/accounting/pdf_account_handlers.go:64.13,68.3 3 0
core_project/apps/umkm/accounting/pdf_account_handlers.go:69.2,71.12 3 0
core_project/apps/umkm/accounting/pdf_account_handlers.go:71.12,73.3 1 0
core_project/apps/umkm/accounting/pdf_account_handlers.go:74.2,77.13 4 0
core_project/apps/umkm/accounting/pdf_account_handlers.go:77.13,79.14 2 0
core_project/apps/umkm/accounting/pdf_account_handlers.go:79.14,81.4 1 0
core_project/apps/umkm/accounting/pdf_account_handlers.go:83.2,83.30 1 0
core_project/apps/umkm/accounting/pdf_account_handlers.go:83.30,85.14 2 0
core_project/apps/umkm/accounting/pdf_account_handlers.go:85.14,87.4 1 0
core_project/apps/umkm/accounting/pdf_account_handlers.go:89.2,89.20 1 0
core_project/apps/umkm/accounting/pdf_account_handlers.go:89.20,91.3 1 0
core_project/apps/umkm/accounting/pdf_account_handlers.go:92.2,92.19 1 0
core_project/apps/umkm/accounting/pdf_account_handlers.go:95.71,99.46 4 0
core_project/apps/umkm/accounting/pdf_account_handlers.go:99.46,102.3 2 0
core_project/apps/umkm/accounting/pdf_account_handlers.go:103.2,106.115 4 0
core_project/apps/umkm/accounting/pdf_account_handlers.go:109.73,112.17 3 0
core_project/apps/umkm/accounting/pdf_account_handlers.go:112.17,114.3 1 0
core_project/apps/umkm/accounting/pdf_account_handlers.go:115.2,115.19 1 0
core_project/apps/umkm/accounting/pdf_account_handlers.go:120.111,131.16 4 0
core_project/apps/umkm/accounting/pdf_account_handlers.go:131.16,133.19 2 0
core_project/apps/umkm/accounting/pdf_account_handlers.go:133.19,136.48 3 0
core_project/apps/umkm/accounting/pdf_account_handlers.go:136.48,137.23 1 0
core_project/apps/umkm/accounting/pdf_account_handlers.go:137.23,141.6 3 0
core_project/apps/umkm/accounting/pdf_account_handlers.go:141.11,144.6 2 0
core_project/apps/umkm/accounting/pdf_account_handlers.go:148.2,148.43 1 0
core_project/apps/umkm/accounting/pdf_account_handlers.go:159.71,164.50 4 0
core_project/apps/umkm/accounting/pdf_account_handlers.go:164.50,168.3 3 0
core_project/apps/umkm/accounting/pdf_account_handlers.go:169.2,169.35 1 0
core_project/apps/umkm/accounting/pdf_account_handlers.go:169.35,174.3 4 0
core_project/apps/umkm/accounting/pdf_account_handlers.go:175.2,175.47 1 0
core_project/apps/umkm/accounting/pdf_account_handlers.go:175.47,181.3 5 0
core_project/apps/umkm/accounting/pdf_account_handlers.go:182.2,183.30 2 0
core_project/apps/umkm/accounting/pdf_account_handlers.go:183.30,185.3 1 0
core_project/apps/umkm/accounting/pdf_account_handlers.go:186.2,186.25 1 0
core_project/apps/umkm/accounting/pdf_account_handlers.go:186.25,188.3 1 0
core_project/apps/umkm/accounting/pdf_account_handlers.go:189.2,192.30 4 0
core_project/apps/umkm/accounting/pdf_account_handlers.go:192.30,194.3 1 0
core_project/apps/umkm/accounting/pdf_account_handlers.go:195.2,195.25 1 0
core_project/apps/umkm/accounting/pdf_account_handlers.go:195.25,197.3 1 0
core_project/apps/umkm/accounting/pdf_account_handlers.go:198.2,203.66 6 0
core_project/apps/umkm/accounting/pdf_account_handlers.go:206.68,209.34 3 0
core_project/apps/umkm/accounting/pdf_account_handlers.go:209.34,212.3 2 0
core_project/apps/umkm/accounting/pdf_account_handlers.go:213.2,215.113 3 0
core_project/apps/umkm/accounting/pdf_account_handlers.go:220.131,231.16 4 0
core_project/apps/umkm/accounting/pdf_account_handlers.go:231.16,233.19 2 0
core_project/apps/umkm/accounting/pdf_account_handlers.go:233.19,236.48 3 0
core_project/apps/umkm/accounting/pdf_account_handlers.go:236.48,237.14 1 0
core_project/apps/umkm/accounting/pdf_account_handlers.go:238.22,240.15 2 0
core_project/apps/umkm/accounting/pdf_account_handlers.go:241.19,243.17 2 0
core_project/apps/umkm/accounting/pdf_account_handlers.go:244.13,246.17 2 0
core_project/apps/umkm/accounting/pdf_account_handlers.go:251.2,251.58 1 0
core_project/apps/umkm/accounting/pdf_account_handlers.go:260.69,264.46 3 0
core_project/apps/umkm/accounting/pdf_account_handlers.go:264.46,268.3 3 0
core_project/apps/umkm/accounting/pdf_account_handlers.go:269.2,269.35 1 0
core_project/apps/umkm/accounting/pdf_account_handlers.go:269.35,274.3 4 0
core_project/apps/umkm/accounting/pdf_account_handlers.go:275.2,275.47 1 0
core_project/apps/umkm/accounting/pdf_account_handlers.go:275.47,281.3 5 0
core_project/apps/umkm/accounting/pdf_account_handlers.go:282.2,283.32 2 0
core_project/apps/umkm/accounting/pdf_account_handlers.go:283.32,285.3 1 0
core_project/apps/umkm/accounting/pdf_account_handlers.go:286.2,286.27 1 0
core_project/apps/umkm/accounting/pdf_account_handlers.go:286.27,288.3 1 0
core_project/apps/umkm/accounting/pdf_account_handlers.go:289.2,292.31 4 0
core_project/apps/umkm/accounting/pdf_account_handlers.go:292.31,294.3 1 0
core_project/apps/umkm/accounting/pdf_account_handlers.go:295.2,295.26 1 0
core_project/apps/umkm/accounting/pdf_account_handlers.go:295.26,297.3 1 0
core_project/apps/umkm/accounting/pdf_account_handlers.go:298.2,301.29 4 0
core_project/apps/umkm/accounting/pdf_account_handlers.go:301.29,303.3 1 0
core_project/apps/umkm/accounting/pdf_account_handlers.go:304.2,304.24 1 0
core_project/apps/umkm/accounting/pdf_account_handlers.go:304.24,306.3 1 0
core_project/apps/umkm/accounting/pdf_account_handlers.go:307.2,310.54 4 0
core_project/apps/umkm/accounting/pdf_account_handlers.go:313.75,324.31 11 0
core_project/apps/umkm/accounting/pdf_account_handlers.go:324.31,327.3 2 0
core_project/apps/umkm/accounting/pdf_account_handlers.go:327.8,330.3 2 0
core_project/apps/umkm/accounting/pdf_account_handlers.go:331.2,331.27 1 0
core_project/apps/umkm/accounting/pdf_cashflow_handlers.go:25.64,29.46 4 0
core_project/apps/umkm/accounting/pdf_cashflow_handlers.go:29.46,32.3 2 0
core_project/apps/umkm/accounting/pdf_cashflow_handlers.go:33.2,46.4 4 0
core_project/apps/umkm/accounting/pdf_cashflow_handlers.go:49.75,52.17 3 0
core_project/apps/umkm/accounting/pdf_cashflow_handlers.go:52.17,54.3 1 0
core_project/apps/umkm/accounting/pdf_cashflow_handlers.go:55.2,55.19 1 0
core_project/apps/umkm/accounting/pdf_cashflow_handlers.go:81.133,110.16 7 0
core_project/apps/umkm/accounting/pdf_cashflow_handlers.go:110.16,112.19 2 0
core_project/apps/umkm/accounting/pdf_cashflow_handlers.go:112.19,116.64 4 0
core_project/apps/umkm/accounting/pdf_cashflow_handlers.go:116.64,119.39 3 0
core_project/apps/umkm/accounting/pdf_cashflow_handlers.go:120.19,123.39 3 0
core_project/apps/umkm/accounting/pdf_cashflow_handlers.go:124.20,127.39 3 0
core_project/apps/umkm/accounting/pdf_cashflow_handlers.go:128.13,131.37 3 0
core_project/apps/umkm/accounting/pdf_cashflow_handlers.go:136.2,142.70 4 0
core_project/apps/umkm/accounting/pdf_cashflow_handlers.go:145.114,157.2 3 0
core_project/apps/umkm/accounting/pdf_cashflow_handlers.go:159.47,160.71 1 0
core_project/apps/umkm/accounting/pdf_cashflow_handlers.go:160.71,162.3 1 0
core_project/apps/umkm/accounting/pdf_cashflow_handlers.go:163.2,163.68 1 0
core_project/apps/umkm/accounting/pdf_cashflow_handlers.go:163.68,165.3 1 0
core_project/apps/umkm/accounting/pdf_cashflow_handlers.go:166.2,166.22 1 0
core_project/apps/umkm/accounting/pdf_cashflow_handlers.go:169.69,187.44 17 0
core_project/apps/umkm/accounting/pdf_cashflow_handlers.go:187.44,191.3 3 0
core_project/apps/umkm/accounting/pdf_cashflow_handlers.go:192.2,192.46 1 0
core_project/apps/umkm/accounting/pdf_cashflow_handlers.go:192.46,198.3 5 0
core_project/apps/umkm/accounting/pdf_cashflow_handlers.go:199.2,199.30 1 0
core_project/apps/umkm/accounting/pdf_cashflow_handlers.go:199.30,204.3 4 0
core_project/apps/umkm/accounting/pdf_cashflow_handlers.go:205.2,205.34 1 0
core_project/apps/umkm/accounting/pdf_cashflow_handlers.go:205.34,210.3 4 0
core_project/apps/umkm/accounting/pdf_cashflow_handlers.go:212.2,214.30 3 0
core_project/apps/umkm/accounting/pdf_cashflow_handlers.go:214.30,215.19 1 0
core_project/apps/umkm/accounting/pdf_cashflow_handlers.go:215.19,217.4 1 0
core_project/apps/umkm/accounting/pdf_cashflow_handlers.go:219.2,219.25 1 0
core_project/apps/umkm/accounting/pdf_cashflow_handlers.go:219.25,221.3 1 0
core_project/apps/umkm/accounting/pdf_cashflow_handlers.go:222.2,224.30 3 0
core_project/apps/umkm/accounting/pdf_cashflow_handlers.go:224.30,225.20 1 0
core_project/apps/umkm/accounting/pdf_cashflow_handlers.go:225.20,227.4 1 0
core_project/apps/umkm/accounting/pdf_cashflow_handlers.go:229.2,234.31 5 0
core_project/apps/umkm/accounting/pdf_cashflow_handlers.go:234.31,236.3 1 0
core_project/apps/umkm/accounting/pdf_cashflow_handlers.go:237.2,237.26 1 0
core_project/apps/umkm/accounting/pdf_cashflow_handlers.go:237.26,239.3 1 0
core_project/apps/umkm/accounting/pdf_cashflow_handlers.go:240.2,244.31 4 0
core_project/apps/umkm/accounting/pdf_cashflow_handlers.go:244.31,246.3 1 0
core_project/apps/umkm/accounting/pdf_cashflow_handlers.go:247.2,247.26 1 0
core_project/apps/umkm/accounting/pdf_cashflow_handlers.go:247.26,249.3 1 0
core_project/apps/umkm/accounting/pdf_cashflow_handlers.go:250.2,262.41 10 0
core_project/apps/umkm/accounting/pdf_cashflow_handlers.go:262.41,265.3 2 0
core_project/apps/umkm/accounting/pdf_cashflow_handlers.go:266.2,269.22 4 0
core_project/apps/umkm/accounting/pdf_cashflow_handlers.go:272.84,286.2 13 0
core_project/apps/umkm/accounting/product_handlers.go:24.61,26.20 2 0
core_project/apps/umkm/accounting/product_handlers.go:26.20,29.3 2 0
core_project/apps/umkm/accounting/product_handlers.go:30.2,30.15 1 0
core_project/apps/umkm/accounting/product_handlers.go:30.15,33.3 2 0
core_project/apps/umkm/accounting/product_handlers.go:34.2,34.18 1 0
core_project/apps/umkm/accounting/product_handlers.go:35.22,36.31 1 0
core_project/apps/umkm/accounting/product_handlers.go:37.23,38.33 1 0
core_project/apps/umkm/accounting/product_handlers.go:39.25,40.33 1 0
core_project/apps/umkm/accounting/product_handlers.go:41.22,42.33 1 0
core_project/apps/umkm/accounting/product_handlers.go:43.10,44.93 1 0
core_project/apps/umkm/accounting/product_handlers.go:48.76,54.16 2 0
core_project/apps/umkm/accounting/product_handlers.go:54.16,57.3 2 0
core_project/apps/umkm/accounting/product_handlers.go:58.2,61.18 3 0
core_project/apps/umkm/accounting/product_handlers.go:61.18,66.123 5 0
core_project/apps/umkm/accounting/product_handlers.go:66.123,69.24 3 0
core_project/apps/umkm/accounting/product_handlers.go:69.24,71.5 1 0
core_project/apps/umkm/accounting/product_handlers.go:72.4,76.6 1 0
core_project/apps/umkm/accounting/product_handlers.go:79.2,79.20 1 0
core_project/apps/umkm/accounting/product_handlers.go:79.20,81.3 1 0
core_project/apps/umkm/accounting/product_handlers.go:82.2,82.72 1 0
core_project/apps/umkm/accounting/product_handlers.go:85.78,95.61 2 0
core_project/apps/umkm/accounting/product_handlers.go:95.61,98.3 2 0
core_project/apps/umkm/accounting/product_handlers.go:99.2,99.38 1 0
core_project/apps/umkm/accounting/product_handlers.go:99.38,102.3 2 0
core_project/apps/umkm/accounting/product_handlers.go:103.2,103.24 1 0
core_project/apps/umkm/accounting/product_handlers.go:103.24,105.3 1 0
core_project/apps/umkm/accounting/product_handlers.go:106.2,106.33 1 0
core_project/apps/umkm/accounting/product_handlers.go:106.33,108.3 1 0
core_project/apps/umkm/accounting/product_handlers.go:109.2,116.16 4 0
core_project/apps/umkm/accounting/product_handlers.go:116.16,119.3 2 0
core_project/apps/umkm/accounting/product_handlers.go:120.2,120.92 1 0
core_project/apps/umkm/accounting/product_handlers.go:123.78,125.21 2 0
core_project/apps/umkm/accounting/product_handlers.go:125.21,128.3 2 0
core_project/apps/umkm/accounting/product_handlers.go:129.2,130.16 2 0
core_project/apps/umkm/accounting/product_handlers.go:130.16,133.3 2 0
core_project/apps/umkm/accounting/product_handlers.go:134.2,134.85 1 0
core_project/apps/umkm/accounting/product_handlers.go:137.78,148.61 2 0
core_project/apps/umkm/accounting/product_handlers.go:148.61,151.3 2 0
core_project/apps/umkm/accounting/product_handlers.go:152.2,152.54 1 0
core_project/apps/umkm/accounting/product_handlers.go:152.54,155.3 2 0
core_project/apps/umkm/accounting/product_handlers.go:156.2,156.24 1 0
core_project/apps/umkm/accounting/product_handlers.go:156.24,158.3 1 0
core_project/apps/umkm/accounting/product_handlers.go:159.2,159.33 1 0
core_project/apps/umkm/accounting/product_handlers.go:159.33,161.3 1 0
core_project/apps/umkm/accounting/product_handlers.go:162.2,170.16 3 0
core_project/apps/umkm/accounting/product_handlers.go:170.16,173.3 2 0
core_project/apps/umkm/accounting/product_handlers.go:174.2,174.85 1 0
core_project/apps/umkm/accounting/product_handlers.go:179.67,181.20 2 0
core_project/apps/umkm/accounting/product_handlers.go:181.20,184.3 2 0
core_project/apps/umkm/accounting/product_handlers.go:185.2,185.33 1 0
core_project/apps/umkm/accounting/product_handlers.go:185.33,188.3 2 0
core_project/apps/umkm/accounting/product_handlers.go:189.2,189.55 1 0
core_project/apps/umkm/accounting/product_handlers.go:189.55,192.3 2 0
core_project/apps/umkm/accounting/product_handlers.go:193.2,194.16 2 0
core_project/apps/umkm/accounting/product_handlers.go:194.16,197.3 2 0
core_project/apps/umkm/accounting/product_handlers.go:198.2,201.16 3 0
core_project/apps/umkm/accounting/product_handlers.go:201.16,204.3 2 0
core_project/apps/umkm/accounting/product_handlers.go:205.2,205.23 1 0
core_project/apps/umkm/accounting/product_handlers.go:205.23,208.3 2 0
core_project/apps/umkm/accounting/product_handlers.go:210.2,212.16 3 0
core_project/apps/umkm/accounting/product_handlers.go:212.16,215.3 2 0
core_project/apps/umkm/accounting/product_handlers.go:216.2,226.4 4 0
core_project/apps/umkm/accounting/product_handlers.go:229.109,230.11 1 0
core_project/apps/umkm/accounting/product_handlers.go:230.11,237.3 2 0
core_project/apps/umkm/accounting/product_handlers.go:238.2,242.12 2 0
core_project/apps/umkm/accounting/product_handlers.go:245.114,250.34 4 0
core_project/apps/umkm/accounting/product_handlers.go:250.34,252.10 2 0
core_project/apps/umkm/accounting/product_handlers.go:252.10,253.16 1 0
core_project/apps/umkm/accounting/product_handlers.go:253.16,256.5 2 0
core_project/apps/umkm/accounting/product_handlers.go:257.4,257.12 1 0
core_project/apps/umkm/accounting/product_handlers.go:259.3,259.77 1 0
core_project/apps/umkm/accounting/product_handlers.go:259.77,261.4 1 0
core_project/apps/umkm/accounting/product_handlers.go:261.9,263.16 2 0
core_project/apps/umkm/accounting/product_handlers.go:263.16,265.5 1 0
core_project/apps/umkm/accounting/product_handlers.go:268.2,268.44 1 0
core_project/apps/umkm/accounting/product_handlers.go:279.76,281.31 1 0
core_project/apps/umkm/accounting/product_handlers.go:281.31,284.35 3 0
core_project/apps/umkm/accounting/product_handlers.go:284.35,286.4 1 0
core_project/apps/umkm/accounting/product_handlers.go:287.3,287.21 1 0
core_project/apps/umkm/accounting/product_handlers.go:289.2,289.32 1 0
core_project/apps/umkm/accounting/product_handlers.go:289.32,291.35 2 0
core_project/apps/umkm/accounting/product_handlers.go:291.35,293.4 1 0
core_project/apps/umkm/accounting/product_handlers.go:294.3,294.21 1 0
core_project/apps/umkm/accounting/product_handlers.go:296.2,296.34 1 0
core_project/apps/umkm/accounting/product_handlers.go:299.31,299.78 2 0
core_project/apps/umkm/accounting/product_handlers.go:300.31,300.68 2 0
core_project/apps/umkm/accounting/product_handlers.go:304.67,306.20 2 0
core_project/apps/umkm/accounting/product_handlers.go:306.20,309.3 2 0
core_project/apps/umkm/accounting/product_handlers.go:310.2,310.32 1 0
core_project/apps/umkm/accounting/product_handlers.go:310.32,313.3 2 0
core_project/apps/umkm/accounting/product_handlers.go:315.2,320.16 2 0
core_project/apps/umkm/accounting/product_handlers.go:320.16,323.3 2 0
core_project/apps/umkm/accounting/product_handlers.go:324.2,333.18 7 0
core_project/apps/umkm/accounting/product_handlers.go:333.18,338.103 5 0
core_project/apps/umkm/accounting/product_handlers.go:338.103,345.4 3 0
core_project/apps/umkm/accounting/rag_handlers.go:25.70,27.20 2 0
core_project/apps/umkm/accounting/rag_handlers.go:27.20,30.3 2 0
core_project/apps/umkm/accounting/rag_handlers.go:31.2,31.33 1 0
core_project/apps/umkm/accounting/rag_handlers.go:31.33,34.3 2 0
core_project/apps/umkm/accounting/rag_handlers.go:36.2,42.61 2 0
core_project/apps/umkm/accounting/rag_handlers.go:42.61,45.3 2 0
core_project/apps/umkm/accounting/rag_handlers.go:46.2,46.21 1 0
core_project/apps/umkm/accounting/rag_handlers.go:46.21,49.3 2 0
core_project/apps/umkm/accounting/rag_handlers.go:50.2,53.16 3 0
core_project/apps/umkm/accounting/rag_handlers.go:53.16,57.3 3 0
core_project/apps/umkm/accounting/rag_handlers.go:59.2,60.16 2 0
core_project/apps/umkm/accounting/rag_handlers.go:60.16,64.3 3 0
core_project/apps/umkm/accounting/rag_handlers.go:65.2,65.72 1 0
core_project/apps/umkm/accounting/rag_handlers.go:73.21,74.24 1 0
core_project/apps/umkm/accounting/rag_handlers.go:74.24,76.3 1 0
core_project/apps/umkm/accounting/rag_handlers.go:77.2,77.19 1 0
core_project/apps/umkm/accounting/rag_handlers.go:77.19,79.3 1 0
core_project/apps/umkm/accounting/rag_handlers.go:80.2,80.24 1 0
core_project/apps/umkm/accounting/rag_handlers.go:80.24,82.3 1 0
core_project/apps/umkm/accounting/rag_handlers.go:85.139,95.16 2 0
core_project/apps/umkm/accounting/rag_handlers.go:95.16,97.3 1 0
core_project/apps/umkm/accounting/rag_handlers.go:98.2,101.18 3 0
core_project/apps/umkm/accounting/rag_handlers.go:101.18,107.98 6 0
core_project/apps/umkm/accounting/rag_handlers.go:107.98,111.23 4 0
core_project/apps/umkm/accounting/rag_handlers.go:111.23,113.5 1 0
core_project/apps/umkm/accounting/rag_handlers.go:114.4,117.6 1 0
core_project/apps/umkm/accounting/rag_handlers.go:120.2,120.20 1 0
core_project/apps/umkm/accounting/rag_handlers.go:120.20,122.3 1 0
core_project/apps/umkm/accounting/rag_handlers.go:123.2,123.21 1 0
core_project/apps/umkm/accounting/rag_handlers.go:126.77,134.16 4 0
core_project/apps/umkm/accounting/rag_handlers.go:134.16,136.3 1 0
core_project/apps/umkm/accounting/rag_handlers.go:137.2,137.47 1 0
core_project/apps/umkm/accounting/rag_handlers.go:137.47,139.3 1 0
core_project/apps/umkm/accounting/rag_handlers.go:140.2,144.16 4 0
core_project/apps/umkm/accounting/rag_handlers.go:144.16,146.3 1 0
core_project/apps/umkm/accounting/rag_handlers.go:147.2,154.67 3 0
core_project/apps/umkm/accounting/rag_handlers.go:154.67,156.3 1 0
core_project/apps/umkm/accounting/rag_handlers.go:157.2,157.27 1 0
core_project/apps/umkm/accounting/rag_handlers.go:157.27,159.3 1 0
core_project/apps/umkm/accounting/rag_handlers.go:160.2,160.38 1 0
core_project/apps/umkm/accounting/rag_handlers.go:163.76,164.33 1 0
core_project/apps/umkm/accounting/rag_handlers.go:164.33,167.3 2 0
core_project/apps/umkm/accounting/rag_handlers.go:169.2,183.61 2 0
core_project/apps/umkm/accounting/rag_handlers.go:183.61,186.3 2 0
core_project/apps/umkm/accounting/rag_handlers.go:187.2,187.48 1 0
core_project/apps/umkm/accounting/rag_handlers.go:187.48,190.3 2 0
core_project/apps/umkm/accounting/rag_handlers.go:191.2,191.23 1 0
core_project/apps/umkm/accounting/rag_handlers.go:191.23,193.3 1 0
core_project/apps/umkm/accounting/rag_handlers.go:195.2,198.25 3 0
core_project/apps/umkm/accounting/rag_handlers.go:198.25,200.3 1 0
core_project/apps/umkm/accounting/rag_handlers.go:200.8,206.17 2 0
core_project/apps/umkm/accounting/rag_handlers.go:206.17,211.18 2 0
core_project/apps/umkm/accounting/rag_handlers.go:211.18,214.5 2 0
core_project/apps/umkm/accounting/rag_handlers.go:218.2,244.4 5 0
core_project/apps/umkm/accounting/rag_handlers.go:247.74,248.33 1 0
core_project/apps/umkm/accounting/rag_handlers.go:248.33,251.3 2 0
core_project/apps/umkm/accounting/rag_handlers.go:253.2,260.61 2 0
core_project/apps/umkm/accounting/rag_handlers.go:260.61,263.3 2 0
core_project/apps/umkm/accounting/rag_handlers.go:264.2,264.24 1 0
core_project/apps/umkm/accounting/rag_handlers.go:264.24,267.3 2 0
core_project/apps/umkm/accounting/rag_handlers.go:269.2,271.25 2 0
core_project/apps/umkm/accounting/rag_handlers.go:271.25,277.3 1 0
core_project/apps/umkm/accounting/rag_handlers.go:279.2,287.16 3 0
core_project/apps/umkm/accounting/rag_handlers.go:287.16,290.3 2 0
core_project/apps/umkm/accounting/rag_handlers.go:292.2,295.4 1 0
core_project/apps/umkm/accounting/rag_handlers.go:298.65,300.20 2 0
core_project/apps/umkm/accounting/rag_handlers.go:300.20,303.3 2 0
core_project/apps/umkm/accounting/rag_handlers.go:304.2,304.32 1 0
core_project/apps/umkm/accounting/rag_handlers.go:304.32,307.3 2 0
core_project/apps/umkm/accounting/rag_handlers.go:309.2,312.16 2 0
core_project/apps/umkm/accounting/rag_handlers.go:312.16,315.3 2 0
core_project/apps/umkm/accounting/rag_handlers.go:316.2,319.18 3 0
core_project/apps/umkm/accounting/rag_handlers.go:319.18,321.48 2 0
core_project/apps/umkm/accounting/rag_handlers.go:321.48,325.4 1 0
core_project/apps/umkm/accounting/rag_handlers.go:327.2,327.17 1 0
core_project/apps/umkm/accounting/rag_handlers.go:327.17,329.3 1 0
core_project/apps/umkm/accounting/rag_handlers.go:331.2,331.69 1 0
core_project/apps/umkm/accounting/rag_handlers.go:334.69,336.20 2 0
core_project/apps/umkm/accounting/rag_handlers.go:336.20,339.3 2 0
core_project/apps/umkm/accounting/rag_handlers.go:340.2,340.32 1 0
core_project/apps/umkm/accounting/rag_handlers.go:340.32,343.3 2 0
core_project/apps/umkm/accounting/rag_handlers.go:345.2,349.16 2 0
core_project/apps/umkm/accounting/rag_handlers.go:349.16,352.3 2 0
core_project/apps/umkm/accounting/rag_handlers.go:353.2,356.18 3 0
core_project/apps/umkm/accounting/rag_handlers.go:356.18,360.69 4 0
core_project/apps/umkm/accounting/rag_handlers.go:360.69,365.4 1 0
core_project/apps/umkm/accounting/rag_handlers.go:367.2,367.21 1 0
core_project/apps/umkm/accounting/rag_handlers.go:367.21,369.3 1 0
core_project/apps/umkm/accounting/rag_handlers.go:371.2,371.73 1 0
core_project/apps/umkm/accounting/rag_handlers.go:374.70,376.20 2 0
core_project/apps/umkm/accounting/rag_handlers.go:376.20,379.3 2 0
core_project/apps/umkm/accounting/rag_handlers.go:380.2,380.33 1 0
core_project/apps/umkm/accounting/rag_handlers.go:380.33,383.3 2 0
core_project/apps/umkm/accounting/rag_handlers.go:385.2,391.61 2 0
core_project/apps/umkm/accounting/rag_handlers.go:391.61,394.3 2 0
core_project/apps/umkm/accounting/rag_handlers.go:395.2,395.69 1 0
core_project/apps/umkm/accounting/rag_handlers.go:395.69,398.3 2 0
core_project/apps/umkm/accounting/rag_handlers.go:399.2,399.24 1 0
core_project/apps/umkm/accounting/rag_handlers.go:399.24,401.3 1 0
core_project/apps/umkm/accounting/rag_handlers.go:403.2,404.16 2 0
core_project/apps/umkm/accounting/rag_handlers.go:404.16,407.3 2 0
core_project/apps/umkm/accounting/rag_handlers.go:409.2,417.16 3 0
core_project/apps/umkm/accounting/rag_handlers.go:417.16,421.3 3 0
core_project/apps/umkm/accounting/rag_handlers.go:423.2,426.4 1 0
core_project/apps/umkm/accounting/rag_handlers.go:429.42,432.22 3 1
core_project/apps/umkm/accounting/rag_handlers.go:432.22,433.12 1 1
core_project/apps/umkm/accounting/rag_handlers.go:433.12,435.4 1 1
core_project/apps/umkm/accounting/rag_handlers.go:436.3,436.28 1 1
core_project/apps/umkm/accounting/rag_handlers.go:438.2,439.19 2 1
core_project/apps/umkm/accounting/report_handlers.go:20.68,25.46 4 0
core_project/apps/umkm/accounting/report_handlers.go:25.46,28.3 2 0
core_project/apps/umkm/accounting/report_handlers.go:30.2,30.15 1 0
core_project/apps/umkm/accounting/report_handlers.go:30.15,33.3 2 0
core_project/apps/umkm/accounting/report_handlers.go:36.2,45.16 3 0
core_project/apps/umkm/accounting/report_handlers.go:45.16,48.3 2 0
core_project/apps/umkm/accounting/report_handlers.go:49.2,53.18 4 0
core_project/apps/umkm/accounting/report_handlers.go:53.18,56.58 3 0
core_project/apps/umkm/accounting/report_handlers.go:56.58,58.24 1 0
core_project/apps/umkm/accounting/report_handlers.go:58.24,61.5 2 0
core_project/apps/umkm/accounting/report_handlers.go:61.10,63.5 1 0
core_project/apps/umkm/accounting/report_handlers.go:64.4,64.92 1 0
core_project/apps/umkm/accounting/report_handlers.go:68.2,77.4 2 0
core_project/apps/umkm/accounting/report_handlers.go:80.63,83.20 3 0
core_project/apps/umkm/accounting/report_handlers.go:83.20,86.3 2 0
core_project/apps/umkm/accounting/report_handlers.go:87.2,87.18 1 0
core_project/apps/umkm/accounting/report_handlers.go:87.18,89.3 1 0
core_project/apps/umkm/accounting/report_handlers.go:90.2,90.63 1 0
core_project/apps/umkm/accounting/report_handlers.go:90.63,93.3 2 0
core_project/apps/umkm/accounting/report_handlers.go:94.2,105.4 3 0
core_project/apps/umkm/accounting/report_handlers.go:108.103,113.16 4 0
core_project/apps/umkm/accounting/report_handlers.go:113.16,115.3 1 0
core_project/apps/umkm/accounting/report_handlers.go:116.2,119.22 3 0
core_project/apps/umkm/accounting/report_handlers.go:119.22,120.19 1 0
core_project/apps/umkm/accounting/report_handlers.go:120.19,123.42 3 0
core_project/apps/umkm/accounting/report_handlers.go:123.42,125.5 1 0
core_project/apps/umkm/accounting/report_handlers.go:127.8,128.19 1 0
core_project/apps/umkm/accounting/report_handlers.go:128.19,131.42 3 0
core_project/apps/umkm/accounting/report_handlers.go:131.42,133.5 1 0
core_project/apps/umkm/accounting/report_handlers.go:136.2,136.23 1 0
core_project/apps/umkm/accounting/report_handlers.go:139.39,149.16 2 0
core_project/apps/umkm/accounting/report_handlers.go:150.14,151.85 1 0
core_project/apps/umkm/accounting/report_handlers.go:152.15,153.86 1 0
core_project/apps/umkm/accounting/report_handlers.go:154.14,165.47 1 0
core_project/apps/umkm/accounting/report_handlers.go:166.10,167.12 1 0
core_project/apps/umkm/accounting/report_handlers.go:171.42,173.16 2 0
core_project/apps/umkm/accounting/report_handlers.go:174.14,175.27 1 0
core_project/apps/umkm/accounting/report_handlers.go:175.27,177.4 1 0
core_project/apps/umkm/accounting/report_handlers.go:178.15,179.28 1 0
core_project/apps/umkm/accounting/report_handlers.go:179.28,181.4 1 0
core_project/apps/umkm/accounting/report_handlers.go:182.14,183.28 1 0
core_project/apps/umkm/accounting/report_handlers.go:183.28,185.4 1 0
core_project/apps/umkm/accounting/report_handlers.go:187.2,187.15 1 0
core_project/apps/umkm/accounting/report_handlers.go:190.95,192.29 2 0
core_project/apps/umkm/accounting/report_handlers.go:192.29,194.31 2 0
core_project/apps/umkm/accounting/report_handlers.go:194.31,196.4 1 0
core_project/apps/umkm/accounting/report_handlers.go:197.3,200.12 4 0
core_project/apps/umkm/accounting/report_handlers.go:200.12,202.4 1 0
core_project/apps/umkm/accounting/report_handlers.go:203.3,203.29 1 0
core_project/apps/umkm/accounting/report_handlers.go:205.2,205.33 1 0
core_project/apps/umkm/accounting/report_handlers.go:208.64,210.20 2 0
core_project/apps/umkm/accounting/report_handlers.go:210.20,213.3 2 0
core_project/apps/umkm/accounting/report_handlers.go:214.2,215.46 2 0
core_project/apps/umkm/accounting/report_handlers.go:215.46,216.64 1 0
core_project/apps/umkm/accounting/report_handlers.go:216.64,218.4 1 0
core_project/apps/umkm/accounting/report_handlers.go:221.2,238.16 4 0
core_project/apps/umkm/accounting/report_handlers.go:238.16,241.3 2 0
core_project/apps/umkm/accounting/report_handlers.go:242.2,245.18 3 0
core_project/apps/umkm/accounting/report_handlers.go:245.18,248.63 3 0
core_project/apps/umkm/accounting/report_handlers.go:248.63,254.4 1 0
core_project/apps/umkm/accounting/report_handlers.go:256.2,256.21 1 0
core_project/apps/umkm/accounting/report_handlers.go:256.21,258.3 1 0
core_project/apps/umkm/accounting/report_handlers.go:259.2,259.73 1 0
core_project/apps/umkm/accounting/report_handlers.go:262.71,264.20 2 0
core_project/apps/umkm/accounting/report_handlers.go:264.20,267.3 2 0
core_project/apps/umkm/accounting/report_handlers.go:268.2,269.46 2 0
core_project/apps/umkm/accounting/report_handlers.go:269.46,270.65 1 0
core_project/apps/umkm/accounting/report_handlers.go:270.65,272.4 1 0
core_project/apps/umkm/accounting/report_handlers.go:275.2,288.16 4 0
core_project/apps/umkm/accounting/report_handlers.go:288.16,291.3 2 0
core_project/apps/umkm/accounting/report_handlers.go:292.2,301.18 4 0
core_project/apps/umkm/accounting/report_handlers.go:301.18,303.76 2 0
core_project/apps/umkm/accounting/report_handlers.go:303.76,305.4 1 0
core_project/apps/umkm/accounting/report_handlers.go:307.2,307.16 1 0
core_project/apps/umkm/accounting/report_handlers.go:307.16,309.3 1 0
core_project/apps/umkm/accounting/report_handlers.go:310.2,310.68 1 0
core_project/apps/umkm/accounting/settings_handlers.go:13.61,15.20 2 0
core_project/apps/umkm/accounting/settings_handlers.go:15.20,18.3 2 0
core_project/apps/umkm/accounting/settings_handlers.go:19.2,19.15 1 0
core_project/apps/umkm/accounting/settings_handlers.go:19.15,22.3 2 0
core_project/apps/umkm/accounting/settings_handlers.go:23.2,23.18 1 0
core_project/apps/umkm/accounting/settings_handlers.go:24.22,25.30 1 0
core_project/apps/umkm/accounting/settings_handlers.go:26.22,27.30 1 0
core_project/apps/umkm/accounting/settings_handlers.go:28.10,29.93 1 0
core_project/apps/umkm/accounting/settings_handlers.go:33.75,40.16 4 0
core_project/apps/umkm/accounting/settings_handlers.go:40.16,43.3 2 0
core_project/apps/umkm/accounting/settings_handlers.go:45.2,45.47 1 0
core_project/apps/umkm/accounting/settings_handlers.go:45.47,46.15 1 0
core_project/apps/umkm/accounting/settings_handlers.go:46.15,48.4 1 0
core_project/apps/umkm/accounting/settings_handlers.go:49.3,49.14 1 0
core_project/apps/umkm/accounting/settings_handlers.go:51.2,51.45 1 0
core_project/apps/umkm/accounting/settings_handlers.go:51.45,52.15 1 0
core_project/apps/umkm/accounting/settings_handlers.go:52.15,54.4 1 0
core_project/apps/umkm/accounting/settings_handlers.go:55.3,55.14 1 0
core_project/apps/umkm/accounting/settings_handlers.go:58.2,69.4 1 0
core_project/apps/umkm/accounting/settings_handlers.go:72.75,82.61 2 0
core_project/apps/umkm/accounting/settings_handlers.go:82.61,85.3 2 0
core_project/apps/umkm/accounting/settings_handlers.go:87.2,89.47 3 0
core_project/apps/umkm/accounting/settings_handlers.go:89.47,91.3 1 0
core_project/apps/umkm/accounting/settings_handlers.go:93.2,99.16 2 0
core_project/apps/umkm/accounting/settings_handlers.go:99.16,102.3 2 0
core_project/apps/umkm/accounting/settings_handlers.go:103.2,103.99 1 0
core_project/apps/umkm/accounting/transaction_handlers.go:13.65,14.32 1 1
core_project/apps/umkm/accounting/transaction_handlers.go:14.32,17.3 2 0
core_project/apps/umkm/accounting/transaction_handlers.go:18.2,18.33 1 1
core_project/apps/umkm/accounting/transaction_handlers.go:18.33,21.3 2 0
core_project/apps/umkm/accounting/transaction_handlers.go:22.2,23.20 2 1
core_project/apps/umkm/accounting/transaction_handlers.go:23.20,26.3 2 0
core_project/apps/umkm/accounting/transaction_handlers.go:28.2,29.61 2 1
core_project/apps/umkm/accounting/transaction_handlers.go:29.61,32.3 2 0
core_project/apps/umkm/accounting/transaction_handlers.go:35.2,36.30 2 1
core_project/apps/umkm/accounting/transaction_handlers.go:36.30,39.3 2 1
core_project/apps/umkm/accounting/transaction_handlers.go:40.2,40.31 1 1
core_project/apps/umkm/accounting/transaction_handlers.go:40.31,43.3 2 1
core_project/apps/umkm/accounting/transaction_handlers.go:44.2,44.21 1 1
core_project/apps/umkm/accounting/transaction_handlers.go:44.21,47.3 2 0
core_project/apps/umkm/accounting/transaction_handlers.go:49.2,49.15 1 1
core_project/apps/umkm/accounting/transaction_handlers.go:49.15,50.13 1 1
core_project/apps/umkm/accounting/transaction_handlers.go:50.13,53.4 2 1
core_project/apps/umkm/accounting/transaction_handlers.go:54.3,55.9 2 0
core_project/apps/umkm/accounting/transaction_handlers.go:58.2,60.16 3 0
core_project/apps/umkm/accounting/transaction_handlers.go:60.16,63.3 2 0
core_project/apps/umkm/accounting/transaction_handlers.go:64.2,71.16 4 0
core_project/apps/umkm/accounting/transaction_handlers.go:71.16,74.3 2 0
core_project/apps/umkm/accounting/transaction_handlers.go:76.2,76.24 1 0
core_project/apps/umkm/accounting/transaction_handlers.go:76.24,81.31 3 0
core_project/apps/umkm/accounting/transaction_handlers.go:81.31,84.4 2 0
core_project/apps/umkm/accounting/transaction_handlers.go:86.3,90.17 3 0
core_project/apps/umkm/accounting/transaction_handlers.go:90.17,93.4 2 0
core_project/apps/umkm/accounting/transaction_handlers.go:96.2,97.130 2 0
core_project/apps/umkm/accounting/transaction_handlers.go:100.68,102.20 2 0
core_project/apps/umkm/accounting/transaction_handlers.go:102.20,105.3 2 0
core_project/apps/umkm/accounting/transaction_handlers.go:107.2,107.15 1 0
core_project/apps/umkm/accounting/transaction_handlers.go:107.15,110.3 2 0
core_project/apps/umkm/accounting/transaction_handlers.go:112.2,122.16 3 0
core_project/apps/umkm/accounting/transaction_handlers.go:122.16,125.3 2 0
core_project/apps/umkm/accounting/transaction_handlers.go:126.2,146.18 6 0
core_project/apps/umkm/accounting/transaction_handlers.go:146.18,151.108 5 0
core_project/apps/umkm/accounting/transaction_handlers.go:151.108,155.22 3 0
core_project/apps/umkm/accounting/transaction_handlers.go:155.22,157.5 1 0
core_project/apps/umkm/accounting/transaction_handlers.go:159.4,159.44 1 0
core_project/apps/umkm/accounting/transaction_handlers.go:159.44,162.5 2 0
core_project/apps/umkm/accounting/transaction_handlers.go:163.4,165.6 1 0
core_project/apps/umkm/accounting/transaction_handlers.go:169.2,170.27 2 0
core_project/apps/umkm/accounting/transaction_handlers.go:170.27,172.3 1 0
core_project/apps/umkm/accounting/transaction_handlers.go:173.2,173.19 1 0
core_project/apps/umkm/accounting/transaction_handlers.go:173.19,175.3 1 0
core_project/apps/umkm/accounting/transaction_handlers.go:177.2,177.71 1 0
core_project/apps/umkm/accounting/webhook_handlers.go:22.67,23.33 1 0
core_project/apps/umkm/accounting/webhook_handlers.go:23.33,26.3 2 0
core_project/apps/umkm/accounting/webhook_handlers.go:28.2,31.61 2 0
core_project/apps/umkm/accounting/webhook_handlers.go:31.61,34.3 2 0
core_project/apps/umkm/accounting/webhook_handlers.go:36.2,42.16 5 0
core_project/apps/umkm/accounting/webhook_handlers.go:42.16,45.3 2 0
core_project/apps/umkm/accounting/webhook_handlers.go:47.2,47.29 1 0
core_project/apps/umkm/accounting/webhook_handlers.go:47.29,50.3 2 0
core_project/apps/umkm/accounting/webhook_handlers.go:53.2,54.16 2 0
core_project/apps/umkm/accounting/webhook_handlers.go:54.16,57.3 2 0
core_project/apps/umkm/accounting/webhook_handlers.go:60.2,70.16 7 0
core_project/apps/umkm/accounting/webhook_handlers.go:70.16,73.3 2 0
core_project/apps/umkm/accounting/webhook_handlers.go:76.2,84.41 3 0
core_project/apps/umkm/accounting/webhook_handlers.go:84.41,86.3 1 0
core_project/apps/umkm/accounting/webhook_handlers.go:89.2,91.40 3 0
core_project/apps/umkm/accounting/webhook_handlers.go:91.40,92.56 1 0
core_project/apps/umkm/accounting/webhook_handlers.go:92.56,97.38 3 0
core_project/apps/umkm/accounting/webhook_handlers.go:97.38,99.5 1 0
core_project/apps/umkm/accounting/webhook_handlers.go:100.4,100.38 1 0
core_project/apps/umkm/accounting/webhook_handlers.go:100.38,102.5 1 0
core_project/apps/umkm/accounting/webhook_handlers.go:105.4,115.18 10 0
core_project/apps/umkm/accounting/webhook_handlers.go:119.2,119.100 1 0
core_project/apps/umkm/accounting/webhook_handlers.go:122.72,123.33 1 0
core_project/apps/umkm/accounting/webhook_handlers.go:123.33,126.3 2 0
core_project/apps/umkm/accounting/webhook_handlers.go:128.2,129.65 2 0
core_project/apps/umkm/accounting/webhook_handlers.go:129.65,132.3 2 0
core_project/apps/umkm/accounting/webhook_handlers.go:134.2,137.45 3 0
core_project/apps/umkm/accounting/webhook_handlers.go:137.45,140.3 2 0
core_project/apps/umkm/accounting/webhook_handlers.go:142.2,148.16 5 0
core_project/apps/umkm/accounting/webhook_handlers.go:148.16,151.3 2 0
core_project/apps/umkm/accounting/webhook_handlers.go:154.2,157.100 4 0
core_project/apps/umkm/accounting/webhook_handlers.go:157.100,160.3 2 0
core_project/apps/umkm/accounting/webhook_handlers.go:162.2,162.29 1 0
core_project/apps/umkm/accounting/webhook_handlers.go:162.29,165.3 2 0
core_project/apps/umkm/accounting/webhook_handlers.go:168.2,169.16 2 0
core_project/apps/umkm/accounting/webhook_handlers.go:169.16,172.3 2 0
core_project/apps/umkm/accounting/webhook_handlers.go:174.2,184.101 5 0
core_project/apps/umkm/accounting/webhook_handlers.go:187.118,196.16 6 0
core_project/apps/umkm/accounting/webhook_handlers.go:196.16,198.3 1 0
core_project/apps/umkm/accounting/webhook_handlers.go:199.2,200.139 2 0
core_project/apps/umkm/accounting/webhook_handlers.go:203.79,210.82 2 0
core_project/apps/umkm/accounting/webhook_handlers.go:210.82,212.3 1 0
core_project/apps/umkm/accounting/webhook_handlers.go:213.2,213.41 1 0
core_project/apps/umkm/accounting/webhook_handlers.go:213.41,215.3 1 0
core_project/apps/umkm/accounting/webhook_handlers.go:218.81,222.40 3 0
core_project/apps/umkm/accounting/webhook_handlers.go:222.40,224.3 1 0
core_project/apps/umkm/accounting/webhook_handlers.go:225.2,225.45 1 0
core_project/apps/umkm/accounting/webhook_handlers.go:225.45,229.37 3 0
core_project/apps/umkm/accounting/webhook_handlers.go:229.37,231.4 1 0
core_project/apps/umkm/accounting/webhook_handlers.go:232.3,232.37 1 0
core_project/apps/umkm/accounting/webhook_handlers.go:232.37,234.4 1 0
core_project/apps/umkm/accounting/webhook_handlers.go:236.3,246.17 10 0
core_project/apps/umkm/accounting/webhook_handlers.go:250.70,253.21 3 0
core_project/apps/umkm/accounting/webhook_handlers.go:253.21,256.3 2 0
core_project/apps/umkm/accounting/webhook_handlers.go:258.2,260.16 3 0
core_project/apps/umkm/accounting/webhook_handlers.go:260.16,263.3 2 0
core_project/apps/umkm/accounting/webhook_handlers.go:265.2,268.4 1 0
core_project/apps/umkm/accounting/webhook_handlers.go:271.63,275.32 3 0
core_project/apps/umkm/accounting/webhook_handlers.go:275.32,277.17 2 0
core_project/apps/umkm/accounting/webhook_handlers.go:277.17,280.4 2 0
core_project/apps/umkm/accounting/webhook_handlers.go:281.3,284.19 3 0
core_project/apps/umkm/accounting/webhook_handlers.go:284.19,286.49 2 0
core_project/apps/umkm/accounting/webhook_handlers.go:286.49,288.5 1 0
core_project/apps/umkm/accounting/webhook_handlers.go:290.3,291.9 2 0
core_project/apps/umkm/accounting/webhook_handlers.go:294.2,294.33 1 0
core_project/apps/umkm/accounting/webhook_handlers.go:294.33,298.62 2 0
core_project/apps/umkm/accounting/webhook_handlers.go:298.62,301.4 2 0
core_project/apps/umkm/accounting/webhook_handlers.go:302.3,304.17 3 0
core_project/apps/umkm/accounting/webhook_handlers.go:304.17,307.4 2 0
core_project/apps/umkm/accounting/webhook_handlers.go:308.3,309.9 2 0
core_project/apps/umkm/accounting/webhook_handlers.go:312.2,312.35 1 0
core_project/apps/umkm/accounting/webhook_handlers.go:312.35,317.3 4 0
core_project/apps/umkm/accounting/webhook_handlers.go:319.2,319.86 1 0
core_project/services/ai-gateway/audio.go:17.63,18.33 1 0
core_project/services/ai-gateway/audio.go:18.33,21.3 2 0
core_project/services/ai-gateway/audio.go:22.2,23.61 2 0
core_project/services/ai-gateway/audio.go:23.61,26.3 2 0
core_project/services/ai-gateway/audio.go:29.2,30.63 2 0
core_project/services/ai-gateway/audio.go:30.63,32.3 1 0
core_project/services/ai-gateway/audio.go:33.2,33.20 1 0
core_project/services/ai-gateway/audio.go:33.20,35.3 1 0
core_project/services/ai-gateway/audio.go:38.2,42.4 1 0
core_project/services/ai-gateway/audio.go:51.58,52.33 1 0
core_project/services/ai-gateway/audio.go:52.33,55.3 2 0
core_project/services/ai-gateway/audio.go:56.2,57.61 2 0
core_project/services/ai-gateway/audio.go:57.61,60.3 2 0
core_project/services/ai-gateway/audio.go:63.2,64.63 2 0
core_project/services/ai-gateway/audio.go:64.63,66.3 1 0
core_project/services/ai-gateway/audio.go:67.2,67.20 1 0
core_project/services/ai-gateway/audio.go:67.20,69.3 1 0
core_project/services/ai-gateway/audio.go:72.2,76.4 1 0
core_project/services/ai-gateway/cache.go:10.68,14.2 3 0
core_project/services/ai-gateway/cache.go:16.65,17.18 1 0
core_project/services/ai-gateway/cache.go:17.18,19.30 2 0
core_project/services/ai-gateway/cache.go:19.30,21.4 1 0
core_project/services/ai-gateway/cache.go:23.2,23.18 1 0
core_project/services/ai-gateway/cache.go:26.73,27.18 1 0
core_project/services/ai-gateway/cache.go:27.18,29.3 1 0
core_project/services/ai-gateway/db.go:18.39,23.16 3 0
core_project/services/ai-gateway/db.go:23.16,25.3 1 0
core_project/services/ai-gateway/db.go:27.2,27.56 1 0
core_project/services/ai-gateway/db.go:27.56,29.3 1 0
core_project/services/ai-gateway/db.go:31.2,33.12 3 0
core_project/services/ai-gateway/db.go:36.42,43.64 2 0
core_project/services/ai-gateway/db.go:43.64,45.3 1 0
core_project/services/ai-gateway/db.go:47.2,49.12 3 0
core_project/services/ai-gateway/embeddings.go:11.96,12.17 1 0
core_project/services/ai-gateway/embeddings.go:12.17,14.3 1 0
core_project/services/ai-gateway/embeddings.go:15.2,23.16 7 0
core_project/services/ai-gateway/embeddings.go:23.16,25.3 1 0
core_project/services/ai-gateway/embeddings.go:26.2,33.67 3 0
core_project/services/ai-gateway/embeddings.go:33.67,35.3 1 0
core_project/services/ai-gateway/embeddings.go:36.2,36.27 1 0
core_project/services/ai-gateway/embeddings.go:36.27,38.3 1 0
core_project/services/ai-gateway/embeddings.go:39.2,39.38 1 0
core_project/services/ai-gateway/embeddings.go:42.90,54.16 7 0
core_project/services/ai-gateway/embeddings.go:54.16,56.3 1 0
core_project/services/ai-gateway/embeddings.go:57.2,64.67 3 0
core_project/services/ai-gateway/embeddings.go:64.67,66.3 1 0
core_project/services/ai-gateway/embeddings.go:67.2,67.27 1 0
core_project/services/ai-gateway/embeddings.go:67.27,69.3 1 0
core_project/services/ai-gateway/embeddings.go:70.2,70.38 1 0
core_project/services/ai-gateway/handlers.go:25.66,26.23 1 0
core_project/services/ai-gateway/handlers.go:26.23,28.3 1 0
core_project/services/ai-gateway/handlers.go:29.2,29.50 1 0
core_project/services/ai-gateway/handlers.go:29.50,31.3 1 0
core_project/services/ai-gateway/handlers.go:32.2,32.23 1 0
core_project/services/ai-gateway/handlers.go:37.101,38.26 1 0
core_project/services/ai-gateway/handlers.go:38.26,40.3 1 0
core_project/services/ai-gateway/handlers.go:41.2,42.10 2 0
core_project/services/ai-gateway/handlers.go:42.10,44.3 1 0
core_project/services/ai-gateway/handlers.go:45.2,55.13 5 0
core_project/services/ai-gateway/handlers.go:59.78,60.26 1 0
core_project/services/ai-gateway/handlers.go:60.26,62.3 1 0
core_project/services/ai-gateway/handlers.go:63.2,64.16 2 0
core_project/services/ai-gateway/handlers.go:64.16,66.3 1 0
core_project/services/ai-gateway/handlers.go:67.2,67.38 1 0
core_project/services/ai-gateway/handlers.go:70.57,71.33 1 1
core_project/services/ai-gateway/handlers.go:71.33,74.3 2 1
core_project/services/ai-gateway/handlers.go:76.2,79.61 3 0
core_project/services/ai-gateway/handlers.go:79.61,82.3 2 0
core_project/services/ai-gateway/handlers.go:84.2,84.23 1 0
core_project/services/ai-gateway/handlers.go:84.23,87.3 2 0
core_project/services/ai-gateway/handlers.go:89.2,92.42 3 0
core_project/services/ai-gateway/handlers.go:92.42,94.3 1 0
core_project/services/ai-gateway/handlers.go:96.2,97.16 2 0
core_project/services/ai-gateway/handlers.go:97.16,104.3 3 0
core_project/services/ai-gateway/handlers.go:106.2,121.15 13 0
core_project/services/ai-gateway/handlers.go:121.15,126.19 2 0
core_project/services/ai-gateway/handlers.go:126.19,128.4 1 0
core_project/services/ai-gateway/handlers.go:131.2,141.4 1 0
core_project/services/ai-gateway/handlers.go:144.63,145.33 1 0
core_project/services/ai-gateway/handlers.go:145.33,148.3 2 0
core_project/services/ai-gateway/handlers.go:150.2,151.61 2 0
core_project/services/ai-gateway/handlers.go:151.61,154.3 2 0
core_project/services/ai-gateway/handlers.go:155.2,155.23 1 0
core_project/services/ai-gateway/handlers.go:155.23,158.3 2 0
core_project/services/ai-gateway/handlers.go:159.2,165.9 6 0
core_project/services/ai-gateway/handlers.go:165.9,168.3 2 0
core_project/services/ai-gateway/handlers.go:170.2,171.24 2 0
core_project/services/ai-gateway/handlers.go:171.24,173.3 1 0
core_project/services/ai-gateway/handlers.go:175.2,182.16 2 0
core_project/services/ai-gateway/handlers.go:182.16,186.3 3 0
core_project/services/ai-gateway/handlers.go:187.2,189.6 2 0
core_project/services/ai-gateway/handlers.go:189.6,191.20 2 0
core_project/services/ai-gateway/handlers.go:191.20,195.4 3 0
core_project/services/ai-gateway/handlers.go:196.3,196.17 1 0
core_project/services/ai-gateway/handlers.go:196.17,200.4 3 0
core_project/services/ai-gateway/handlers.go:202.3,203.20 2 0
core_project/services/ai-gateway/handlers.go:203.20,207.4 3 0
core_project/services/ai-gateway/handlers.go:211.59,221.2 1 1
core_project/services/ai-gateway/handlers.go:223.63,224.32 1 0
core_project/services/ai-gateway/handlers.go:224.32,227.3 2 0
core_project/services/ai-gateway/handlers.go:229.2,230.38 2 0
core_project/services/ai-gateway/handlers.go:230.38,247.3 1 0
core_project/services/ai-gateway/handlers.go:249.2,252.4 1 0
core_project/services/ai-gateway/handlers.go:255.60,283.42 22 0
core_project/services/ai-gateway/handlers.go:283.42,285.3 1 0
core_project/services/ai-gateway/handlers.go:286.2,288.36 2 0
core_project/services/ai-gateway/handlers.go:291.63,292.33 1 0
core_project/services/ai-gateway/handlers.go:292.33,295.3 2 0
core_project/services/ai-gateway/handlers.go:297.2,302.61 2 0
core_project/services/ai-gateway/handlers.go:302.61,305.3 2 0
core_project/services/ai-gateway/handlers.go:306.2,306.21 1 0
core_project/services/ai-gateway/handlers.go:306.21,309.3 2 0
core_project/services/ai-gateway/handlers.go:310.2,316.18 5 0
core_project/services/ai-gateway/handlers.go:316.18,318.3 1 0
core_project/services/ai-gateway/handlers.go:318.8,318.39 1 0
core_project/services/ai-gateway/handlers.go:318.39,320.3 1 0
core_project/services/ai-gateway/handlers.go:320.8,323.3 2 0
core_project/services/ai-gateway/handlers.go:325.2,325.16 1 0
core_project/services/ai-gateway/handlers.go:325.16,329.3 3 0
core_project/services/ai-gateway/handlers.go:331.2,338.4 1 0
core_project/services/ai-gateway/handlers.go:341.61,345.2 3 1
core_project/services/ai-gateway/image.go:17.66,18.33 1 0
core_project/services/ai-gateway/image.go:18.33,21.3 2 0
core_project/services/ai-gateway/image.go:22.2,23.61 2 0
core_project/services/ai-gateway/image.go:23.61,26.3 2 0
core_project/services/ai-gateway/image.go:29.2,30.63 2 0
core_project/services/ai-gateway/image.go:30.63,32.3 1 0
core_project/services/ai-gateway/image.go:33.2,33.20 1 0
core_project/services/ai-gateway/image.go:33.20,37.3 2 0
core_project/services/ai-gateway/image.go:40.2,44.4 1 0
core_project/services/ai-gateway/llm.go:15.108,17.24 2 0
core_project/services/ai-gateway/llm.go:17.24,19.3 1 0
core_project/services/ai-gateway/llm.go:21.2,22.19 2 0
core_project/services/ai-gateway/llm.go:22.19,24.3 1 0
core_project/services/ai-gateway/llm.go:26.2,30.116 3 0
core_project/services/ai-gateway/llm.go:30.116,31.17 1 0
core_project/services/ai-gateway/llm.go:31.17,32.12 1 0
core_project/services/ai-gateway/llm.go:34.3,34.40 1 0
core_project/services/ai-gateway/llm.go:34.40,36.4 1 0
core_project/services/ai-gateway/llm.go:39.2,40.23 2 0
core_project/services/ai-gateway/llm.go:40.23,42.3 1 0
core_project/services/ai-gateway/llm.go:44.2,44.26 1 0
core_project/services/ai-gateway/llm.go:44.26,47.12 2 0
core_project/services/ai-gateway/llm.go:47.12,49.4 1 0
core_project/services/ai-gateway/llm.go:50.3,52.17 3 0
core_project/services/ai-gateway/llm.go:52.17,54.4 1 0
core_project/services/ai-gateway/llm.go:55.3,55.74 1 0
core_project/services/ai-gateway/llm.go:58.2,58.64 1 0
core_project/services/ai-gateway/llm.go:61.52,62.35 1 0
core_project/services/ai-gateway/llm.go:62.35,63.41 1 0
core_project/services/ai-gateway/llm.go:63.41,65.4 1 0
core_project/services/ai-gateway/llm.go:67.2,67.12 1 0
core_project/services/ai-gateway/llm.go:70.125,71.18 1 0
core_project/services/ai-gateway/llm.go:71.18,73.3 1 0
core_project/services/ai-gateway/llm.go:75.2,81.19 3 0
core_project/services/ai-gateway/llm.go:81.19,83.3 1 0
core_project/services/ai-gateway/llm.go:84.2,87.25 3 0
core_project/services/ai-gateway/llm.go:87.25,93.17 2 0
core_project/services/ai-gateway/llm.go:93.17,95.4 1 0
core_project/services/ai-gateway/llm.go:97.3,99.58 3 0
core_project/services/ai-gateway/llm.go:102.2,102.26 1 0
core_project/services/ai-gateway/llm.go:105.95,106.70 1 0
core_project/services/ai-gateway/llm.go:106.70,108.3 1 0
core_project/services/ai-gateway/llm.go:109.2,109.51 1 0
core_project/services/ai-gateway/llm.go:109.51,111.3 1 0
core_project/services/ai-gateway/llm.go:112.2,112.37 1 0
core_project/services/ai-gateway/llm.go:112.37,114.3 1 0
core_project/services/ai-gateway/llm.go:115.2,115.23 1 0
core_project/services/ai-gateway/llm.go:118.89,119.25 1 0
core_project/services/ai-gateway/llm.go:119.25,121.3 1 0
core_project/services/ai-gateway/llm.go:122.2,123.16 2 0
core_project/services/ai-gateway/llm.go:123.16,125.3 1 0
core_project/services/ai-gateway/llm.go:126.2,127.38 2 0
core_project/services/ai-gateway/llm.go:127.38,128.23 1 0
core_project/services/ai-gateway/llm.go:128.23,130.4 1 0
core_project/services/ai-gateway/llm.go:132.2,132.33 1 0
core_project/services/ai-gateway/llm.go:135.70,136.38 1 0
core_project/services/ai-gateway/llm.go:136.38,137.63 1 0
core_project/services/ai-gateway/llm.go:137.63,139.4 1 0
core_project/services/ai-gateway/llm.go:141.2,141.33 1 0
core_project/services/ai-gateway/llm.go:144.49,145.38 1 0
core_project/services/ai-gateway/llm.go:145.38,146.18 1 0
core_project/services/ai-gateway/llm.go:146.18,148.4 1 0
core_project/services/ai-gateway/llm.go:150.2,150.33 1 0
core_project/services/ai-gateway/llm.go:153.37,162.2 1 0
core_project/services/ai-gateway/llm.go:164.59,165.55 1 0
core_project/services/ai-gateway/llm.go:165.55,167.20 2 0
core_project/services/ai-gateway/llm.go:167.20,169.4 1 0
core_project/services/ai-gateway/llm.go:171.2,171.14 1 0
core_project/services/ai-gateway/llm.go:174.52,176.21 2 0
core_project/services/ai-gateway/llm.go:176.21,178.3 1 0
core_project/services/ai-gateway/llm.go:179.2,179.27 1 0
core_project/services/ai-gateway/llm.go:182.68,183.38 1 0
core_project/services/ai-gateway/llm.go:183.38,184.22 1 0
core_project/services/ai-gateway/llm.go:184.22,186.4 1 0
core_project/services/ai-gateway/llm.go:189.2,189.9 1 0
core_project/services/ai-gateway/llm.go:190.46,191.78 1 0
core_project/services/ai-gateway/llm.go:192.43,193.79 1 0
core_project/services/ai-gateway/llm.go:194.43,195.79 1 0
core_project/services/ai-gateway/llm.go:196.10,197.11 1 0
core_project/services/ai-gateway/main.go:88.13,90.2 1 1
core_project/services/ai-gateway/main.go:92.13,98.36 4 0
core_project/services/ai-gateway/main.go:98.36,100.3 1 0
core_project/services/ai-gateway/main.go:100.8,102.3 1 0
core_project/services/ai-gateway/main.go:104.2,104.39 1 0
core_project/services/ai-gateway/main.go:104.39,106.3 1 0
core_project/services/ai-gateway/main.go:106.8,108.3 1 0
core_project/services/ai-gateway/main.go:110.2,151.48 19 0
core_project/services/ai-gateway/main.go:151.48,153.3 1 0
core_project/services/ai-gateway/main.go:159.62,160.71 1 0
core_project/services/ai-gateway/main.go:160.71,162.21 2 0
core_project/services/ai-gateway/main.go:162.21,164.4 1 0
core_project/services/ai-gateway/main.go:165.3,165.23 1 0
core_project/services/ai-gateway/main.go:169.56,170.71 1 0
core_project/services/ai-gateway/main.go:170.71,174.3 3 0
core_project/services/ai-gateway/main.go:178.58,179.71 1 0
core_project/services/ai-gateway/main.go:179.71,180.19 1 0
core_project/services/ai-gateway/main.go:180.19,183.4 2 0
core_project/services/ai-gateway/main.go:185.3,186.21 2 0
core_project/services/ai-gateway/main.go:186.21,188.4 1 0
core_project/services/ai-gateway/main.go:190.3,203.17 11 0
core_project/services/ai-gateway/main.go:203.17,207.4 3 0
core_project/services/ai-gateway/main.go:209.3,209.27 1 0
core_project/services/ai-gateway/main.go:209.27,212.4 2 0
core_project/services/ai-gateway/main.go:214.3,214.23 1 0
core_project/services/ai-gateway/vision.go:18.59,19.33 1 0
core_project/services/ai-gateway/vision.go:19.33,22.3 2 0
core_project/services/ai-gateway/vision.go:23.2,24.61 2 0
core_project/services/ai-gateway/vision.go:24.61,27.3 2 0
core_project/services/ai-gateway/vision.go:28.2,28.24 1 0
core_project/services/ai-gateway/vision.go:28.24,31.3 2 0
core_project/services/ai-gateway/vision.go:34.2,35.63 2 0
core_project/services/ai-gateway/vision.go:35.63,37.3 1 0
core_project/services/ai-gateway/vision.go:38.2,38.20 1 0
core_project/services/ai-gateway/vision.go:38.20,40.74 2 0
core_project/services/ai-gateway/vision.go:40.74,47.4 2 0
core_project/services/ai-gateway/vision.go:48.3,48.62 1 0
core_project/services/ai-gateway/vision.go:53.2,54.20 2 0
core_project/services/ai-gateway/vision.go:55.28,56.82 1 0
core_project/services/ai-gateway/vision.go:57.26,58.133 1 0
core_project/services/ai-gateway/vision.go:59.10,60.91 1 0
core_project/services/ai-gateway/vision.go:63.2,67.4 1 0
core_project/services/api-gateway/handlers.go:23.73,27.16 4 0
core_project/services/api-gateway/handlers.go:27.16,30.3 2 0
core_project/services/api-gateway/handlers.go:31.2,31.72 1 0
core_project/services/api-gateway/handlers.go:34.106,51.54 2 0
core_project/services/api-gateway/handlers.go:51.54,58.32 5 0
core_project/services/api-gateway/handlers.go:58.32,62.44 4 0
core_project/services/api-gateway/handlers.go:62.44,65.13 3 0
core_project/services/api-gateway/handlers.go:67.4,67.24 1 0
core_project/services/api-gateway/handlers.go:67.24,69.5 1 0
core_project/services/api-gateway/handlers.go:70.4,70.28 1 0
core_project/services/api-gateway/handlers.go:73.3,74.18 2 0
core_project/services/api-gateway/handlers.go:74.18,76.4 1 0
core_project/services/api-gateway/handlers.go:78.3,85.5 3 0
core_project/services/api-gateway/handlers.go:91.106,108.54 3 0
core_project/services/api-gateway/handlers.go:108.54,120.32 9 0
core_project/services/api-gateway/handlers.go:120.32,124.44 4 0
core_project/services/api-gateway/handlers.go:124.44,126.13 2 0
core_project/services/api-gateway/handlers.go:128.4,128.24 1 0
core_project/services/api-gateway/handlers.go:128.24,130.63 2 0
core_project/services/api-gateway/handlers.go:130.63,134.6 2 0
core_project/services/api-gateway/handlers.go:136.4,137.13 2 0
core_project/services/api-gateway/handlers.go:140.3,146.31 6 0
core_project/services/api-gateway/handlers.go:150.42,151.55 1 1
core_project/services/api-gateway/handlers.go:151.55,153.3 1 1
core_project/services/api-gateway/handlers.go:154.2,154.49 1 1
core_project/services/api-gateway/handlers.go:154.49,156.3 1 1
core_project/services/api-gateway/handlers.go:157.2,157.21 1 1
core_project/services/api-gateway/main.go:28.13,34.45 4 0
core_project/services/api-gateway/main.go:34.45,36.3 1 0
core_project/services/api-gateway/main.go:37.2,37.39 1 0
core_project/services/api-gateway/main.go:37.39,39.3 1 0
core_project/services/api-gateway/main.go:41.2,43.56 2 0
core_project/services/api-gateway/main.go:43.56,44.30 1 0
core_project/services/api-gateway/main.go:44.30,46.4 1 0
core_project/services/api-gateway/main.go:47.3,47.36 1 0
core_project/services/api-gateway/main.go:51.2,135.72 45 0
core_project/services/api-gateway/main.go:135.72,139.3 3 0
core_project/services/api-gateway/main.go:142.2,156.48 5 0
core_project/services/api-gateway/main.go:156.48,158.3 1 0
core_project/services/api-gateway/middleware.go:24.48,27.44 3 1
core_project/services/api-gateway/middleware.go:27.44,29.14 2 1
core_project/services/api-gateway/middleware.go:29.14,31.4 1 0
core_project/services/api-gateway/middleware.go:33.2,33.16 1 1
core_project/services/api-gateway/middleware.go:38.53,39.71 1 1
core_project/services/api-gateway/middleware.go:39.71,42.19 2 1
core_project/services/api-gateway/middleware.go:42.19,43.43 1 1
core_project/services/api-gateway/middleware.go:43.43,47.5 3 0
core_project/services/api-gateway/middleware.go:47.10,47.39 1 1
core_project/services/api-gateway/middleware.go:47.39,50.5 1 1
core_project/services/api-gateway/middleware.go:50.10,52.39 1 0
core_project/services/api-gateway/middleware.go:52.39,55.6 2 0
core_project/services/api-gateway/middleware.go:59.3,63.37 4 1
core_project/services/api-gateway/middleware.go:63.37,66.4 2 1
core_project/services/api-gateway/middleware.go:68.3,68.23 1 1
core_project/services/api-gateway/middleware.go:72.54,73.71 1 0
core_project/services/api-gateway/middleware.go:73.71,75.28 2 0
core_project/services/api-gateway/middleware.go:75.28,78.4 2 0
core_project/services/api-gateway/middleware.go:80.3,82.90 2 0
core_project/services/api-gateway/middleware.go:82.90,84.11 2 0
core_project/services/api-gateway/middleware.go:84.11,89.5 3 0
core_project/services/api-gateway/middleware.go:90.4,90.55 1 0
core_project/services/api-gateway/middleware.go:93.3,93.23 1 0
core_project/services/api-gateway/middleware.go:97.60,98.71 1 0
core_project/services/api-gateway/middleware.go:98.71,99.26 1 0
core_project/services/api-gateway/middleware.go:99.26,102.4 2 0
core_project/services/api-gateway/middleware.go:104.3,108.17 4 0
core_project/services/api-gateway/middleware.go:108.17,111.4 2 0
core_project/services/api-gateway/middleware.go:113.3,113.17 1 0
core_project/services/api-gateway/middleware.go:113.17,115.4 1 0
core_project/services/api-gateway/middleware.go:117.3,117.36 1 0
core_project/services/api-gateway/middleware.go:117.36,120.4 2 0
core_project/services/api-gateway/middleware.go:122.3,122.23 1 0
core_project/services/api-gateway/middleware.go:126.69,127.46 1 0
core_project/services/api-gateway/middleware.go:127.46,128.72 1 0
core_project/services/api-gateway/middleware.go:128.72,129.27 1 0
core_project/services/api-gateway/middleware.go:129.27,132.5 2 0
core_project/services/api-gateway/middleware.go:134.4,138.18 4 0
core_project/services/api-gateway/middleware.go:138.18,141.5 2 0
core_project/services/api-gateway/middleware.go:143.4,143.18 1 0
core_project/services/api-gateway/middleware.go:143.18,145.5 1 0
core_project/services/api-gateway/middleware.go:147.4,147.28 1 0
core_project/services/api-gateway/middleware.go:147.28,150.5 2 0
core_project/services/api-gateway/middleware.go:152.4,152.24 1 0
core_project/services/api-gateway/middleware.go:157.64,158.71 1 0
core_project/services/api-gateway/middleware.go:158.71,159.26 1 0
core_project/services/api-gateway/middleware.go:159.26,162.4 2 0
core_project/services/api-gateway/middleware.go:164.3,165.10 2 0
core_project/services/api-gateway/middleware.go:165.10,168.4 2 0
core_project/services/api-gateway/middleware.go:170.3,173.17 4 0
core_project/services/api-gateway/middleware.go:173.17,175.4 1 0
core_project/services/api-gateway/middleware.go:177.3,179.17 3 0
core_project/services/api-gateway/middleware.go:179.17,182.4 2 0
core_project/services/api-gateway/middleware.go:184.3,184.17 1 0
core_project/services/api-gateway/middleware.go:184.17,186.4 1 0
core_project/services/api-gateway/middleware.go:188.3,188.27 1 0
core_project/services/api-gateway/middleware.go:188.27,191.4 2 0
core_project/services/api-gateway/middleware.go:193.3,193.23 1 0
core_project/services/api-gateway/proxy.go:21.57,24.54 3 0
core_project/services/api-gateway/proxy.go:24.54,30.3 5 0
core_project/services/api-gateway/proxy.go:31.2,31.14 1 0
core_project/services/api-gateway/proxy.go:34.57,39.43 4 0
core_project/services/api-gateway/proxy.go:39.43,42.3 2 0
core_project/services/api-gateway/proxy.go:44.2,44.54 1 0
core_project/services/api-gateway/proxy.go:44.54,52.3 7 0
core_project/services/api-gateway/proxy.go:53.2,53.14 1 0
core_project/services/api-gateway/proxy.go:56.63,61.43 4 0
core_project/services/api-gateway/proxy.go:61.43,68.73 5 0
core_project/services/api-gateway/proxy.go:68.73,70.4 1 0
core_project/services/api-gateway/proxy.go:71.3,71.69 1 0
core_project/services/api-gateway/proxy.go:71.69,73.4 1 0
core_project/services/api-gateway/proxy.go:74.3,74.65 1 0
core_project/services/api-gateway/proxy.go:74.65,76.4 1 0
core_project/services/api-gateway/proxy.go:79.2,79.54 1 0
core_project/services/api-gateway/proxy.go:79.54,85.3 5 0
core_project/services/api-gateway/proxy.go:87.2,87.79 1 0
core_project/services/api-gateway/proxy.go:87.79,90.3 2 0
core_project/services/api-gateway/proxy.go:92.2,92.14 1 0
core_project/shared/sdk/encryption/encryption.go:11.60,13.18 2 1
core_project/shared/sdk/encryption/encryption.go:13.18,15.3 1 1
core_project/shared/sdk/encryption/encryption.go:17.2,18.16 2 1
core_project/shared/sdk/encryption/encryption.go:18.16,20.3 1 0
core_project/shared/sdk/encryption/encryption.go:22.2,23.16 2 1
core_project/shared/sdk/encryption/encryption.go:23.16,25.3 1 0
core_project/shared/sdk/encryption/encryption.go:27.2,28.59 2 1
core_project/shared/sdk/encryption/encryption.go:28.59,30.3 1 0
core_project/shared/sdk/encryption/encryption.go:32.2,33.59 2 1
core_project/shared/sdk/encryption/encryption.go:36.61,38.18 2 1
core_project/shared/sdk/encryption/encryption.go:38.18,40.3 1 1
core_project/shared/sdk/encryption/encryption.go:42.2,43.16 2 1
core_project/shared/sdk/encryption/encryption.go:43.16,45.3 1 1
core_project/shared/sdk/encryption/encryption.go:47.2,48.16 2 1
core_project/shared/sdk/encryption/encryption.go:48.16,50.3 1 0
core_project/shared/sdk/encryption/encryption.go:52.2,53.16 2 1
core_project/shared/sdk/encryption/encryption.go:53.16,55.3 1 0
core_project/shared/sdk/encryption/encryption.go:57.2,58.27 2 1
core_project/shared/sdk/encryption/encryption.go:58.27,60.3 1 0
core_project/shared/sdk/encryption/encryption.go:62.2,64.16 3 1
core_project/shared/sdk/encryption/encryption.go:64.16,66.3 1 1
core_project/shared/sdk/encryption/encryption.go:68.2,68.31 1 1
core_project/shared/sdk/config/config.go:116.41,117.19 1 1
core_project/shared/sdk/config/config.go:117.19,118.48 1 1
core_project/shared/sdk/config/config.go:118.48,124.4 4 1
core_project/shared/sdk/config/config.go:125.8,131.3 4 0
core_project/shared/sdk/config/config.go:133.2,180.12 31 1
core_project/shared/sdk/config/config.go:183.44,184.48 1 1
core_project/shared/sdk/config/config.go:184.48,186.3 1 1
core_project/shared/sdk/config/config.go:187.2,187.19 1 1
core_project/shared/sdk/config/config.go:190.51,192.54 2 1
core_project/shared/sdk/config/config.go:192.54,194.3 1 1
core_project/shared/sdk/config/config.go:195.2,195.19 1 0
core_project/shared/sdk/config/config.go:213.43,219.32 4 1
core_project/shared/sdk/config/config.go:219.32,229.35 9 1
core_project/shared/sdk/config/config.go:229.35,249.57 4 1
core_project/shared/sdk/config/config.go:249.57,251.18 2 1
core_project/shared/sdk/config/config.go:251.18,253.6 1 1
core_project/shared/sdk/config/config.go:259.2,259.31 1 1
core_project/shared/sdk/config/config.go:259.31,269.35 9 1
core_project/shared/sdk/config/config.go:269.35,289.57 4 1
core_project/shared/sdk/config/config.go:289.57,291.18 2 1
core_project/shared/sdk/config/config.go:291.18,293.6 1 1
core_project/shared/sdk/config/config.go:299.2,299.31 1 1
core_project/shared/sdk/config/config.go:299.31,309.35 9 1
core_project/shared/sdk/config/config.go:309.35,329.57 4 1
core_project/shared/sdk/config/config.go:329.57,331.18 2 1
core_project/shared/sdk/config/config.go:331.18,333.6 1 1
core_project/shared/sdk/config/config.go:339.2,339.37 1 1
core_project/shared/sdk/config/config.go:339.37,349.35 9 1
core_project/shared/sdk/config/config.go:349.35,369.57 4 1
core_project/shared/sdk/config/config.go:369.57,371.18 2 1
core_project/shared/sdk/config/config.go:371.18,373.6 1 1
core_project/shared/sdk/config/config.go:377.4,377.90 1 1
core_project/shared/sdk/config/config.go:377.90,381.5 3 1
core_project/shared/sdk/config/config.go:386.2,390.3 1 1
core_project/shared/sdk/config/config.go:393.34,394.13 1 1
core_project/shared/sdk/config/config.go:394.13,396.3 1 1
core_project/shared/sdk/config/config.go:397.2,399.26 3 1
core_project/shared/sdk/config/config.go:399.26,401.14 2 1
core_project/shared/sdk/config/config.go:401.14,403.4 1 1
core_project/shared/sdk/config/config.go:405.2,405.15 1 1
core_project/shared/sdk/config/config.go:408.65,409.20 1 1
core_project/shared/sdk/config/config.go:409.20,411.3 1 1
core_project/shared/sdk/config/config.go:412.2,412.19 1 1
core_project/shared/sdk/config/config.go:415.72,416.38 1 1
core_project/shared/sdk/config/config.go:416.38,417.61 1 1
core_project/shared/sdk/config/config.go:417.61,419.4 1 1
core_project/shared/sdk/config/config.go:421.2,421.19 1 0
core_project/shared/sdk/config/config.go:424.62,425.38 1 1
core_project/shared/sdk/config/config.go:425.38,426.51 1 1
core_project/shared/sdk/config/config.go:426.51,428.4 1 1
core_project/shared/sdk/config/config.go:430.2,430.19 1 0
core_project/shared/sdk/cache/redis.go:16.42,26.47 4 0
core_project/shared/sdk/cache/redis.go:26.47,28.3 1 0
core_project/shared/sdk/cache/redis.go:30.2,31.12 2 0
core_project/shared/sdk/cache/redis.go:35.19,36.19 1 1
core_project/shared/sdk/cache/redis.go:36.19,39.3 2 0
core_project/services/subscription-worker/main.go:37.13,46.16 6 0
core_project/services/subscription-worker/main.go:46.16,49.3 2 0
core_project/services/subscription-worker/main.go:50.2,50.56 1 0
core_project/services/subscription-worker/main.go:50.56,53.3 2 0
core_project/services/subscription-worker/main.go:54.2,59.23 5 0
core_project/services/subscription-worker/main.go:59.23,60.60 1 0
core_project/services/subscription-worker/main.go:60.60,62.4 1 0
core_project/services/subscription-worker/main.go:65.2,66.51 2 0
core_project/services/subscription-worker/main.go:66.51,68.3 1 0
core_project/services/subscription-worker/main.go:71.2,72.74 2 0
core_project/services/subscription-worker/main.go:72.74,73.46 1 0
core_project/services/subscription-worker/main.go:73.46,76.4 2 0
core_project/services/subscription-worker/main.go:77.3,78.24 2 0
core_project/services/subscription-worker/main.go:82.2,102.21 10 0
core_project/services/subscription-worker/main.go:102.21,104.3 1 0
core_project/services/subscription-worker/main.go:111.24,117.16 4 0
core_project/services/subscription-worker/main.go:117.16,120.3 2 0
core_project/services/subscription-worker/main.go:121.2,121.45 1 0
core_project/services/subscription-worker/main.go:121.45,123.3 1 0
core_project/services/subscription-worker/main.go:123.8,125.3 1 0
core_project/services/subscription-worker/main.go:130.33,131.6 1 0
core_project/services/subscription-worker/main.go:131.6,138.3 6 0
core_project/services/subscription-worker/main.go:142.31,143.6 1 0
core_project/services/subscription-worker/main.go:143.6,146.23 3 0
core_project/services/subscription-worker/main.go:146.23,148.4 1 0
core_project/services/subscription-worker/main.go:149.3,152.7 4 0
core_project/services/subscription-worker/main.go:158.28,163.16 4 0
core_project/services/subscription-worker/main.go:163.16,166.3 2 0
core_project/services/subscription-worker/main.go:167.2,170.18 3 0
core_project/services/subscription-worker/main.go:170.18,172.41 2 0
core_project/services/subscription-worker/main.go:172.41,174.4 1 0
core_project/services/subscription-worker/main.go:177.2,178.35 2 0
core_project/services/subscription-worker/main.go:178.35,210.3 6 0
core_project/services/subscription-worker/main.go:212.2,212.109 1 0
core_project/services/subscription-worker/main.go:215.36,231.16 5 0
core_project/services/subscription-worker/main.go:231.16,234.3 2 0
core_project/services/subscription-worker/main.go:236.2,243.18 3 0
core_project/services/subscription-worker/main.go:243.18,246.89 3 0
core_project/services/subscription-worker/main.go:246.89,249.4 2 0
core_project/services/subscription-worker/main.go:251.2,253.21 2 0
core_project/services/subscription-worker/main.go:253.21,257.3 3 0
core_project/services/subscription-worker/main.go:260.2,261.16 2 0
core_project/services/subscription-worker/main.go:261.16,264.3 2 0
core_project/services/subscription-worker/main.go:265.2,268.27 3 0
core_project/services/subscription-worker/main.go:268.27,270.3 1 0
core_project/services/subscription-worker/main.go:272.2,278.16 2 0
core_project/services/subscription-worker/main.go:278.16,281.3 2 0
core_project/services/subscription-worker/main.go:283.2,288.16 2 0
core_project/services/subscription-worker/main.go:288.16,291.3 2 0
core_project/services/subscription-worker/main.go:293.2,293.39 1 0
core_project/services/subscription-worker/main.go:293.39,296.3 2 0
core_project/services/subscription-worker/main.go:298.2,299.63 2 0
core_project/shared/sdk/migrate/migrate.go:31.96,33.16 2 0
core_project/shared/sdk/migrate/migrate.go:33.16,35.3 1 0
core_project/shared/sdk/migrate/migrate.go:37.2,40.8 1 0
core_project/shared/sdk/migrate/migrate.go:44.82,46.16 2 1
core_project/shared/sdk/migrate/migrate.go:46.16,48.3 1 1
core_project/shared/sdk/migrate/migrate.go:50.2,53.8 1 0
core_project/shared/sdk/migrate/migrate.go:57.48,58.53 1 0
core_project/shared/sdk/migrate/migrate.go:58.53,60.3 1 0
core_project/shared/sdk/migrate/migrate.go:62.2,63.16 2 0
core_project/shared/sdk/migrate/migrate.go:63.16,65.3 1 0
core_project/shared/sdk/migrate/migrate.go:67.2,68.33 2 0
core_project/shared/sdk/migrate/migrate.go:68.33,69.33 1 0
core_project/shared/sdk/migrate/migrate.go:69.33,70.12 1 0
core_project/shared/sdk/migrate/migrate.go:73.3,76.17 3 0
core_project/shared/sdk/migrate/migrate.go:76.17,78.4 1 0
core_project/shared/sdk/migrate/migrate.go:81.3,81.50 1 0
core_project/shared/sdk/migrate/migrate.go:81.50,84.4 2 0
core_project/shared/sdk/migrate/migrate.go:87.3,90.17 1 0
core_project/shared/sdk/migrate/migrate.go:90.17,93.4 2 0
core_project/shared/sdk/migrate/migrate.go:95.3,95.40 1 0
core_project/shared/sdk/migrate/migrate.go:95.40,97.4 1 0
core_project/shared/sdk/migrate/migrate.go:99.3,100.17 2 0
core_project/shared/sdk/migrate/migrate.go:103.2,103.23 1 0
core_project/shared/sdk/migrate/migrate.go:103.23,105.3 1 0
core_project/shared/sdk/migrate/migrate.go:105.8,107.3 1 0
core_project/shared/sdk/migrate/migrate.go:109.2,109.12 1 0
core_project/shared/sdk/migrate/migrate.go:113.61,114.53 1 0
core_project/shared/sdk/migrate/migrate.go:114.53,116.3 1 0
core_project/shared/sdk/migrate/migrate.go:118.2,119.16 2 0
core_project/shared/sdk/migrate/migrate.go:119.16,121.3 1 0
core_project/shared/sdk/migrate/migrate.go:124.2,125.73 2 0
core_project/shared/sdk/migrate/migrate.go:125.73,127.33 2 0
core_project/shared/sdk/migrate/migrate.go:127.33,129.4 1 0
core_project/shared/sdk/migrate/migrate.go:132.2,132.26 1 0
core_project/shared/sdk/migrate/migrate.go:132.26,135.3 2 0
core_project/shared/sdk/migrate/migrate.go:137.2,137.31 1 0
core_project/shared/sdk/migrate/migrate.go:137.31,141.17 3 0
core_project/shared/sdk/migrate/migrate.go:141.17,143.4 1 0
core_project/shared/sdk/migrate/migrate.go:146.3,146.52 1 0
core_project/shared/sdk/migrate/migrate.go:146.52,149.4 2 0
core_project/shared/sdk/migrate/migrate.go:152.3,155.17 1 0
core_project/shared/sdk/migrate/migrate.go:155.17,158.4 2 0
core_project/shared/sdk/migrate/migrate.go:160.3,160.40 1 0
core_project/shared/sdk/migrate/migrate.go:160.40,162.4 1 0
core_project/shared/sdk/migrate/migrate.go:164.3,164.75 1 0
core_project/shared/sdk/migrate/migrate.go:167.2,167.12 1 0
core_project/shared/sdk/migrate/migrate.go:171.73,172.53 1 0
core_project/shared/sdk/migrate/migrate.go:172.53,174.3 1 0
core_project/shared/sdk/migrate/migrate.go:176.2,177.16 2 0
core_project/shared/sdk/migrate/migrate.go:177.16,179.3 1 0
core_project/shared/sdk/migrate/migrate.go:181.2,182.33 2 0
core_project/shared/sdk/migrate/migrate.go:182.33,189.3 2 0
core_project/shared/sdk/migrate/migrate.go:191.2,191.22 1 0
core_project/shared/sdk/migrate/migrate.go:202.67,211.2 2 0
core_project/shared/sdk/migrate/migrate.go:214.80,216.16 2 0
core_project/shared/sdk/migrate/migrate.go:216.16,218.3 1 0
core_project/shared/sdk/migrate/migrate.go:219.2,222.18 3 0
core_project/shared/sdk/migrate/migrate.go:222.18,224.45 2 0
core_project/shared/sdk/migrate/migrate.go:224.45,226.4 1 0
core_project/shared/sdk/migrate/migrate.go:227.3,227.26 1 0
core_project/shared/sdk/migrate/migrate.go:230.2,230.28 1 0
core_project/shared/sdk/migrate/migrate.go:234.87,236.16 2 0
core_project/shared/sdk/migrate/migrate.go:236.16,238.3 1 0
core_project/shared/sdk/migrate/migrate.go:240.2,242.32 2 0
core_project/shared/sdk/migrate/migrate.go:242.32,243.20 1 0
core_project/shared/sdk/migrate/migrate.go:243.20,244.12 1 0
core_project/shared/sdk/migrate/migrate.go:247.3,248.39 2 0
core_project/shared/sdk/migrate/migrate.go:248.39,249.12 1 0
core_project/shared/sdk/migrate/migrate.go:252.3,253.17 2 0
core_project/shared/sdk/migrate/migrate.go:253.17,255.12 2 0
core_project/shared/sdk/migrate/migrate.go:258.3,259.17 2 0
core_project/shared/sdk/migrate/migrate.go:259.17,261.4 1 0
core_project/shared/sdk/migrate/migrate.go:263.3,263.36 1 0
core_project/shared/sdk/migrate/migrate.go:263.36,268.4 1 0
core_project/shared/sdk/migrate/migrate.go:270.3,270.24 1 0
core_project/shared/sdk/migrate/migrate.go:270.24,272.4 1 0
core_project/shared/sdk/migrate/migrate.go:272.9,274.4 1 0
core_project/shared/sdk/migrate/migrate.go:278.2,279.34 2 0
core_project/shared/sdk/migrate/migrate.go:279.34,280.20 1 0
core_project/shared/sdk/migrate/migrate.go:280.20,282.12 2 0
core_project/shared/sdk/migrate/migrate.go:284.3,284.38 1 0
core_project/shared/sdk/migrate/migrate.go:287.2,287.45 1 0
core_project/shared/sdk/migrate/migrate.go:287.45,289.3 1 0
core_project/shared/sdk/migrate/migrate.go:291.2,291.24 1 0
core_project/shared/sdk/migrate/migrate.go:295.102,301.21 3 1
core_project/shared/sdk/migrate/migrate.go:301.21,303.3 1 1
core_project/shared/sdk/migrate/migrate.go:305.2,306.46 2 1
core_project/shared/sdk/migrate/migrate.go:306.46,308.3 1 1
core_project/shared/sdk/migrate/migrate.go:311.2,312.25 2 1
core_project/shared/sdk/migrate/migrate.go:312.25,314.3 1 1
core_project/shared/sdk/migrate/migrate.go:316.2,317.16 2 1
core_project/shared/sdk/migrate/migrate.go:317.16,319.3 1 1
core_project/shared/sdk/migrate/migrate.go:321.2,323.38 2 1
core_project/shared/sdk/migrate/migrate.go:327.73,329.16 2 1
core_project/shared/sdk/migrate/migrate.go:329.16,331.3 1 1
core_project/shared/sdk/migrate/migrate.go:333.2,335.32 2 0
core_project/shared/sdk/migrate/migrate.go:335.32,336.20 1 0
core_project/shared/sdk/migrate/migrate.go:336.20,337.12 1 0
core_project/shared/sdk/migrate/migrate.go:340.3,341.39 2 0
core_project/shared/sdk/migrate/migrate.go:341.39,342.12 1 0
core_project/shared/sdk/migrate/migrate.go:345.3,346.17 2 0
core_project/shared/sdk/migrate/migrate.go:346.17,348.12 2 0
core_project/shared/sdk/migrate/migrate.go:351.3,352.17 2 0
core_project/shared/sdk/migrate/migrate.go:352.17,354.4 1 0
core_project/shared/sdk/migrate/migrate.go:356.3,356.36 1 0
core_project/shared/sdk/migrate/migrate.go:356.36,361.4 1 0
core_project/shared/sdk/migrate/migrate.go:363.3,363.24 1 0
core_project/shared/sdk/migrate/migrate.go:363.24,365.4 1 0
core_project/shared/sdk/migrate/migrate.go:365.9,367.4 1 0
core_project/shared/sdk/migrate/migrate.go:371.2,372.34 2 0
core_project/shared/sdk/migrate/migrate.go:372.34,373.20 1 0
core_project/shared/sdk/migrate/migrate.go:373.20,375.12 2 0
core_project/shared/sdk/migrate/migrate.go:377.3,377.38 1 0
core_project/shared/sdk/migrate/migrate.go:380.2,380.45 1 0
core_project/shared/sdk/migrate/migrate.go:380.45,382.3 1 0
core_project/shared/sdk/migrate/migrate.go:384.2,384.24 1 0
core_project/shared/sdk/response/http.go:31.80,40.2 4 1
core_project/shared/sdk/response/http.go:42.74,48.16 5 1
core_project/shared/sdk/response/http.go:48.16,50.3 1 1
core_project/shared/sdk/response/http.go:52.2,56.4 1 1
core_project/services/wa-cloud-api/db.go:9.44,12.2 1 1
core_project/services/wa-cloud-api/handlers.go:21.57,22.33 1 1
core_project/services/wa-cloud-api/handlers.go:22.33,25.3 2 1
core_project/services/wa-cloud-api/handlers.go:27.2,28.20 2 1
core_project/services/wa-cloud-api/handlers.go:28.20,31.3 2 1
core_project/services/wa-cloud-api/handlers.go:33.2,34.61 2 1
core_project/services/wa-cloud-api/handlers.go:34.61,37.3 2 1
core_project/services/wa-cloud-api/handlers.go:39.2,39.18 1 0
core_project/services/wa-cloud-api/handlers.go:39.18,42.3 2 0
core_project/services/wa-cloud-api/handlers.go:44.2,45.16 2 0
core_project/services/wa-cloud-api/handlers.go:45.16,49.3 3 0
core_project/services/wa-cloud-api/handlers.go:51.2,57.50 2 0
core_project/services/wa-cloud-api/handlers.go:57.50,63.26 3 0
core_project/services/wa-cloud-api/handlers.go:63.26,65.33 2 0
core_project/services/wa-cloud-api/handlers.go:65.33,67.5 1 0
core_project/services/wa-cloud-api/handlers.go:68.4,70.5 1 0
core_project/services/wa-cloud-api/handlers.go:72.8,75.3 2 0
core_project/services/wa-cloud-api/handlers.go:77.2,78.16 2 0
core_project/services/wa-cloud-api/handlers.go:78.16,82.3 3 0
core_project/services/wa-cloud-api/handlers.go:84.2,84.25 1 0
core_project/services/wa-cloud-api/handlers.go:84.25,89.51 3 0
core_project/services/wa-cloud-api/handlers.go:89.51,91.4 1 0
core_project/services/wa-cloud-api/handlers.go:92.3,95.9 3 0
core_project/services/wa-cloud-api/handlers.go:98.2,99.30 2 0
core_project/services/wa-cloud-api/handlers.go:99.30,101.3 1 0
core_project/services/wa-cloud-api/handlers.go:103.2,104.50 2 0
core_project/services/wa-cloud-api/handlers.go:104.50,106.3 1 0
core_project/services/wa-cloud-api/handlers.go:107.2,121.4 5 0
core_project/services/wa-cloud-api/handlers.go:124.60,125.32 1 1
core_project/services/wa-cloud-api/handlers.go:125.32,127.45 2 0
core_project/services/wa-cloud-api/handlers.go:127.45,131.4 3 0
core_project/services/wa-cloud-api/handlers.go:132.3,133.9 2 0
core_project/services/wa-cloud-api/handlers.go:136.2,136.33 1 1
core_project/services/wa-cloud-api/handlers.go:136.33,139.3 2 1
core_project/services/wa-cloud-api/handlers.go:141.2,142.16 2 0
core_project/services/wa-cloud-api/handlers.go:142.16,145.3 2 0
core_project/services/wa-cloud-api/handlers.go:146.2,167.53 3 0
core_project/services/wa-cloud-api/handlers.go:167.53,171.3 3 0
core_project/services/wa-cloud-api/handlers.go:173.2,178.36 2 0
core_project/services/wa-cloud-api/handlers.go:178.36,179.40 1 0
core_project/services/wa-cloud-api/handlers.go:179.40,180.47 1 0
core_project/services/wa-cloud-api/handlers.go:180.47,187.5 1 0
core_project/services/wa-cloud-api/handlers.go:191.2,191.30 1 0
core_project/services/wa-cloud-api/handlers.go:194.69,196.26 2 1
core_project/services/wa-cloud-api/handlers.go:196.26,199.3 2 1
core_project/services/wa-cloud-api/handlers.go:201.2,201.18 1 0
core_project/services/wa-cloud-api/handlers.go:202.22,204.21 2 0
core_project/services/wa-cloud-api/handlers.go:204.21,206.18 2 0
core_project/services/wa-cloud-api/handlers.go:206.18,209.5 2 0
core_project/services/wa-cloud-api/handlers.go:210.4,211.10 2 0
core_project/services/wa-cloud-api/handlers.go:214.3,218.17 2 0
core_project/services/wa-cloud-api/handlers.go:218.17,221.4 2 0
core_project/services/wa-cloud-api/handlers.go:222.3,234.19 4 0
core_project/services/wa-cloud-api/handlers.go:234.19,236.114 2 0
core_project/services/wa-cloud-api/handlers.go:236.114,238.5 1 0
core_project/services/wa-cloud-api/handlers.go:240.3,240.66 1 0
core_project/services/wa-cloud-api/handlers.go:242.23,250.62 2 0
core_project/services/wa-cloud-api/handlers.go:250.62,253.4 2 0
core_project/services/wa-cloud-api/handlers.go:256.3,257.17 2 0
core_project/services/wa-cloud-api/handlers.go:257.17,260.4 2 0
core_project/services/wa-cloud-api/handlers.go:262.3,269.17 3 0
core_project/services/wa-cloud-api/handlers.go:269.17,272.4 2 0
core_project/services/wa-cloud-api/handlers.go:273.3,273.83 1 0
core_project/services/wa-cloud-api/handlers.go:275.10,276.76 1 0
core_project/services/wa-cloud-api/handlers.go:280.73,282.26 2 1
core_project/services/wa-cloud-api/handlers.go:282.26,285.3 2 1
core_project/services/wa-cloud-api/handlers.go:287.2,288.14 2 0
core_project/services/wa-cloud-api/handlers.go:288.14,290.3 1 0
core_project/services/wa-cloud-api/handlers.go:292.2,292.14 1 0
core_project/services/wa-cloud-api/handlers.go:292.14,295.3 2 0
core_project/services/wa-cloud-api/handlers.go:297.2,297.18 1 0
core_project/services/wa-cloud-api/handlers.go:298.22,304.17 3 0
core_project/services/wa-cloud-api/handlers.go:304.17,307.4 2 0
core_project/services/wa-cloud-api/handlers.go:308.3,308.64 1 0
core_project/services/wa-cloud-api/handlers.go:310.22,317.62 2 0
core_project/services/wa-cloud-api/handlers.go:317.62,320.4 2 0
core_project/services/wa-cloud-api/handlers.go:323.3,324.28 2 0
core_project/services/wa-cloud-api/handlers.go:324.28,326.18 2 0
core_project/services/wa-cloud-api/handlers.go:326.18,329.5 2 0
core_project/services/wa-cloud-api/handlers.go:330.4,330.28 1 0
core_project/services/wa-cloud-api/handlers.go:333.3,338.17 2 0
core_project/services/wa-cloud-api/handlers.go:338.17,341.4 2 0
core_project/services/wa-cloud-api/handlers.go:342.3,342.61 1 0
core_project/services/wa-cloud-api/handlers.go:344.25,346.17 2 0
core_project/services/wa-cloud-api/handlers.go:346.17,349.4 2 0
core_project/services/wa-cloud-api/handlers.go:350.3,350.61 1 0
core_project/services/wa-cloud-api/handlers.go:352.10,353.76 1 0
core_project/services/wa-cloud-api/handlers.go:357.60,358.15 1 0
core_project/services/wa-cloud-api/handlers.go:358.15,361.3 2 0
core_project/services/wa-cloud-api/handlers.go:362.2,362.45 1 0
core_project/services/wa-cloud-api/handlers.go:362.45,365.3 2 0
core_project/services/wa-cloud-api/handlers.go:366.2,366.79 1 0
core_project/services/wa-cloud-api/handlers.go:369.71,370.33 1 1
core_project/services/wa-cloud-api/handlers.go:370.33,373.3 2 1
core_project/services/wa-cloud-api/handlers.go:375.2,379.61 2 1
core_project/services/wa-cloud-api/handlers.go:379.61,382.3 2 1
core_project/services/wa-cloud-api/handlers.go:384.2,389.16 5 0
core_project/services/wa-cloud-api/handlers.go:389.16,392.3 2 0
core_project/services/wa-cloud-api/handlers.go:393.2,395.38 2 0
core_project/services/wa-cloud-api/handlers.go:395.38,398.3 2 0
core_project/services/wa-cloud-api/handlers.go:400.2,409.4 3 0
core_project/services/wa-cloud-api/helpers.go:16.87,23.16 4 0
core_project/services/wa-cloud-api/helpers.go:23.16,25.3 1 0
core_project/services/wa-cloud-api/helpers.go:28.2,28.26 1 0
core_project/services/wa-cloud-api/helpers.go:28.26,30.17 2 0
core_project/services/wa-cloud-api/helpers.go:30.17,32.4 1 0
core_project/services/wa-cloud-api/helpers.go:33.3,33.31 1 0
core_project/services/wa-cloud-api/helpers.go:36.2,36.19 1 0
core_project/services/wa-cloud-api/helpers.go:39.65,43.2 3 0
core_project/services/wa-cloud-api/helpers.go:45.121,47.16 2 0
core_project/services/wa-cloud-api/helpers.go:47.16,49.3 1 0
core_project/services/wa-cloud-api/helpers.go:51.2,53.16 3 0
core_project/services/wa-cloud-api/helpers.go:53.16,55.3 1 0
core_project/services/wa-cloud-api/helpers.go:57.2,61.16 4 0
core_project/services/wa-cloud-api/helpers.go:61.16,63.3 1 0
core_project/services/wa-cloud-api/helpers.go:64.2,67.16 3 0
core_project/services/wa-cloud-api/helpers.go:67.16,69.3 1 0
core_project/services/wa-cloud-api/helpers.go:71.2,71.28 1 0
core_project/services/wa-cloud-api/helpers.go:71.28,73.3 1 0
core_project/services/wa-cloud-api/helpers.go:75.2,76.58 2 0
core_project/services/wa-cloud-api/helpers.go:76.58,78.3 1 0
core_project/services/wa-cloud-api/helpers.go:80.2,80.21 1 0
core_project/services/wa-cloud-api/helpers.go:83.39,88.35 5 1
core_project/services/wa-cloud-api/helpers.go:88.35,90.3 1 1
core_project/services/wa-cloud-api/helpers.go:91.2,91.37 1 1
core_project/services/wa-cloud-api/helpers.go:91.37,93.3 1 0
core_project/services/wa-cloud-api/helpers.go:94.2,94.14 1 1
core_project/services/wa-cloud-api/helpers.go:97.53,98.71 1 1
core_project/services/wa-cloud-api/helpers.go:98.71,103.37 4 1
core_project/services/wa-cloud-api/helpers.go:103.37,106.4 2 1
core_project/services/wa-cloud-api/helpers.go:108.3,108.23 1 1
core_project/services/wa-cloud-api/main.go:122.13,127.32 4 0
core_project/services/wa-cloud-api/main.go:127.32,129.3 1 0
core_project/services/wa-cloud-api/main.go:131.2,133.24 3 0
core_project/services/wa-cloud-api/main.go:133.24,135.3 1 0
core_project/services/wa-cloud-api/main.go:138.2,141.16 4 0
core_project/services/wa-cloud-api/main.go:141.16,144.3 2 0
core_project/services/wa-cloud-api/main.go:145.2,150.42 3 0
core_project/services/wa-cloud-api/main.go:150.42,152.3 1 0
core_project/services/wa-cloud-api/main.go:155.2,170.16 11 0
core_project/services/wa-cloud-api/main.go:170.16,172.3 1 0
core_project/services/wa-cloud-api/main.go:174.2,183.48 3 0
core_project/services/wa-cloud-api/main.go:183.48,185.3 1 0
core_project/services/wa-cloud-api/migrations.go:16.44,21.58 2 0
core_project/services/wa-cloud-api/migrations.go:21.58,24.59 2 0
core_project/services/wa-cloud-api/migrations.go:24.59,26.4 1 0
core_project/services/wa-cloud-api/migrations.go:29.2,30.16 2 0
core_project/services/wa-cloud-api/migrations.go:30.16,32.3 1 0
core_project/services/wa-cloud-api/migrations.go:34.2,37.16 3 0
core_project/services/wa-cloud-api/migrations.go:37.16,39.3 1 0
core_project/services/wa-cloud-api/migrations.go:41.2,41.56 1 0
core_project/services/wa-cloud-api/migrations.go:41.56,43.3 1 0
core_project/services/wa-cloud-api/migrations.go:45.2,45.12 1 0
core_project/services/notification-service/campaign_alerts.go:12.98,14.22 2 0
core_project/services/notification-service/campaign_alerts.go:14.22,17.3 2 0
core_project/services/notification-service/campaign_alerts.go:19.2,21.35 2 0
core_project/services/notification-service/campaign_alerts.go:25.73,26.33 1 1
core_project/services/notification-service/campaign_alerts.go:26.33,29.3 2 1
core_project/services/notification-service/campaign_alerts.go:31.2,39.65 2 1
core_project/services/notification-service/campaign_alerts.go:39.65,42.3 2 1
core_project/services/notification-service/campaign_alerts.go:44.2,47.38 3 0
core_project/services/notification-service/main.go:54.13,75.98 12 0
core_project/services/notification-service/main.go:75.98,77.3 1 0
core_project/services/notification-service/main.go:84.69,85.33 1 1
core_project/services/notification-service/main.go:85.33,88.3 2 1
core_project/services/notification-service/main.go:90.2,91.20 2 1
core_project/services/notification-service/main.go:91.20,93.3 1 1
core_project/services/notification-service/main.go:95.2,96.61 2 1
core_project/services/notification-service/main.go:96.61,99.3 2 1
core_project/services/notification-service/main.go:101.2,102.18 2 0
core_project/services/notification-service/main.go:103.18,104.46 1 0
core_project/services/notification-service/main.go:105.24,106.50 1 0
core_project/services/notification-service/main.go:107.15,108.56 1 0
core_project/services/notification-service/main.go:109.10,111.13 1 0
core_project/services/notification-service/main.go:111.13,113.4 1 0
core_project/services/notification-service/main.go:114.3,114.13 1 0
core_project/services/notification-service/main.go:114.13,116.4 1 0
core_project/services/notification-service/main.go:117.3,117.56 1 0
core_project/services/notification-service/main.go:120.2,120.16 1 0
core_project/services/notification-service/main.go:120.16,124.3 3 0
core_project/services/notification-service/main.go:126.2,131.4 2 0
core_project/services/notification-service/main.go:134.59,140.2 2 1
core_project/services/notification-service/main.go:146.49,148.2 1 1
core_project/services/notification-service/main.go:150.62,160.16 5 0
core_project/services/notification-service/main.go:160.16,162.3 1 0
core_project/services/notification-service/main.go:163.2,165.38 2 0
core_project/services/notification-service/main.go:165.38,167.3 1 0
core_project/services/notification-service/main.go:168.2,168.12 1 0
core_project/services/notification-service/main.go:171.61,173.94 2 0
core_project/services/notification-service/main.go:173.94,175.3 1 0
core_project/services/notification-service/main.go:176.2,177.16 2 0
core_project/services/notification-service/main.go:177.16,179.3 1 0
core_project/services/notification-service/main.go:180.2,180.18 1 0
core_project/services/notification-service/main.go:183.131,192.16 7 0
core_project/services/notification-service/main.go:192.16,194.3 1 0
core_project/services/notification-service/main.go:195.2,196.16 2 0
core_project/services/notification-service/main.go:196.16,198.3 1 0
core_project/services/notification-service/main.go:200.2,201.16 2 0
core_project/services/notification-service/main.go:201.16,203.3 1 0
core_project/services/notification-service/main.go:205.2,205.26 1 0
core_project/services/notification-service/main.go:208.75,210.20 2 1
core_project/services/notification-service/main.go:210.20,213.3 2 1
core_project/services/notification-service/main.go:215.2,215.20 1 0
core_project/services/notification-service/main.go:215.20,217.3 1 0
core_project/services/notification-service/main.go:219.2,220.16 2 0
core_project/services/notification-service/main.go:220.16,222.3 1 0
core_project/services/notification-service/main.go:223.2,225.21 2 0
core_project/services/notification-service/main.go:225.21,227.3 1 0
core_project/services/notification-service/main.go:229.2,230.16 2 0
core_project/services/notification-service/main.go:230.16,232.3 1 0
core_project/services/notification-service/main.go:234.2,236.16 3 0
core_project/services/notification-service/main.go:236.16,238.3 1 0
core_project/services/notification-service/main.go:239.2,243.16 4 0
core_project/services/notification-service/main.go:243.16,245.3 1 0
core_project/services/notification-service/main.go:246.2,248.40 2 0
core_project/services/notification-service/main.go:248.40,250.3 1 0
core_project/services/notification-service/main.go:252.2,252.12 1 0
core_project/services/notification-service/main.go:259.53,261.2 1 0
core_project/services/notification-service/main.go:263.79,265.25 2 0
core_project/services/notification-service/main.go:265.25,267.3 1 0
core_project/services/notification-service/main.go:268.2,276.20 7 0
core_project/services/notification-service/main.go:276.20,278.3 1 0
core_project/services/notification-service/main.go:279.2,279.21 1 0
core_project/services/notification-service/main.go:279.21,281.3 1 0
core_project/services/notification-service/main.go:283.2,284.16 2 0
core_project/services/notification-service/main.go:284.16,286.3 1 0
core_project/services/notification-service/main.go:287.2,293.16 6 0
core_project/services/notification-service/main.go:293.16,295.3 1 0
core_project/services/notification-service/main.go:296.2,298.38 2 0
core_project/services/notification-service/main.go:298.38,300.3 1 0
core_project/services/notification-service/main.go:301.2,301.12 1 0
core_project/services/notification-service/main.go:304.43,306.47 2 1
core_project/services/notification-service/main.go:306.47,308.34 2 1
core_project/services/notification-service/main.go:308.34,310.4 1 1
core_project/services/notification-service/main.go:311.3,311.32 1 1
core_project/services/notification-service/main.go:313.2,313.12 1 1
core_project/services/notification-service/main.go:320.48,327.20 6 1
core_project/services/notification-service/main.go:327.20,330.3 2 1
core_project/services/notification-service/main.go:332.2,332.20 1 0
core_project/services/notification-service/main.go:332.20,334.3 1 0
core_project/services/notification-service/main.go:335.2,335.20 1 0
core_project/services/notification-service/main.go:335.20,337.3 1 0
core_project/services/notification-service/main.go:339.2,357.38 5 0
core_project/services/notification-service/main.go:357.38,359.3 1 0
core_project/services/notification-service/main.go:361.2,362.16 2 0
core_project/services/notification-service/main.go:362.16,364.3 1 0
core_project/services/notification-service/main.go:366.2,367.12 2 0
core_project/services/notification-service/n8n_handlers.go:20.64,22.65 2 1
core_project/services/notification-service/n8n_handlers.go:22.65,25.3 2 1
core_project/services/notification-service/n8n_handlers.go:27.2,27.77 1 1
core_project/services/notification-service/n8n_handlers.go:27.77,30.3 2 1
core_project/services/notification-service/n8n_handlers.go:33.2,37.16 3 0
core_project/services/notification-service/n8n_handlers.go:37.16,40.3 2 0
core_project/services/notification-service/n8n_handlers.go:42.2,42.104 1 0
core_project/services/notification-service/n8n_handlers.go:45.64,47.65 2 1
core_project/services/notification-service/n8n_handlers.go:47.65,50.3 2 1
core_project/services/notification-service/n8n_handlers.go:52.2,52.54 1 0
core_project/services/notification-service/n8n_handlers.go:52.54,55.3 2 0
core_project/services/notification-service/n8n_handlers.go:57.2,58.53 2 0
core_project/services/notification-service/n8n_handlers.go:58.53,60.3 1 0
core_project/services/notification-service/n8n_handlers.go:60.8,60.32 1 0
core_project/services/notification-service/n8n_handlers.go:60.32,62.3 1 0
core_project/services/notification-service/n8n_handlers.go:64.2,64.18 1 0
core_project/services/notification-service/n8n_handlers.go:64.18,67.3 2 0
core_project/services/notification-service/n8n_handlers.go:69.2,72.16 3 0
core_project/services/notification-service/n8n_handlers.go:72.16,75.3 2 0
core_project/services/notification-service/n8n_handlers.go:77.2,77.104 1 0
core_project/services/notification-service/quota_warn.go:30.95,31.37 1 0
core_project/services/notification-service/quota_warn.go:31.37,33.3 1 0
core_project/services/notification-service/quota_warn.go:34.2,34.16 1 0
core_project/services/notification-service/quota_warn.go:34.16,36.3 1 0
core_project/services/notification-service/quota_warn.go:38.2,39.19 2 0
core_project/services/notification-service/quota_warn.go:39.19,41.3 1 0
core_project/services/notification-service/quota_warn.go:42.2,42.22 1 0
core_project/services/notification-service/quota_warn.go:42.22,44.3 1 0
core_project/services/notification-service/quota_warn.go:47.2,51.25 4 0
core_project/services/notification-service/quota_warn.go:51.25,53.17 2 0
core_project/services/notification-service/quota_warn.go:53.17,57.4 1 0
core_project/services/notification-service/quota_warn.go:57.9,57.18 1 0
core_project/services/notification-service/quota_warn.go:57.18,59.4 1 0
core_project/services/notification-service/quota_warn.go:62.2,62.17 1 0
core_project/services/notification-service/quota_warn.go:62.17,64.3 1 0
core_project/services/notification-service/quota_warn.go:66.2,81.13 3 0
core_project/services/notification-service/templates.go:9.74,11.25 2 1
core_project/services/notification-service/templates.go:11.25,14.26 3 1
core_project/services/notification-service/templates.go:15.15,16.16 1 1
core_project/services/notification-service/templates.go:17.16,18.35 1 1
core_project/services/notification-service/templates.go:19.11,20.35 1 0
core_project/services/notification-service/templates.go:22.3,22.59 1 1
core_project/services/notification-service/templates.go:24.2,24.15 1 1
core_project/shared/sdk/db/pool.go:24.37,32.2 1 1
core_project/shared/sdk/db/pool.go:35.36,43.2 1 1
core_project/shared/sdk/db/pool.go:46.77,51.16 3 1
core_project/shared/sdk/db/pool.go:51.16,53.3 1 0
core_project/shared/sdk/db/pool.go:56.2,63.16 7 1
core_project/shared/sdk/db/pool.go:63.16,65.3 1 0
core_project/shared/sdk/db/pool.go:67.2,67.56 1 1
core_project/shared/sdk/db/pool.go:67.56,70.3 2 1
core_project/shared/sdk/db/pool.go:73.2,81.18 2 0
core_project/shared/sdk/db/pool.go:85.69,87.2 1 1
core_project/shared/sdk/db/postgres.go:16.39,21.16 3 0
core_project/shared/sdk/db/postgres.go:21.16,23.3 1 0
core_project/shared/sdk/db/postgres.go:26.2,32.16 6 0
core_project/shared/sdk/db/postgres.go:32.16,34.3 1 0
core_project/shared/sdk/db/postgres.go:37.2,37.56 1 0
core_project/shared/sdk/db/postgres.go:37.56,39.3 1 0
core_project/shared/sdk/db/postgres.go:41.2,42.12 2 0
core_project/shared/sdk/db/postgres.go:46.16,47.17 1 1
core_project/shared/sdk/db/postgres.go:47.17,50.3 2 0
core_project/shared/sdk/auth/can_use.go:28.81,29.20 1 1
core_project/shared/sdk/auth/can_use.go:29.20,31.3 1 1
core_project/shared/sdk/auth/can_use.go:32.2,34.25 2 0
core_project/shared/sdk/auth/can_use.go:34.25,35.84 1 0
core_project/shared/sdk/auth/can_use.go:35.84,37.47 2 0
core_project/shared/sdk/auth/can_use.go:37.47,39.5 1 0
core_project/shared/sdk/auth/can_use.go:43.2,52.16 4 0
core_project/shared/sdk/auth/can_use.go:52.16,54.3 1 0
core_project/shared/sdk/auth/can_use.go:55.2,57.25 2 0
core_project/shared/sdk/auth/can_use.go:57.25,58.41 1 0
core_project/shared/sdk/auth/can_use.go:58.41,60.4 1 0
core_project/shared/sdk/auth/can_use.go:62.2,62.17 1 0
core_project/shared/sdk/auth/can_use.go:66.72,67.25 1 0
core_project/shared/sdk/auth/can_use.go:67.25,69.3 1 0
core_project/shared/sdk/auth/can_use.go:73.80,75.24 2 1
core_project/shared/sdk/auth/can_use.go:75.24,77.3 1 1
core_project/shared/sdk/auth/can_use.go:78.2,78.25 1 1
core_project/shared/sdk/auth/can_use.go:78.25,79.42 1 1
core_project/shared/sdk/auth/can_use.go:79.42,81.4 1 0
core_project/shared/sdk/auth/can_use.go:83.2,83.21 1 1
core_project/shared/sdk/auth/can_use.go:87.99,89.17 2 1
core_project/shared/sdk/auth/can_use.go:89.17,90.41 1 0
core_project/shared/sdk/auth/can_use.go:90.41,91.23 1 0
core_project/shared/sdk/auth/can_use.go:91.23,93.5 1 0
core_project/shared/sdk/auth/can_use.go:96.2,96.14 1 1
core_project/shared/sdk/auth/can_use.go:100.86,101.24 1 1
core_project/shared/sdk/auth/can_use.go:101.24,103.3 1 1
core_project/shared/sdk/auth/can_use.go:104.2,105.59 2 1
core_project/shared/sdk/auth/can_use.go:105.59,106.66 1 1
core_project/shared/sdk/auth/can_use.go:106.66,107.47 1 0
core_project/shared/sdk/auth/can_use.go:107.47,108.24 1 0
core_project/shared/sdk/auth/can_use.go:108.24,110.6 1 0
core_project/shared/sdk/auth/can_use.go:114.2,114.14 1 1
core_project/shared/sdk/auth/can_use.go:119.85,120.64 1 1
core_project/shared/sdk/auth/can_use.go:120.64,122.3 1 0
core_project/shared/sdk/auth/can_use.go:124.2,126.33 2 1
core_project/shared/sdk/auth/can_use.go:126.33,129.3 2 0
core_project/shared/sdk/auth/can_use.go:131.2,132.70 2 1
core_project/shared/sdk/auth/can_use.go:132.70,134.3 1 0
core_project/shared/sdk/auth/can_use.go:136.2,136.58 1 1
core_project/shared/sdk/auth/can_use.go:136.58,138.3 1 0
core_project/shared/sdk/auth/can_use.go:140.2,140.57 1 1
core_project/shared/sdk/auth/can_use.go:140.57,142.3 1 0
core_project/shared/sdk/auth/can_use.go:144.2,144.33 1 1
core_project/shared/sdk/auth/can_use.go:144.33,145.58 1 0
core_project/shared/sdk/auth/can_use.go:145.58,147.4 1 0
core_project/shared/sdk/auth/can_use.go:150.2,151.17 2 1
core_project/shared/sdk/auth/can_use.go:151.17,153.3 1 0
core_project/shared/sdk/auth/can_use.go:154.2,154.103 1 1
core_project/shared/sdk/auth/can_use.go:159.36,160.14 1 1
core_project/shared/sdk/auth/can_use.go:161.20,162.13 1 1
core_project/shared/sdk/auth/can_use.go:163.18,164.11 1 1
core_project/shared/sdk/auth/can_use.go:165.13,166.11 1 1
core_project/shared/sdk/auth/can_use.go:167.14,168.11 1 1
core_project/shared/sdk/auth/can_use.go:169.10,170.11 1 1
core_project/shared/sdk/auth/can_use.go:177.80,178.20 1 0
core_project/shared/sdk/auth/can_use.go:178.20,180.3 1 0
core_project/shared/sdk/auth/can_use.go:183.2,184.35 2 0
core_project/shared/sdk/auth/can_use.go:184.35,186.3 1 0
core_project/shared/sdk/auth/can_use.go:188.2,193.34 3 0
core_project/shared/sdk/auth/can_use.go:193.34,194.56 1 0
core_project/shared/sdk/auth/can_use.go:194.56,196.4 1 0
core_project/shared/sdk/auth/can_use.go:200.2,201.25 2 0
core_project/shared/sdk/auth/can_use.go:201.25,202.85 1 0
core_project/shared/sdk/auth/can_use.go:202.85,204.4 1 0
core_project/shared/sdk/auth/can_use.go:207.2,215.16 3 0
core_project/shared/sdk/auth/can_use.go:215.16,217.3 1 0
core_project/shared/sdk/auth/can_use.go:218.2,218.35 1 0
core_project/shared/sdk/auth/can_use.go:218.35,220.3 1 0
core_project/shared/sdk/auth/can_use.go:221.2,221.20 1 0
core_project/shared/sdk/auth/can_use.go:225.75,226.25 1 0
core_project/shared/sdk/auth/can_use.go:226.25,228.3 1 0
core_project/shared/sdk/auth/can_use.go:231.54,232.8 1 0
core_project/shared/sdk/auth/can_use.go:232.8,234.3 1 0
core_project/shared/sdk/auth/can_use.go:235.2,235.72 1 0
core_project/shared/sdk/auth/can_use.go:238.67,239.29 1 0
core_project/shared/sdk/auth/can_use.go:239.29,241.3 1 0
core_project/shared/sdk/auth/can_use.go:242.2,243.17 2 0
core_project/shared/sdk/auth/can_use.go:243.17,244.41 1 0
core_project/shared/sdk/auth/can_use.go:244.41,245.20 1 0
core_project/shared/sdk/auth/can_use.go:245.20,247.5 1 0
core_project/shared/sdk/auth/can_use.go:250.2,250.14 1 0
core_project/shared/sdk/auth/middleware.go:21.61,22.32 1 1
core_project/shared/sdk/auth/middleware.go:22.32,24.3 1 0
core_project/shared/sdk/auth/middleware.go:26.2,27.83 2 1
core_project/shared/sdk/auth/middleware.go:27.83,28.58 1 1
core_project/shared/sdk/auth/middleware.go:28.58,30.4 1 1
core_project/shared/sdk/auth/middleware.go:31.3,31.21 1 1
core_project/shared/sdk/auth/middleware.go:34.2,34.16 1 1
core_project/shared/sdk/auth/middleware.go:34.16,36.3 1 1
core_project/shared/sdk/auth/middleware.go:38.2,38.67 1 1
core_project/shared/sdk/auth/middleware.go:38.67,40.3 1 1
core_project/shared/sdk/auth/middleware.go:42.2,42.41 1 0
core_project/shared/sdk/auth/middleware.go:46.49,47.71 1 1
core_project/shared/sdk/auth/middleware.go:47.71,51.23 3 1
core_project/shared/sdk/auth/middleware.go:51.23,53.47 2 1
core_project/shared/sdk/auth/middleware.go:53.47,55.5 1 1
core_project/shared/sdk/auth/middleware.go:58.3,58.24 1 1
core_project/shared/sdk/auth/middleware.go:58.24,61.25 2 1
core_project/shared/sdk/auth/middleware.go:61.25,71.5 1 1
core_project/shared/sdk/auth/middleware.go:74.3,74.24 1 1
core_project/shared/sdk/auth/middleware.go:74.24,75.59 1 1
core_project/shared/sdk/auth/middleware.go:75.59,77.5 1 1
core_project/shared/sdk/auth/middleware.go:80.3,80.24 1 1
core_project/shared/sdk/auth/middleware.go:80.24,83.68 1 1
core_project/shared/sdk/auth/middleware.go:83.68,86.5 2 0
core_project/shared/sdk/auth/middleware.go:87.4,88.10 2 1
core_project/shared/sdk/auth/middleware.go:91.3,92.17 2 1
core_project/shared/sdk/auth/middleware.go:92.17,95.4 2 0
core_project/shared/sdk/auth/middleware.go:98.3,99.21 2 1
core_project/shared/sdk/auth/middleware.go:99.21,101.4 1 1
core_project/shared/sdk/auth/middleware.go:103.3,104.19 2 1
core_project/shared/sdk/auth/middleware.go:104.19,106.4 1 0
core_project/shared/sdk/auth/middleware.go:108.3,109.17 2 1
core_project/shared/sdk/auth/middleware.go:109.17,111.4 1 1
core_project/shared/sdk/auth/middleware.go:113.3,113.21 1 1
core_project/shared/sdk/auth/middleware.go:113.21,116.4 2 1
core_project/shared/sdk/auth/middleware.go:119.3,123.40 4 1
core_project/shared/sdk/auth/plan_features.go:47.43,60.2 12 0
core_project/shared/sdk/auth/plan_features.go:66.57,67.15 1 1
core_project/shared/sdk/auth/plan_features.go:68.19,69.26 1 1
core_project/shared/sdk/auth/plan_features.go:70.26,71.33 1 0
core_project/shared/sdk/auth/plan_features.go:72.21,73.27 1 0
core_project/shared/sdk/auth/plan_features.go:74.23,75.29 1 1
core_project/shared/sdk/auth/plan_features.go:76.30,77.35 1 0
core_project/shared/sdk/auth/plan_features.go:78.23,79.29 1 0
core_project/shared/sdk/auth/plan_features.go:80.22,81.29 1 0
core_project/shared/sdk/auth/plan_features.go:82.23,83.30 1 0
core_project/shared/sdk/auth/plan_features.go:84.24,85.30 1 0
core_project/shared/sdk/auth/plan_features.go:87.2,87.14 1 1
core_project/shared/sdk/auth/plan_features.go:92.55,97.14 2 0
core_project/shared/sdk/auth/plan_features.go:98.20,111.188 13 0
core_project/shared/sdk/auth/plan_features.go:111.188,113.4 1 0
core_project/shared/sdk/auth/plan_features.go:114.18,125.188 11 0
core_project/shared/sdk/auth/plan_features.go:125.188,127.4 1 0
core_project/shared/sdk/auth/plan_features.go:128.13,139.149 11 0
core_project/shared/sdk/auth/plan_features.go:139.149,141.4 1 0
core_project/shared/sdk/auth/plan_features.go:142.3,143.40 2 0
core_project/shared/sdk/auth/plan_features.go:144.14,155.101 11 0
core_project/shared/sdk/auth/plan_features.go:155.101,157.4 1 0
core_project/shared/sdk/auth/plan_features.go:158.3,162.41 5 0
core_project/shared/sdk/auth/plan_features.go:163.10,164.20 1 0
core_project/shared/sdk/auth/plan_features.go:166.2,167.10 2 0
core_project/shared/sdk/auth/plan_features.go:172.85,175.38 2 1
core_project/shared/sdk/auth/plan_features.go:175.38,177.3 1 1
core_project/shared/sdk/auth/plan_features.go:180.2,181.25 2 0
core_project/shared/sdk/auth/plan_features.go:181.25,182.84 1 0
core_project/shared/sdk/auth/plan_features.go:182.84,184.48 2 0
core_project/shared/sdk/auth/plan_features.go:184.48,186.5 1 0
core_project/shared/sdk/auth/plan_features.go:191.2,191.20 1 0
core_project/shared/sdk/auth/plan_features.go:191.20,193.3 1 0
core_project/shared/sdk/auth/plan_features.go:196.2,196.26 1 0
core_project/shared/sdk/auth/plan_features.go:196.26,199.26 2 0
core_project/shared/sdk/auth/plan_features.go:199.26,200.41 1 0
core_project/shared/sdk/auth/plan_features.go:200.41,202.5 1 0
core_project/shared/sdk/auth/plan_features.go:204.3,204.16 1 0
core_project/shared/sdk/auth/plan_features.go:208.2,214.16 5 0
core_project/shared/sdk/auth/plan_features.go:214.16,216.3 1 0
core_project/shared/sdk/auth/plan_features.go:217.2,219.18 2 0
core_project/shared/sdk/auth/plan_features.go:219.18,223.59 4 0
core_project/shared/sdk/auth/plan_features.go:223.59,224.12 1 0
core_project/shared/sdk/auth/plan_features.go:226.3,226.28 1 0
core_project/shared/sdk/auth/plan_features.go:229.2,233.25 3 0
core_project/shared/sdk/auth/plan_features.go:233.25,234.44 1 0
core_project/shared/sdk/auth/plan_features.go:234.44,236.4 1 0
core_project/shared/sdk/auth/plan_features.go:239.2,239.15 1 0
core_project/shared/sdk/auth/quota.go:14.65,15.25 1 1
core_project/shared/sdk/auth/quota.go:15.25,17.30 2 0
core_project/shared/sdk/auth/quota.go:17.30,19.4 1 0
core_project/shared/sdk/auth/quota.go:22.2,22.20 1 1
core_project/shared/sdk/auth/quota.go:22.20,25.31 3 0
core_project/shared/sdk/auth/quota.go:25.31,27.27 1 0
core_project/shared/sdk/auth/quota.go:27.27,29.5 1 0
core_project/shared/sdk/auth/quota.go:30.4,30.15 1 0
core_project/shared/sdk/auth/quota.go:33.2,33.19 1 1
core_project/shared/sdk/auth/quota.go:36.64,37.25 1 1
core_project/shared/sdk/auth/quota.go:37.25,39.3 1 0
core_project/shared/sdk/auth/quota.go:42.47,44.16 2 1
core_project/shared/sdk/auth/quota.go:44.16,46.3 1 0
core_project/shared/sdk/auth/quota.go:47.2,47.12 1 1
core_project/shared/sdk/auth/quota.go:50.63,51.25 1 1
core_project/shared/sdk/auth/quota.go:51.25,53.3 1 1
core_project/shared/sdk/auth/quota.go:54.2,61.18 6 0
core_project/shared/sdk/auth/quota.go:62.22,63.31 1 0
core_project/shared/sdk/auth/quota.go:64.17,65.25 1 0
core_project/shared/sdk/auth/quota.go:66.19,67.27 1 0
core_project/shared/sdk/auth/quota.go:68.22,69.33 1 0
core_project/shared/sdk/auth/quota.go:70.22,71.33 1 0
core_project/shared/sdk/auth/quota.go:72.19,73.27 1 0
core_project/shared/sdk/auth/quota.go:74.10,75.18 1 0
core_project/shared/sdk/auth/quota.go:78.2,78.17 1 0
core_project/shared/sdk/auth/quota.go:78.17,80.3 1 0
core_project/shared/sdk/auth/quota.go:82.2,82.27 1 0
core_project/shared/sdk/auth/quota.go:85.66,86.25 1 1
core_project/shared/sdk/auth/quota.go:86.25,88.3 1 1
core_project/shared/sdk/auth/quota.go:89.2,92.48 4 0
core_project/shared/sdk/auth/quota.go:95.54,96.71 1 1
core_project/shared/sdk/auth/quota.go:96.71,98.28 2 1
core_project/shared/sdk/auth/quota.go:98.28,101.4 2 1
core_project/shared/sdk/auth/quota.go:103.3,116.23 6 1
core_project/shared/sdk/auth/quota.go:121.88,122.20 1 0
core_project/shared/sdk/auth/quota.go:122.20,124.3 1 0
core_project/shared/sdk/auth/quota.go:125.2,127.16 3 0
core_project/shared/sdk/auth/quota.go:127.16,129.3 1 0
core_project/shared/sdk/auth/quota.go:130.2,130.32 1 0
core_project/shared/sdk/auth/quota.go:134.115,135.20 1 0
core_project/shared/sdk/auth/quota.go:135.20,137.3 1 0
core_project/shared/sdk/auth/quota.go:138.2,139.16 2 0
core_project/shared/sdk/auth/quota.go:139.16,141.3 1 0
core_project/shared/sdk/auth/quota.go:142.2,145.16 3 0
core_project/shared/sdk/auth/quota.go:145.16,147.3 1 0
core_project/shared/sdk/auth/quota.go:148.2,149.16 2 0
core_project/shared/sdk/auth/quota.go:149.16,151.3 1 0
core_project/shared/sdk/auth/quota.go:152.2,152.23 1 0
core_project/shared/sdk/auth/quota.go:158.71,160.2 1 1
core_project/shared/sdk/auth/quota.go:166.69,167.46 1 0
core_project/shared/sdk/auth/quota.go:167.46,168.72 1 0
core_project/shared/sdk/auth/quota.go:168.72,170.29 2 0
core_project/shared/sdk/auth/quota.go:170.29,173.5 2 0
core_project/shared/sdk/auth/quota.go:175.4,176.16 2 0
core_project/shared/sdk/auth/quota.go:176.16,182.5 5 0
core_project/shared/sdk/auth/quota.go:184.4,187.24 4 0
core_project/shared/sdk/auth/quota_counter.go:13.29,15.2 1 1
core_project/shared/sdk/auth/quota_counter.go:17.35,20.2 2 0
core_project/shared/sdk/auth/quota_counter.go:25.99,30.25 4 1
core_project/shared/sdk/auth/quota_counter.go:30.25,32.17 2 0
core_project/shared/sdk/auth/quota_counter.go:32.17,35.4 2 0
core_project/shared/sdk/auth/quota_counter.go:39.2,43.26 4 1
core_project/shared/sdk/auth/quota_counter.go:48.90,50.25 1 1
core_project/shared/sdk/auth/quota_counter.go:50.25,52.3 1 1
core_project/shared/sdk/auth/quota_counter.go:53.2,57.69 4 0
core_project/shared/sdk/auth/quota_counter.go:57.69,59.3 1 0
core_project/shared/sdk/auth/quota_counter.go:60.2,62.17 3 0
core_project/shared/sdk/auth/quota_counter.go:62.17,64.3 1 0
core_project/shared/sdk/auth/quota_counter.go:65.2,65.41 1 0
core_project/shared/sdk/auth/quota_counter.go:70.61,71.17 1 1
core_project/shared/sdk/auth/quota_counter.go:72.17,73.21 1 1
core_project/shared/sdk/auth/quota_counter.go:74.19,75.23 1 1
core_project/shared/sdk/auth/quota_counter.go:76.22,77.29 1 1
core_project/shared/sdk/auth/quota_counter.go:78.22,79.29 1 0
core_project/shared/sdk/auth/quota_counter.go:80.19,81.23 1 1
core_project/shared/sdk/auth/quota_counter.go:82.18,83.23 1 1
core_project/shared/sdk/auth/quota_counter.go:84.26,85.21 1 0
core_project/shared/sdk/auth/quota_counter.go:87.2,87.10 1 0
core_project/shared/sdk/auth/quota_counter.go:91.100,99.2 6 1
core_project/shared/sdk/auth/quota_mw.go:15.68,16.20 1 0
core_project/shared/sdk/auth/quota_mw.go:16.20,18.3 1 0
core_project/shared/sdk/auth/quota_mw.go:19.2,23.14 3 0
core_project/shared/sdk/auth/quota_mw.go:28.73,30.16 2 0
core_project/shared/sdk/auth/quota_mw.go:30.16,32.3 1 0
core_project/shared/sdk/auth/quota_mw.go:33.2,33.47 1 0
core_project/shared/sdk/auth/quota_mw.go:33.47,35.3 1 0
core_project/shared/sdk/auth/quota_mw.go:36.2,37.25 2 0
core_project/shared/sdk/auth/quota_mw.go:37.25,39.3 1 0
core_project/shared/sdk/auth/quota_mw.go:46.77,47.46 1 1
core_project/shared/sdk/auth/quota_mw.go:47.46,48.72 1 1
core_project/shared/sdk/auth/quota_mw.go:48.72,50.29 2 1
core_project/shared/sdk/auth/quota_mw.go:50.29,53.5 2 1
core_project/shared/sdk/auth/quota_mw.go:56.4,58.59 2 1
core_project/shared/sdk/auth/quota_mw.go:58.59,68.5 5 0
core_project/shared/sdk/auth/quota_mw.go:70.4,70.24 1 1
core_project/shared/sdk/auth/subscription_guard.go:26.43,28.2 1 0
core_project/shared/sdk/auth/subscription_guard.go:32.66,33.47 1 1
core_project/shared/sdk/auth/subscription_guard.go:33.47,35.3 1 1
core_project/shared/sdk/auth/subscription_guard.go:36.2,47.65 3 0
core_project/shared/sdk/auth/subscription_guard.go:47.65,49.3 1 0
core_project/shared/sdk/auth/subscription_guard.go:50.2,51.22 2 0
core_project/shared/sdk/auth/subscription_guard.go:51.22,53.3 1 0
core_project/shared/sdk/auth/subscription_guard.go:54.2,54.11 1 0
core_project/shared/sdk/auth/subscription_guard.go:62.64,63.71 1 1
core_project/shared/sdk/auth/subscription_guard.go:63.71,64.19 1 1
core_project/shared/sdk/auth/subscription_guard.go:65.60,67.10 2 1
core_project/shared/sdk/auth/subscription_guard.go:69.3,70.21 2 1
core_project/shared/sdk/auth/subscription_guard.go:70.21,73.4 2 0
core_project/shared/sdk/auth/subscription_guard.go:74.3,75.18 2 1
core_project/shared/sdk/auth/subscription_guard.go:75.18,80.4 4 0
core_project/shared/sdk/auth/subscription_guard.go:81.3,83.23 3 1
core_project/services/billing-service/admin_dashboard_handlers.go:12.67,14.26 2 0
core_project/services/billing-service/admin_dashboard_handlers.go:14.26,17.3 2 0
core_project/services/billing-service/admin_dashboard_handlers.go:18.2,18.32 1 0
core_project/services/billing-service/admin_dashboard_handlers.go:18.32,21.3 2 0
core_project/services/billing-service/admin_dashboard_handlers.go:23.2,58.17 15 0
core_project/services/billing-service/admin_dashboard_handlers.go:58.17,59.19 1 0
core_project/services/billing-service/admin_dashboard_handlers.go:59.19,62.66 3 0
core_project/services/billing-service/admin_dashboard_handlers.go:62.66,68.24 2 0
core_project/services/billing-service/admin_dashboard_handlers.go:68.24,70.6 1 0
core_project/services/billing-service/admin_dashboard_handlers.go:71.5,71.25 1 0
core_project/services/billing-service/admin_dashboard_handlers.go:71.25,73.6 1 0
core_project/services/billing-service/admin_dashboard_handlers.go:74.5,74.47 1 0
core_project/services/billing-service/admin_dashboard_handlers.go:77.3,77.15 1 0
core_project/services/billing-service/admin_dashboard_handlers.go:81.2,86.21 3 0
core_project/services/billing-service/admin_dashboard_handlers.go:86.21,87.23 1 0
core_project/services/billing-service/admin_dashboard_handlers.go:87.23,90.40 3 0
core_project/services/billing-service/admin_dashboard_handlers.go:90.40,92.5 1 0
core_project/services/billing-service/admin_dashboard_handlers.go:94.3,94.19 1 0
core_project/services/billing-service/admin_dashboard_handlers.go:97.2,111.4 1 0
core_project/services/billing-service/admin_dashboard_handlers.go:115.22,115.35 1 0
core_project/services/billing-service/admin_dashboard_handlers.go:119.58,126.18 3 1
core_project/services/billing-service/admin_dashboard_handlers.go:126.18,128.3 1 0
core_project/services/billing-service/admin_dashboard_handlers.go:131.2,133.26 3 1
core_project/services/billing-service/admin_dashboard_handlers.go:133.26,135.3 1 1
core_project/services/billing-service/admin_dashboard_handlers.go:137.2,137.81 1 1
core_project/services/billing-service/admin_tenant_handlers.go:14.87,21.18 3 0
core_project/services/billing-service/admin_tenant_handlers.go:21.18,22.20 1 0
core_project/services/billing-service/admin_tenant_handlers.go:22.20,27.81 5 0
core_project/services/billing-service/admin_tenant_handlers.go:27.81,37.5 1 0
core_project/services/billing-service/admin_tenant_handlers.go:39.3,39.16 1 0
core_project/services/billing-service/admin_tenant_handlers.go:41.2,41.17 1 0
core_project/services/billing-service/admin_tenant_handlers.go:44.68,45.25 1 0
core_project/services/billing-service/admin_tenant_handlers.go:45.25,47.3 1 0
core_project/services/billing-service/admin_tenant_handlers.go:49.2,52.20 4 0
core_project/services/billing-service/admin_tenant_handlers.go:52.20,55.3 2 0
core_project/services/billing-service/admin_tenant_handlers.go:57.2,59.18 2 0
core_project/services/billing-service/admin_tenant_handlers.go:60.22,72.17 8 0
core_project/services/billing-service/admin_tenant_handlers.go:72.17,75.4 2 0
core_project/services/billing-service/admin_tenant_handlers.go:77.3,91.24 4 0
core_project/services/billing-service/admin_tenant_handlers.go:91.24,93.4 1 0
core_project/services/billing-service/admin_tenant_handlers.go:95.3,103.62 6 0
core_project/services/billing-service/admin_tenant_handlers.go:105.24,109.62 2 0
core_project/services/billing-service/admin_tenant_handlers.go:109.62,112.4 2 0
core_project/services/billing-service/admin_tenant_handlers.go:114.3,114.21 1 0
core_project/services/billing-service/admin_tenant_handlers.go:115.19,117.60 2 0
core_project/services/billing-service/admin_tenant_handlers.go:118.17,120.57 2 0
core_project/services/billing-service/admin_tenant_handlers.go:121.17,124.18 2 0
core_project/services/billing-service/admin_tenant_handlers.go:124.18,127.5 2 0
core_project/services/billing-service/admin_tenant_handlers.go:128.4,129.58 2 0
core_project/services/billing-service/admin_tenant_handlers.go:130.11,131.96 1 0
core_project/services/billing-service/admin_tenant_handlers.go:134.10,135.81 1 0
core_project/services/billing-service/admin_tenant_handlers.go:146.72,148.26 2 0
core_project/services/billing-service/admin_tenant_handlers.go:148.26,151.3 2 0
core_project/services/billing-service/admin_tenant_handlers.go:153.2,164.16 3 0
core_project/services/billing-service/admin_tenant_handlers.go:164.16,167.3 2 0
core_project/services/billing-service/admin_tenant_handlers.go:168.2,180.18 4 0
core_project/services/billing-service/admin_tenant_handlers.go:180.18,182.99 2 0
core_project/services/billing-service/admin_tenant_handlers.go:182.99,184.4 1 0
core_project/services/billing-service/admin_tenant_handlers.go:187.2,187.32 1 0
core_project/services/billing-service/admin_tenant_handlers.go:187.32,193.3 2 0
core_project/services/billing-service/admin_tenant_handlers.go:195.2,195.33 1 0
core_project/services/billing-service/admin_tenant_handlers.go:195.33,198.30 2 0
core_project/services/billing-service/admin_tenant_handlers.go:198.30,200.18 2 0
core_project/services/billing-service/admin_tenant_handlers.go:200.18,208.5 3 0
core_project/services/billing-service/admin_tenant_handlers.go:208.10,210.5 1 0
core_project/services/billing-service/admin_tenant_handlers.go:214.3,223.5 3 0
core_project/services/billing-service/admin_tenant_handlers.go:232.53,234.12 2 0
core_project/services/billing-service/admin_tenant_handlers.go:234.12,235.7 1 0
core_project/services/billing-service/admin_tenant_handlers.go:235.7,236.11 1 0
core_project/services/billing-service/admin_tenant_handlers.go:237.20,238.48 1 0
core_project/services/billing-service/admin_tenant_handlers.go:239.22,241.11 2 0
core_project/services/billing-service/admin_tenant_handlers.go:245.2,245.60 1 0
core_project/services/billing-service/affiliate_handlers.go:22.73,23.32 1 0
core_project/services/billing-service/affiliate_handlers.go:23.32,26.3 2 0
core_project/services/billing-service/affiliate_handlers.go:28.2,40.16 2 0
core_project/services/billing-service/affiliate_handlers.go:40.16,43.3 2 0
core_project/services/billing-service/affiliate_handlers.go:44.2,52.18 4 0
core_project/services/billing-service/affiliate_handlers.go:52.18,55.79 3 0
core_project/services/billing-service/affiliate_handlers.go:55.79,57.12 2 0
core_project/services/billing-service/affiliate_handlers.go:60.3,61.42 2 0
core_project/services/billing-service/affiliate_handlers.go:61.42,63.4 1 0
core_project/services/billing-service/affiliate_handlers.go:63.9,65.4 1 0
core_project/services/billing-service/affiliate_handlers.go:66.3,66.31 1 0
core_project/services/billing-service/affiliate_handlers.go:69.2,69.67 1 0
core_project/services/billing-service/affiliate_handlers.go:72.69,73.32 1 0
core_project/services/billing-service/affiliate_handlers.go:73.32,76.3 2 0
core_project/services/billing-service/affiliate_handlers.go:77.2,83.16 6 0
core_project/services/billing-service/affiliate_handlers.go:83.16,86.3 2 0
core_project/services/billing-service/affiliate_handlers.go:89.2,97.17 2 0
core_project/services/billing-service/affiliate_handlers.go:97.17,107.3 2 0
core_project/services/billing-service/affiliate_handlers.go:108.2,121.18 4 0
core_project/services/billing-service/affiliate_handlers.go:121.18,124.154 3 0
core_project/services/billing-service/affiliate_handlers.go:124.154,126.12 2 0
core_project/services/billing-service/affiliate_handlers.go:128.3,129.41 2 0
core_project/services/billing-service/affiliate_handlers.go:132.2,140.4 1 0
core_project/services/billing-service/affiliate_handlers.go:143.70,144.33 1 0
core_project/services/billing-service/affiliate_handlers.go:144.33,147.3 2 0
core_project/services/billing-service/affiliate_handlers.go:148.2,151.120 3 0
core_project/services/billing-service/affiliate_handlers.go:151.120,154.3 2 0
core_project/services/billing-service/affiliate_handlers.go:156.2,158.16 3 0
core_project/services/billing-service/affiliate_handlers.go:158.16,161.3 2 0
core_project/services/billing-service/affiliate_handlers.go:163.2,163.105 1 0
core_project/services/billing-service/affiliate_handlers.go:166.70,167.33 1 0
core_project/services/billing-service/affiliate_handlers.go:167.33,170.3 2 0
core_project/services/billing-service/affiliate_handlers.go:171.2,176.99 3 0
core_project/services/billing-service/affiliate_handlers.go:176.99,179.3 2 0
core_project/services/billing-service/affiliate_handlers.go:181.2,183.16 3 0
core_project/services/billing-service/affiliate_handlers.go:183.16,186.3 2 0
core_project/services/billing-service/affiliate_handlers.go:187.2,191.16 4 0
core_project/services/billing-service/affiliate_handlers.go:191.16,194.3 2 0
core_project/services/billing-service/affiliate_handlers.go:196.2,197.16 2 0
core_project/services/billing-service/affiliate_handlers.go:197.16,200.3 2 0
core_project/services/billing-service/affiliate_handlers.go:202.2,202.39 1 0
core_project/services/billing-service/affiliate_handlers.go:202.39,205.3 2 0
core_project/services/billing-service/affiliate_handlers.go:206.2,206.62 1 0
core_project/services/billing-service/affiliate_handlers.go:209.76,210.33 1 0
core_project/services/billing-service/affiliate_handlers.go:210.33,213.3 2 0
core_project/services/billing-service/affiliate_handlers.go:214.2,215.27 2 0
core_project/services/billing-service/affiliate_handlers.go:215.27,218.3 2 0
core_project/services/billing-service/affiliate_handlers.go:220.2,223.87 2 0
core_project/services/billing-service/affiliate_handlers.go:223.87,226.3 2 0
core_project/services/billing-service/affiliate_handlers.go:228.2,230.16 3 0
core_project/services/billing-service/affiliate_handlers.go:230.16,233.3 2 0
core_project/services/billing-service/affiliate_handlers.go:235.2,236.16 2 0
core_project/services/billing-service/affiliate_handlers.go:236.16,239.3 2 0
core_project/services/billing-service/affiliate_handlers.go:240.2,243.16 3 0
core_project/services/billing-service/affiliate_handlers.go:243.16,246.3 2 0
core_project/services/billing-service/affiliate_handlers.go:248.2,251.16 2 0
core_project/services/billing-service/affiliate_handlers.go:251.16,254.3 2 0
core_project/services/billing-service/affiliate_handlers.go:256.2,256.47 1 0
core_project/services/billing-service/affiliate_handlers.go:256.47,259.3 2 0
core_project/services/billing-service/affiliate_handlers.go:260.2,260.71 1 0
core_project/services/billing-service/affiliate_handlers.go:263.71,264.32 1 0
core_project/services/billing-service/affiliate_handlers.go:264.32,267.3 2 0
core_project/services/billing-service/affiliate_handlers.go:268.2,273.16 5 0
core_project/services/billing-service/affiliate_handlers.go:273.16,276.3 2 0
core_project/services/billing-service/affiliate_handlers.go:278.2,284.17 2 0
core_project/services/billing-service/affiliate_handlers.go:284.17,287.3 2 0
core_project/services/billing-service/affiliate_handlers.go:288.2,298.18 4 0
core_project/services/billing-service/affiliate_handlers.go:298.18,301.96 3 0
core_project/services/billing-service/affiliate_handlers.go:301.96,303.12 2 0
core_project/services/billing-service/affiliate_handlers.go:305.3,306.35 2 0
core_project/services/billing-service/affiliate_handlers.go:308.2,308.67 1 0
core_project/services/billing-service/affiliate_handlers.go:311.70,312.32 1 0
core_project/services/billing-service/affiliate_handlers.go:312.32,315.3 2 0
core_project/services/billing-service/affiliate_handlers.go:316.2,321.16 5 0
core_project/services/billing-service/affiliate_handlers.go:321.16,324.3 2 0
core_project/services/billing-service/affiliate_handlers.go:326.2,333.17 2 0
core_project/services/billing-service/affiliate_handlers.go:333.17,336.3 2 0
core_project/services/billing-service/affiliate_handlers.go:337.2,351.18 4 0
core_project/services/billing-service/affiliate_handlers.go:351.18,354.168 3 0
core_project/services/billing-service/affiliate_handlers.go:354.168,356.12 2 0
core_project/services/billing-service/affiliate_handlers.go:358.3,359.41 2 0
core_project/services/billing-service/affiliate_handlers.go:361.2,361.69 1 0
core_project/services/billing-service/affiliate_handlers.go:364.72,366.26 2 0
core_project/services/billing-service/affiliate_handlers.go:366.26,369.3 2 0
core_project/services/billing-service/affiliate_handlers.go:371.2,373.18 2 0
core_project/services/billing-service/affiliate_handlers.go:374.22,384.17 5 0
core_project/services/billing-service/affiliate_handlers.go:384.17,387.4 2 0
core_project/services/billing-service/affiliate_handlers.go:388.3,395.5 1 0
core_project/services/billing-service/affiliate_handlers.go:397.39,406.62 2 0
core_project/services/billing-service/affiliate_handlers.go:406.62,409.4 2 0
core_project/services/billing-service/affiliate_handlers.go:410.3,410.119 1 0
core_project/services/billing-service/affiliate_handlers.go:410.119,413.4 2 0
core_project/services/billing-service/affiliate_handlers.go:415.3,427.17 2 0
core_project/services/billing-service/affiliate_handlers.go:427.17,430.4 2 0
core_project/services/billing-service/affiliate_handlers.go:431.3,439.5 2 0
core_project/services/billing-service/affiliate_handlers.go:441.10,442.81 1 0
core_project/services/billing-service/billing_helpers.go:15.64,16.54 1 1
core_project/services/billing-service/billing_helpers.go:16.54,19.3 2 1
core_project/services/billing-service/billing_helpers.go:20.2,20.13 1 1
core_project/services/billing-service/billing_helpers.go:41.93,46.55 4 0
core_project/services/billing-service/billing_helpers.go:46.55,48.3 1 0
core_project/services/billing-service/billing_helpers.go:50.2,52.16 3 0
core_project/services/billing-service/billing_helpers.go:52.16,54.3 1 0
core_project/services/billing-service/billing_helpers.go:55.2,55.18 1 0
core_project/services/billing-service/billing_helpers.go:55.18,57.3 1 0
core_project/services/billing-service/billing_helpers.go:59.2,68.20 5 0
core_project/services/billing-service/billing_helpers.go:71.88,74.16 3 0
core_project/services/billing-service/billing_helpers.go:74.16,76.3 1 0
core_project/services/billing-service/billing_helpers.go:77.2,77.19 1 0
core_project/services/billing-service/db.go:15.39,20.16 3 0
core_project/services/billing-service/db.go:20.16,22.3 1 0
core_project/services/billing-service/db.go:24.2,24.56 1 0
core_project/services/billing-service/db.go:24.56,26.3 1 0
core_project/services/billing-service/db.go:28.2,30.12 3 0
core_project/services/billing-service/health_handlers.go:16.59,20.2 3 1
core_project/services/billing-service/health_handlers.go:22.62,35.16 5 0
core_project/services/billing-service/health_handlers.go:35.16,39.3 3 0
core_project/services/billing-service/health_handlers.go:40.2,42.38 2 0
core_project/services/billing-service/health_handlers.go:42.38,45.69 3 0
core_project/services/billing-service/health_handlers.go:45.69,46.48 1 0
core_project/services/billing-service/health_handlers.go:46.48,48.5 1 0
core_project/services/billing-service/health_handlers.go:49.4,49.49 1 0
core_project/services/billing-service/health_handlers.go:49.49,51.5 1 0
core_project/services/billing-service/health_handlers.go:53.8,55.3 1 0
core_project/services/billing-service/health_handlers.go:57.2,59.16 3 0
core_project/services/billing-service/health_handlers.go:59.16,61.41 2 0
core_project/services/billing-service/health_handlers.go:61.41,63.74 2 0
core_project/services/billing-service/health_handlers.go:63.74,65.5 1 0
core_project/services/billing-service/health_handlers.go:69.2,69.47 1 0
core_project/services/billing-service/health_handlers.go:72.66,80.16 6 0
core_project/services/billing-service/health_handlers.go:80.16,83.3 2 0
core_project/services/billing-service/health_handlers.go:84.2,86.38 2 0
core_project/services/billing-service/health_handlers.go:86.38,89.3 2 0
core_project/services/billing-service/health_handlers.go:91.2,92.67 2 0
core_project/services/billing-service/health_handlers.go:92.67,95.3 2 0
core_project/services/billing-service/health_handlers.go:97.2,98.17 2 0
core_project/services/billing-service/health_handlers.go:98.17,100.3 1 0
core_project/services/billing-service/health_handlers.go:102.2,102.45 1 0
core_project/services/billing-service/health_handlers.go:105.65,129.62 3 0
core_project/services/billing-service/health_handlers.go:129.62,130.30 1 0
core_project/services/billing-service/health_handlers.go:130.30,132.4 1 0
core_project/services/billing-service/health_handlers.go:133.3,133.62 1 0
core_project/services/billing-service/health_handlers.go:136.2,142.31 5 0
core_project/services/billing-service/health_handlers.go:142.31,148.79 4 0
core_project/services/billing-service/health_handlers.go:148.79,150.54 2 0
core_project/services/billing-service/health_handlers.go:150.54,153.5 2 0
core_project/services/billing-service/health_handlers.go:154.9,156.54 2 0
core_project/services/billing-service/health_handlers.go:156.54,158.41 2 0
core_project/services/billing-service/health_handlers.go:158.41,160.6 1 0
core_project/services/billing-service/health_handlers.go:160.11,163.6 2 0
core_project/services/billing-service/health_handlers.go:164.10,167.5 2 0
core_project/services/billing-service/health_handlers.go:170.3,170.32 1 0
core_project/services/billing-service/health_handlers.go:173.2,174.12 2 0
core_project/services/billing-service/health_handlers.go:174.12,176.3 1 0
core_project/services/billing-service/health_handlers.go:178.2,183.4 1 0
core_project/services/billing-service/landing_config_handlers.go:35.48,39.45 4 1
core_project/services/billing-service/landing_config_handlers.go:39.45,41.3 1 1
core_project/services/billing-service/landing_config_handlers.go:42.2,42.28 1 1
core_project/services/billing-service/landing_config_handlers.go:45.49,52.2 3 1
core_project/services/billing-service/landing_config_handlers.go:54.33,58.2 3 1
core_project/services/billing-service/landing_config_handlers.go:60.34,64.2 3 1
core_project/services/billing-service/landing_config_handlers.go:68.69,69.32 1 0
core_project/services/billing-service/landing_config_handlers.go:69.32,72.3 2 0
core_project/services/billing-service/landing_config_handlers.go:74.2,75.14 2 0
core_project/services/billing-service/landing_config_handlers.go:75.14,78.3 2 0
core_project/services/billing-service/landing_config_handlers.go:81.2,81.43 1 0
core_project/services/billing-service/landing_config_handlers.go:81.43,86.3 4 0
core_project/services/billing-service/landing_config_handlers.go:89.2,93.16 3 0
core_project/services/billing-service/landing_config_handlers.go:93.16,96.3 2 0
core_project/services/billing-service/landing_config_handlers.go:99.2,103.18 4 0
core_project/services/billing-service/landing_config_handlers.go:108.73,109.32 1 0
core_project/services/billing-service/landing_config_handlers.go:109.32,112.3 2 0
core_project/services/billing-service/landing_config_handlers.go:115.2,116.49 2 0
core_project/services/billing-service/landing_config_handlers.go:116.49,121.3 4 0
core_project/services/billing-service/landing_config_handlers.go:123.2,126.16 2 0
core_project/services/billing-service/landing_config_handlers.go:126.16,129.3 2 0
core_project/services/billing-service/landing_config_handlers.go:130.2,133.18 3 0
core_project/services/billing-service/landing_config_handlers.go:133.18,136.50 3 0
core_project/services/billing-service/landing_config_handlers.go:136.50,137.12 1 0
core_project/services/billing-service/landing_config_handlers.go:139.3,140.46 2 0
core_project/services/billing-service/landing_config_handlers.go:140.46,142.4 1 0
core_project/services/billing-service/landing_config_handlers.go:145.2,156.15 6 0
core_project/services/billing-service/landing_config_handlers.go:161.76,162.32 1 0
core_project/services/billing-service/landing_config_handlers.go:162.32,165.3 2 0
core_project/services/billing-service/landing_config_handlers.go:167.2,170.16 2 0
core_project/services/billing-service/landing_config_handlers.go:170.16,173.3 2 0
core_project/services/billing-service/landing_config_handlers.go:174.2,177.18 3 0
core_project/services/billing-service/landing_config_handlers.go:177.18,182.85 5 0
core_project/services/billing-service/landing_config_handlers.go:182.85,183.12 1 0
core_project/services/billing-service/landing_config_handlers.go:185.3,193.5 3 0
core_project/services/billing-service/landing_config_handlers.go:196.2,196.63 1 0
core_project/services/billing-service/landing_config_handlers.go:201.77,202.63 1 0
core_project/services/billing-service/landing_config_handlers.go:202.63,205.3 2 0
core_project/services/billing-service/landing_config_handlers.go:207.2,208.14 2 0
core_project/services/billing-service/landing_config_handlers.go:208.14,211.3 2 0
core_project/services/billing-service/landing_config_handlers.go:213.2,217.62 2 0
core_project/services/billing-service/landing_config_handlers.go:217.62,220.3 2 0
core_project/services/billing-service/landing_config_handlers.go:222.2,223.16 2 0
core_project/services/billing-service/landing_config_handlers.go:223.16,226.3 2 0
core_project/services/billing-service/landing_config_handlers.go:228.2,230.26 2 0
core_project/services/billing-service/landing_config_handlers.go:230.26,235.3 1 0
core_project/services/billing-service/landing_config_handlers.go:235.8,240.3 1 0
core_project/services/billing-service/landing_config_handlers.go:241.2,241.16 1 0
core_project/services/billing-service/landing_config_handlers.go:241.16,244.3 2 0
core_project/services/billing-service/landing_config_handlers.go:247.2,266.4 9 0
core_project/services/billing-service/license_handlers.go:16.66,18.26 2 0
core_project/services/billing-service/license_handlers.go:18.26,21.3 2 0
core_project/services/billing-service/license_handlers.go:23.2,23.32 1 0
core_project/services/billing-service/license_handlers.go:23.32,26.3 2 0
core_project/services/billing-service/license_handlers.go:28.2,31.17 4 0
core_project/services/billing-service/license_handlers.go:31.17,33.3 1 0
core_project/services/billing-service/license_handlers.go:35.2,43.20 2 0
core_project/services/billing-service/license_handlers.go:44.14,45.33 1 0
core_project/services/billing-service/license_handlers.go:46.15,47.34 1 0
core_project/services/billing-service/license_handlers.go:50.2,53.16 3 0
core_project/services/billing-service/license_handlers.go:53.16,56.3 2 0
core_project/services/billing-service/license_handlers.go:57.2,60.18 3 0
core_project/services/billing-service/license_handlers.go:60.18,68.165 7 0
core_project/services/billing-service/license_handlers.go:68.165,69.12 1 0
core_project/services/billing-service/license_handlers.go:72.3,84.5 1 0
core_project/services/billing-service/license_handlers.go:87.2,87.21 1 0
core_project/services/billing-service/license_handlers.go:87.21,89.3 1 0
core_project/services/billing-service/license_handlers.go:91.2,91.65 1 0
core_project/services/billing-service/license_handlers.go:94.74,96.26 2 0
core_project/services/billing-service/license_handlers.go:96.26,99.3 2 0
core_project/services/billing-service/license_handlers.go:101.2,101.33 1 0
core_project/services/billing-service/license_handlers.go:101.33,104.3 2 0
core_project/services/billing-service/license_handlers.go:106.2,114.61 2 0
core_project/services/billing-service/license_handlers.go:114.61,117.3 2 0
core_project/services/billing-service/license_handlers.go:119.2,119.28 1 0
core_project/services/billing-service/license_handlers.go:119.28,121.3 1 0
core_project/services/billing-service/license_handlers.go:122.2,122.24 1 0
core_project/services/billing-service/license_handlers.go:122.24,124.3 1 0
core_project/services/billing-service/license_handlers.go:125.2,125.27 1 0
core_project/services/billing-service/license_handlers.go:125.27,127.3 1 0
core_project/services/billing-service/license_handlers.go:128.2,128.23 1 0
core_project/services/billing-service/license_handlers.go:128.23,130.3 1 0
core_project/services/billing-service/license_handlers.go:131.2,131.23 1 0
core_project/services/billing-service/license_handlers.go:131.23,133.3 1 0
core_project/services/billing-service/license_handlers.go:135.2,138.36 3 0
core_project/services/billing-service/license_handlers.go:138.36,149.17 4 0
core_project/services/billing-service/license_handlers.go:149.17,155.4 1 0
core_project/services/billing-service/license_handlers.go:158.2,158.20 1 0
core_project/services/billing-service/license_handlers.go:158.20,161.3 2 0
core_project/services/billing-service/license_handlers.go:163.2,166.4 2 0
core_project/services/billing-service/license_handlers.go:169.36,175.2 2 1
core_project/services/billing-service/license_handlers.go:177.39,178.14 1 1
core_project/services/billing-service/license_handlers.go:178.14,180.3 1 1
core_project/services/billing-service/license_handlers.go:181.2,182.11 2 1
core_project/services/billing-service/license_handlers.go:185.33,186.11 1 1
core_project/services/billing-service/license_handlers.go:186.11,188.3 1 1
core_project/services/billing-service/license_handlers.go:189.2,189.10 1 1
core_project/services/billing-service/license_handlers.go:192.42,193.14 1 0
core_project/services/billing-service/license_handlers.go:193.14,195.3 1 0
core_project/services/billing-service/license_handlers.go:196.2,197.11 2 0
core_project/services/billing-service/main.go:35.13,41.36 5 0
core_project/services/billing-service/main.go:41.36,44.3 2 0
core_project/services/billing-service/main.go:45.2,48.42 2 0
core_project/services/billing-service/main.go:48.42,51.3 2 0
core_project/services/billing-service/main.go:54.2,153.48 60 0
core_project/services/billing-service/main.go:153.48,155.3 1 0
core_project/services/billing-service/migrations.go:16.44,21.58 2 0
core_project/services/billing-service/migrations.go:21.58,24.59 2 0
core_project/services/billing-service/migrations.go:24.59,26.4 1 0
core_project/services/billing-service/migrations.go:29.2,30.16 2 0
core_project/services/billing-service/migrations.go:30.16,32.3 1 0
core_project/services/billing-service/migrations.go:34.2,37.16 3 0
core_project/services/billing-service/migrations.go:37.16,39.3 1 0
core_project/services/billing-service/migrations.go:41.2,41.56 1 0
core_project/services/billing-service/migrations.go:41.56,43.3 1 0
core_project/services/billing-service/migrations.go:45.2,45.12 1 0
core_project/services/billing-service/plan_features_available_handlers.go:13.85,15.26 2 0
core_project/services/billing-service/plan_features_available_handlers.go:15.26,18.3 2 0
core_project/services/billing-service/plan_features_available_handlers.go:19.2,19.32 1 0
core_project/services/billing-service/plan_features_available_handlers.go:19.32,25.17 2 0
core_project/services/billing-service/plan_features_available_handlers.go:25.17,28.4 2 0
core_project/services/billing-service/plan_features_available_handlers.go:29.3,31.19 3 0
core_project/services/billing-service/plan_features_available_handlers.go:31.19,36.92 5 0
core_project/services/billing-service/plan_features_available_handlers.go:36.92,47.5 1 0
core_project/services/billing-service/plan_features_available_handlers.go:49.3,50.9 2 0
core_project/services/billing-service/plan_features_available_handlers.go:52.2,52.33 1 0
core_project/services/billing-service/plan_features_available_handlers.go:52.33,63.62 2 0
core_project/services/billing-service/plan_features_available_handlers.go:63.62,66.4 2 0
core_project/services/billing-service/plan_features_available_handlers.go:67.3,67.74 1 0
core_project/services/billing-service/plan_features_available_handlers.go:67.74,70.4 2 0
core_project/services/billing-service/plan_features_available_handlers.go:71.3,81.17 2 0
core_project/services/billing-service/plan_features_available_handlers.go:81.17,84.4 2 0
core_project/services/billing-service/plan_features_available_handlers.go:85.3,87.9 3 0
core_project/services/billing-service/plan_features_available_handlers.go:89.2,89.80 1 0
core_project/services/billing-service/plan_features_available_handlers.go:92.79,94.26 2 0
core_project/services/billing-service/plan_features_available_handlers.go:94.26,97.3 2 0
core_project/services/billing-service/plan_features_available_handlers.go:98.2,99.15 2 0
core_project/services/billing-service/plan_features_available_handlers.go:99.15,102.3 2 0
core_project/services/billing-service/plan_features_available_handlers.go:103.2,103.34 1 0
core_project/services/billing-service/plan_features_available_handlers.go:103.34,113.62 2 0
core_project/services/billing-service/plan_features_available_handlers.go:113.62,116.4 2 0
core_project/services/billing-service/plan_features_available_handlers.go:117.3,118.29 2 0
core_project/services/billing-service/plan_features_available_handlers.go:118.29,122.4 3 0
core_project/services/billing-service/plan_features_available_handlers.go:123.3,123.29 1 0
core_project/services/billing-service/plan_features_available_handlers.go:123.29,127.4 3 0
core_project/services/billing-service/plan_features_available_handlers.go:128.3,128.26 1 0
core_project/services/billing-service/plan_features_available_handlers.go:128.26,132.4 3 0
core_project/services/billing-service/plan_features_available_handlers.go:133.3,133.25 1 0
core_project/services/billing-service/plan_features_available_handlers.go:133.25,137.4 3 0
core_project/services/billing-service/plan_features_available_handlers.go:138.3,138.32 1 0
core_project/services/billing-service/plan_features_available_handlers.go:138.32,142.4 3 0
core_project/services/billing-service/plan_features_available_handlers.go:143.3,143.33 1 0
core_project/services/billing-service/plan_features_available_handlers.go:143.33,147.4 3 0
core_project/services/billing-service/plan_features_available_handlers.go:148.3,148.27 1 0
core_project/services/billing-service/plan_features_available_handlers.go:148.27,152.4 3 0
core_project/services/billing-service/plan_features_available_handlers.go:153.3,153.24 1 0
core_project/services/billing-service/plan_features_available_handlers.go:153.24,156.4 2 0
core_project/services/billing-service/plan_features_available_handlers.go:157.3,160.17 4 0
core_project/services/billing-service/plan_features_available_handlers.go:160.17,163.4 2 0
core_project/services/billing-service/plan_features_available_handlers.go:164.3,166.9 3 0
core_project/services/billing-service/plan_features_available_handlers.go:168.2,168.35 1 0
core_project/services/billing-service/plan_features_available_handlers.go:168.35,170.17 2 0
core_project/services/billing-service/plan_features_available_handlers.go:170.17,173.4 2 0
core_project/services/billing-service/plan_features_available_handlers.go:174.3,176.9 3 0
core_project/services/billing-service/plan_features_available_handlers.go:178.2,178.80 1 0
core_project/services/billing-service/plan_features_handlers.go:15.80,17.26 2 0
core_project/services/billing-service/plan_features_handlers.go:17.26,20.3 2 0
core_project/services/billing-service/plan_features_handlers.go:22.2,22.18 1 0
core_project/services/billing-service/plan_features_handlers.go:23.22,24.25 1 0
core_project/services/billing-service/plan_features_handlers.go:25.23,26.26 1 0
core_project/services/billing-service/plan_features_handlers.go:27.10,28.81 1 0
core_project/services/billing-service/plan_features_handlers.go:32.74,34.26 2 0
core_project/services/billing-service/plan_features_handlers.go:34.26,37.3 2 0
core_project/services/billing-service/plan_features_handlers.go:39.2,40.14 2 0
core_project/services/billing-service/plan_features_handlers.go:40.14,43.3 2 0
core_project/services/billing-service/plan_features_handlers.go:45.2,45.18 1 0
core_project/services/billing-service/plan_features_handlers.go:46.24,47.30 1 0
core_project/services/billing-service/plan_features_handlers.go:48.25,49.30 1 0
core_project/services/billing-service/plan_features_handlers.go:50.10,51.81 1 0
core_project/services/billing-service/plan_features_handlers.go:55.76,57.26 2 0
core_project/services/billing-service/plan_features_handlers.go:57.26,60.3 2 0
core_project/services/billing-service/plan_features_handlers.go:62.2,63.18 2 0
core_project/services/billing-service/plan_features_handlers.go:63.18,66.3 2 0
core_project/services/billing-service/plan_features_handlers.go:69.2,69.32 1 0
core_project/services/billing-service/plan_features_handlers.go:69.32,91.80 3 0
core_project/services/billing-service/plan_features_handlers.go:91.80,94.4 2 0
core_project/services/billing-service/plan_features_handlers.go:95.3,96.9 2 0
core_project/services/billing-service/plan_features_handlers.go:100.2,100.34 1 0
core_project/services/billing-service/plan_features_handlers.go:100.34,103.3 2 0
core_project/services/billing-service/plan_features_handlers.go:105.2,106.61 2 0
core_project/services/billing-service/plan_features_handlers.go:106.61,109.3 2 0
core_project/services/billing-service/plan_features_handlers.go:111.2,123.28 5 0
core_project/services/billing-service/plan_features_handlers.go:123.28,124.26 1 0
core_project/services/billing-service/plan_features_handlers.go:124.26,128.4 3 0
core_project/services/billing-service/plan_features_handlers.go:131.2,131.23 1 0
core_project/services/billing-service/plan_features_handlers.go:131.23,134.3 2 0
core_project/services/billing-service/plan_features_handlers.go:136.2,138.64 3 0
core_project/services/billing-service/plan_features_handlers.go:138.64,141.3 2 0
core_project/services/billing-service/plan_features_handlers.go:143.2,143.25 1 0
core_project/services/billing-service/plan_features_handlers.go:143.25,145.3 1 0
core_project/services/billing-service/plan_features_handlers.go:146.2,146.56 1 0
core_project/services/billing-service/plan_features_handlers.go:149.63,160.18 3 0
core_project/services/billing-service/plan_features_handlers.go:160.18,165.3 1 0
core_project/services/billing-service/plan_features_handlers.go:165.8,170.3 1 0
core_project/services/billing-service/plan_features_handlers.go:171.2,171.16 1 0
core_project/services/billing-service/plan_features_handlers.go:171.16,174.3 2 0
core_project/services/billing-service/plan_features_handlers.go:175.2,178.18 3 0
core_project/services/billing-service/plan_features_handlers.go:178.18,182.80 4 0
core_project/services/billing-service/plan_features_handlers.go:182.80,192.4 1 0
core_project/services/billing-service/plan_features_handlers.go:195.2,195.65 1 0
core_project/services/billing-service/plan_features_handlers.go:198.64,200.61 2 0
core_project/services/billing-service/plan_features_handlers.go:200.61,203.3 2 0
core_project/services/billing-service/plan_features_handlers.go:204.2,204.71 1 0
core_project/services/billing-service/plan_features_handlers.go:204.71,207.3 2 0
core_project/services/billing-service/plan_features_handlers.go:209.2,210.149 2 0
core_project/services/billing-service/plan_features_handlers.go:210.149,213.3 2 0
core_project/services/billing-service/plan_features_handlers.go:215.2,216.26 2 0
core_project/services/billing-service/plan_features_handlers.go:216.26,218.3 1 0
core_project/services/billing-service/plan_features_handlers.go:220.2,230.16 3 0
core_project/services/billing-service/plan_features_handlers.go:230.16,233.3 2 0
core_project/services/billing-service/plan_features_handlers.go:235.2,244.4 2 0
core_project/services/billing-service/plan_features_handlers.go:247.75,253.61 2 0
core_project/services/billing-service/plan_features_handlers.go:253.61,256.3 2 0
core_project/services/billing-service/plan_features_handlers.go:258.2,261.28 4 0
core_project/services/billing-service/plan_features_handlers.go:261.28,265.3 3 0
core_project/services/billing-service/plan_features_handlers.go:266.2,266.29 1 0
core_project/services/billing-service/plan_features_handlers.go:266.29,270.3 3 0
core_project/services/billing-service/plan_features_handlers.go:271.2,271.26 1 0
core_project/services/billing-service/plan_features_handlers.go:271.26,275.3 3 0
core_project/services/billing-service/plan_features_handlers.go:277.2,277.23 1 0
core_project/services/billing-service/plan_features_handlers.go:277.23,280.3 2 0
core_project/services/billing-service/plan_features_handlers.go:282.2,285.16 4 0
core_project/services/billing-service/plan_features_handlers.go:285.16,288.3 2 0
core_project/services/billing-service/plan_features_handlers.go:289.2,289.29 1 0
core_project/services/billing-service/plan_features_handlers.go:289.29,292.3 2 0
core_project/services/billing-service/plan_features_handlers.go:294.2,295.57 2 0
core_project/services/billing-service/plan_features_handlers.go:298.75,300.16 2 0
core_project/services/billing-service/plan_features_handlers.go:300.16,303.3 2 0
core_project/services/billing-service/plan_features_handlers.go:304.2,304.29 1 0
core_project/services/billing-service/plan_features_handlers.go:304.29,307.3 2 0
core_project/services/billing-service/plan_features_handlers.go:308.2,309.57 2 0
core_project/services/billing-service/plan_features_matrix_handlers.go:15.140,25.16 2 0
core_project/services/billing-service/plan_features_matrix_handlers.go:25.16,27.3 1 0
core_project/services/billing-service/plan_features_matrix_handlers.go:28.2,35.18 6 0
core_project/services/billing-service/plan_features_matrix_handlers.go:35.18,39.96 4 0
core_project/services/billing-service/plan_features_matrix_handlers.go:39.96,40.36 1 0
core_project/services/billing-service/plan_features_matrix_handlers.go:40.36,43.5 2 0
core_project/services/billing-service/plan_features_matrix_handlers.go:44.4,51.25 2 0
core_project/services/billing-service/plan_features_matrix_handlers.go:51.25,54.5 2 0
core_project/services/billing-service/plan_features_matrix_handlers.go:59.2,61.18 3 0
core_project/services/billing-service/plan_features_matrix_handlers.go:61.18,63.20 2 0
core_project/services/billing-service/plan_features_matrix_handlers.go:63.20,67.4 3 0
core_project/services/billing-service/plan_features_matrix_handlers.go:70.2,70.52 1 0
core_project/services/billing-service/plan_features_matrix_handlers.go:74.61,76.18 2 0
core_project/services/billing-service/plan_features_matrix_handlers.go:76.18,81.88 5 0
core_project/services/billing-service/plan_features_matrix_handlers.go:81.88,91.4 1 0
core_project/services/billing-service/plan_features_matrix_handlers.go:93.2,93.14 1 0
core_project/services/billing-service/plan_features_matrix_handlers.go:96.71,98.26 2 0
core_project/services/billing-service/plan_features_matrix_handlers.go:98.26,101.3 2 0
core_project/services/billing-service/plan_features_matrix_handlers.go:103.2,103.32 1 0
core_project/services/billing-service/plan_features_matrix_handlers.go:103.32,105.17 2 0
core_project/services/billing-service/plan_features_matrix_handlers.go:105.17,108.4 2 0
core_project/services/billing-service/plan_features_matrix_handlers.go:110.3,116.9 2 0
core_project/services/billing-service/plan_features_matrix_handlers.go:119.2,119.34 1 0
core_project/services/billing-service/plan_features_matrix_handlers.go:119.34,125.62 2 0
core_project/services/billing-service/plan_features_matrix_handlers.go:125.62,128.4 2 0
core_project/services/billing-service/plan_features_matrix_handlers.go:129.3,129.47 1 0
core_project/services/billing-service/plan_features_matrix_handlers.go:129.47,132.4 2 0
core_project/services/billing-service/plan_features_matrix_handlers.go:133.3,138.17 2 0
core_project/services/billing-service/plan_features_matrix_handlers.go:138.17,141.4 2 0
core_project/services/billing-service/plan_features_matrix_handlers.go:142.3,142.26 1 0
core_project/services/billing-service/plan_features_matrix_handlers.go:142.26,144.4 1 0
core_project/services/billing-service/plan_features_matrix_handlers.go:145.3,147.9 3 0
core_project/services/billing-service/plan_features_matrix_handlers.go:149.2,149.80 1 0
core_project/services/billing-service/plan_features_matrix_handlers.go:152.69,154.26 2 0
core_project/services/billing-service/plan_features_matrix_handlers.go:154.26,157.3 2 0
core_project/services/billing-service/plan_features_matrix_handlers.go:159.2,159.32 1 0
core_project/services/billing-service/plan_features_matrix_handlers.go:159.32,169.17 2 0
core_project/services/billing-service/plan_features_matrix_handlers.go:169.17,172.4 2 0
core_project/services/billing-service/plan_features_matrix_handlers.go:173.3,177.9 4 0
core_project/services/billing-service/plan_features_matrix_handlers.go:180.2,180.34 1 0
core_project/services/billing-service/plan_features_matrix_handlers.go:180.34,186.62 2 0
core_project/services/billing-service/plan_features_matrix_handlers.go:186.62,189.4 2 0
core_project/services/billing-service/plan_features_matrix_handlers.go:190.3,190.27 1 0
core_project/services/billing-service/plan_features_matrix_handlers.go:190.27,193.4 2 0
core_project/services/billing-service/plan_features_matrix_handlers.go:194.3,197.17 2 0
core_project/services/billing-service/plan_features_matrix_handlers.go:197.17,200.4 2 0
core_project/services/billing-service/plan_features_matrix_handlers.go:201.3,201.47 1 0
core_project/services/billing-service/plan_features_matrix_handlers.go:201.47,205.4 1 0
core_project/services/billing-service/plan_features_matrix_handlers.go:205.9,209.4 1 0
core_project/services/billing-service/plan_features_matrix_handlers.go:210.3,210.17 1 0
core_project/services/billing-service/plan_features_matrix_handlers.go:210.17,213.4 2 0
core_project/services/billing-service/plan_features_matrix_handlers.go:214.3,215.26 2 0
core_project/services/billing-service/plan_features_matrix_handlers.go:215.26,216.58 1 0
core_project/services/billing-service/plan_features_matrix_handlers.go:216.58,218.5 1 0
core_project/services/billing-service/plan_features_matrix_handlers.go:220.3,221.9 2 0
core_project/services/billing-service/plan_features_matrix_handlers.go:223.2,223.80 1 0
core_project/services/billing-service/plan_management_handlers.go:13.67,15.26 2 0
core_project/services/billing-service/plan_management_handlers.go:15.26,18.3 2 0
core_project/services/billing-service/plan_management_handlers.go:20.2,20.32 1 0
core_project/services/billing-service/plan_management_handlers.go:20.32,23.3 2 0
core_project/services/billing-service/plan_management_handlers.go:25.2,30.16 3 0
core_project/services/billing-service/plan_management_handlers.go:30.16,33.3 2 0
core_project/services/billing-service/plan_management_handlers.go:34.2,37.18 3 0
core_project/services/billing-service/plan_management_handlers.go:37.18,39.115 2 0
core_project/services/billing-service/plan_management_handlers.go:39.115,41.4 1 0
core_project/services/billing-service/plan_management_handlers.go:44.2,44.59 1 0
core_project/services/billing-service/plan_management_handlers.go:58.68,60.26 2 0
core_project/services/billing-service/plan_management_handlers.go:60.26,63.3 2 0
core_project/services/billing-service/plan_management_handlers.go:65.2,65.32 1 0
core_project/services/billing-service/plan_management_handlers.go:65.32,68.3 2 0
core_project/services/billing-service/plan_management_handlers.go:70.2,71.18 2 0
core_project/services/billing-service/plan_management_handlers.go:71.18,74.3 2 0
core_project/services/billing-service/plan_management_handlers.go:76.2,77.61 2 0
core_project/services/billing-service/plan_management_handlers.go:77.61,80.3 2 0
core_project/services/billing-service/plan_management_handlers.go:83.2,83.49 1 0
core_project/services/billing-service/plan_management_handlers.go:83.49,86.3 2 0
core_project/services/billing-service/plan_management_handlers.go:88.2,92.110 3 0
core_project/services/billing-service/plan_management_handlers.go:92.110,95.3 2 0
core_project/services/billing-service/plan_management_handlers.go:98.2,110.25 10 0
core_project/services/billing-service/plan_management_handlers.go:110.25,114.3 3 0
core_project/services/billing-service/plan_management_handlers.go:116.2,116.26 1 0
core_project/services/billing-service/plan_management_handlers.go:116.26,120.3 3 0
core_project/services/billing-service/plan_management_handlers.go:122.2,128.16 5 0
core_project/services/billing-service/plan_management_handlers.go:128.16,132.3 3 0
core_project/services/billing-service/plan_management_handlers.go:134.2,143.58 4 0
core_project/services/billing-service/quota_handlers.go:16.68,18.26 2 0
core_project/services/billing-service/quota_handlers.go:18.26,21.3 2 0
core_project/services/billing-service/quota_handlers.go:22.2,22.32 1 0
core_project/services/billing-service/quota_handlers.go:22.32,25.3 2 0
core_project/services/billing-service/quota_handlers.go:27.2,28.55 2 0
core_project/services/billing-service/quota_handlers.go:28.55,31.3 2 0
core_project/services/billing-service/quota_handlers.go:33.2,47.16 5 0
core_project/services/billing-service/quota_handlers.go:47.16,50.3 2 0
core_project/services/billing-service/quota_handlers.go:51.2,59.18 4 0
core_project/services/billing-service/quota_handlers.go:59.18,62.66 3 0
core_project/services/billing-service/quota_handlers.go:62.66,63.12 1 0
core_project/services/billing-service/quota_handlers.go:65.3,66.33 2 0
core_project/services/billing-service/quota_handlers.go:69.2,76.4 1 0
core_project/services/billing-service/quota_handlers.go:87.69,88.32 1 0
core_project/services/billing-service/quota_handlers.go:88.32,91.3 2 0
core_project/services/billing-service/quota_handlers.go:92.2,93.20 2 0
core_project/services/billing-service/quota_handlers.go:93.20,96.3 2 0
core_project/services/billing-service/quota_handlers.go:97.2,109.16 3 0
core_project/services/billing-service/quota_handlers.go:109.16,112.3 2 0
core_project/services/billing-service/quota_handlers.go:113.2,129.18 4 0
core_project/services/billing-service/quota_handlers.go:129.18,136.58 5 0
core_project/services/billing-service/quota_handlers.go:136.58,137.12 1 0
core_project/services/billing-service/quota_handlers.go:139.3,139.47 1 0
core_project/services/billing-service/quota_handlers.go:139.47,143.24 4 0
core_project/services/billing-service/quota_handlers.go:143.24,146.5 2 0
core_project/services/billing-service/quota_handlers.go:148.3,148.27 1 0
core_project/services/billing-service/quota_handlers.go:151.2,151.87 1 0
core_project/services/billing-service/quota_handlers.go:154.81,162.2 4 0
core_project/services/billing-service/quota_handlers.go:164.77,172.2 2 0
core_project/services/billing-service/quota_handlers.go:174.100,177.19 3 0
core_project/services/billing-service/quota_handlers.go:177.19,179.3 1 0
core_project/services/billing-service/quota_handlers.go:180.2,182.14 3 0
core_project/services/billing-service/quota_handlers.go:182.14,185.3 2 0
core_project/services/billing-service/quota_handlers.go:186.2,186.26 1 0
core_project/services/billing-service/quota_handlers.go:189.112,190.38 1 0
core_project/services/billing-service/quota_handlers.go:190.38,192.3 1 0
core_project/services/billing-service/quota_handlers.go:193.2,195.15 3 0
core_project/services/billing-service/quota_handlers.go:195.15,197.3 1 0
core_project/services/billing-service/quota_handlers.go:198.2,199.14 2 0
core_project/services/billing-service/quota_handlers.go:199.14,206.3 3 0
core_project/services/billing-service/quota_handlers.go:210.66,211.33 1 0
core_project/services/billing-service/quota_handlers.go:211.33,214.3 2 0
core_project/services/billing-service/quota_handlers.go:215.2,216.20 2 0
core_project/services/billing-service/quota_handlers.go:216.20,219.3 2 0
core_project/services/billing-service/quota_handlers.go:220.2,225.83 3 0
core_project/services/billing-service/quota_handlers.go:225.83,228.3 2 0
core_project/services/billing-service/quota_handlers.go:231.2,232.16 2 0
core_project/services/billing-service/quota_handlers.go:232.16,235.3 2 0
core_project/services/billing-service/quota_handlers.go:238.2,238.70 1 0
core_project/services/billing-service/quota_handlers.go:238.70,241.3 2 0
core_project/services/billing-service/quota_handlers.go:244.2,246.25 2 0
core_project/services/billing-service/quota_handlers.go:246.25,247.63 1 0
core_project/services/billing-service/quota_handlers.go:247.63,252.4 2 0
core_project/services/billing-service/quota_handlers.go:253.3,255.50 1 0
core_project/services/billing-service/quota_handlers.go:255.50,258.4 2 0
core_project/services/billing-service/quota_handlers.go:262.2,271.16 3 0
core_project/services/billing-service/quota_handlers.go:271.16,274.3 2 0
core_project/services/billing-service/quota_handlers.go:277.2,286.4 3 0
core_project/services/billing-service/quota_handlers.go:290.61,291.32 1 0
core_project/services/billing-service/quota_handlers.go:291.32,294.3 2 0
core_project/services/billing-service/quota_handlers.go:295.2,296.20 2 0
core_project/services/billing-service/quota_handlers.go:296.20,299.3 2 0
core_project/services/billing-service/quota_handlers.go:300.2,310.16 3 0
core_project/services/billing-service/quota_handlers.go:310.16,313.3 2 0
core_project/services/billing-service/quota_handlers.go:314.2,327.18 4 0
core_project/services/billing-service/quota_handlers.go:327.18,332.48 3 0
core_project/services/billing-service/quota_handlers.go:332.48,333.12 1 0
core_project/services/billing-service/quota_handlers.go:335.3,335.23 1 0
core_project/services/billing-service/quota_handlers.go:335.23,338.4 2 0
core_project/services/billing-service/quota_handlers.go:339.3,339.27 1 0
core_project/services/billing-service/quota_handlers.go:342.2,342.79 1 0
core_project/services/billing-service/subscription_handlers.go:20.110,21.23 1 0
core_project/services/billing-service/subscription_handlers.go:21.23,23.3 1 0
core_project/services/billing-service/subscription_handlers.go:25.2,26.21 2 0
core_project/services/billing-service/subscription_handlers.go:26.21,28.3 1 0
core_project/services/billing-service/subscription_handlers.go:30.2,38.22 5 0
core_project/services/billing-service/subscription_handlers.go:39.26,40.61 1 0
core_project/services/billing-service/subscription_handlers.go:41.24,42.62 1 0
core_project/services/billing-service/subscription_handlers.go:45.2,45.25 1 0
core_project/services/billing-service/subscription_handlers.go:49.142,52.24 3 0
core_project/services/billing-service/subscription_handlers.go:52.24,54.3 1 0
core_project/services/billing-service/subscription_handlers.go:56.2,58.21 3 0
core_project/services/billing-service/subscription_handlers.go:58.21,61.3 2 0
core_project/services/billing-service/subscription_handlers.go:63.2,63.48 1 0
core_project/services/billing-service/subscription_handlers.go:82.129,88.57 6 0
core_project/services/billing-service/subscription_handlers.go:88.57,97.3 4 0
core_project/services/billing-service/subscription_handlers.go:99.2,101.87 3 0
core_project/services/billing-service/subscription_handlers.go:101.87,105.3 3 0
core_project/services/billing-service/subscription_handlers.go:107.2,108.23 2 0
core_project/services/billing-service/subscription_handlers.go:108.23,110.3 1 0
core_project/services/billing-service/subscription_handlers.go:111.2,113.65 2 0
core_project/services/billing-service/subscription_handlers.go:113.65,116.19 3 0
core_project/services/billing-service/subscription_handlers.go:116.19,122.4 2 0
core_project/services/billing-service/subscription_handlers.go:125.2,132.13 3 0
core_project/services/billing-service/subscription_handlers.go:136.104,140.27 3 0
core_project/services/billing-service/subscription_handlers.go:140.27,143.3 2 0
core_project/services/billing-service/subscription_handlers.go:144.2,144.27 1 0
core_project/services/billing-service/subscription_handlers.go:144.27,146.3 1 0
core_project/services/billing-service/subscription_handlers.go:148.2,154.13 5 0
core_project/services/billing-service/subscription_handlers.go:158.104,163.2 2 0
core_project/services/billing-service/subscription_handlers.go:176.100,183.18 6 0
core_project/services/billing-service/subscription_handlers.go:183.18,186.3 2 0
core_project/services/billing-service/subscription_handlers.go:188.2,191.23 3 0
core_project/services/billing-service/subscription_handlers.go:191.23,193.31 2 0
core_project/services/billing-service/subscription_handlers.go:193.31,195.4 1 0
core_project/services/billing-service/subscription_handlers.go:195.9,197.4 1 0
core_project/services/billing-service/subscription_handlers.go:198.8,200.3 1 0
core_project/services/billing-service/subscription_handlers.go:202.2,208.16 2 0
core_project/services/billing-service/subscription_handlers.go:208.16,210.3 1 0
core_project/services/billing-service/subscription_handlers.go:212.2,212.24 1 0
core_project/services/billing-service/subscription_handlers.go:216.130,225.16 4 0
core_project/services/billing-service/subscription_handlers.go:225.16,227.3 1 0
core_project/services/billing-service/subscription_handlers.go:228.2,228.23 1 0
core_project/services/billing-service/subscription_handlers.go:232.127,233.64 1 0
core_project/services/billing-service/subscription_handlers.go:233.64,239.3 1 0
core_project/services/billing-service/subscription_handlers.go:243.78,245.67 2 0
core_project/services/billing-service/subscription_handlers.go:245.67,246.53 1 0
core_project/services/billing-service/subscription_handlers.go:246.53,248.4 1 0
core_project/services/billing-service/subscription_handlers.go:250.2,261.36 1 0
core_project/services/billing-service/subscription_handlers.go:264.62,265.33 1 0
core_project/services/billing-service/subscription_handlers.go:265.33,268.3 2 0
core_project/services/billing-service/subscription_handlers.go:270.2,271.27 2 0
core_project/services/billing-service/subscription_handlers.go:271.27,274.3 2 0
core_project/services/billing-service/subscription_handlers.go:276.2,277.61 2 0
core_project/services/billing-service/subscription_handlers.go:277.61,280.3 2 0
core_project/services/billing-service/subscription_handlers.go:282.2,284.16 3 0
core_project/services/billing-service/subscription_handlers.go:284.16,287.3 2 0
core_project/services/billing-service/subscription_handlers.go:289.2,290.20 2 0
core_project/services/billing-service/subscription_handlers.go:290.20,292.3 1 0
core_project/services/billing-service/subscription_handlers.go:294.2,296.40 2 0
core_project/services/billing-service/subscription_handlers.go:296.40,308.58 3 0
core_project/services/billing-service/subscription_handlers.go:308.58,310.4 1 0
core_project/services/billing-service/subscription_handlers.go:313.2,313.21 1 0
core_project/services/billing-service/subscription_handlers.go:313.21,321.46 2 0
core_project/services/billing-service/subscription_handlers.go:321.46,323.4 1 0
core_project/services/billing-service/subscription_handlers.go:326.2,338.16 5 0
core_project/services/billing-service/subscription_handlers.go:338.16,341.3 2 0
core_project/services/billing-service/subscription_handlers.go:343.2,357.4 4 0
core_project/services/billing-service/subscription_helpers.go:18.177,31.68 5 0
core_project/services/billing-service/subscription_helpers.go:31.68,34.3 2 0
core_project/services/billing-service/subscription_helpers.go:39.2,51.16 3 0
core_project/services/billing-service/subscription_helpers.go:51.16,53.3 1 0
core_project/services/billing-service/subscription_helpers.go:57.2,71.41 4 0
core_project/services/billing-service/subscription_helpers.go:71.41,74.3 2 0
core_project/services/billing-service/subscription_helpers.go:77.2,92.16 2 0
core_project/services/billing-service/subscription_helpers.go:92.16,94.3 1 0
core_project/services/billing-service/subscription_helpers.go:97.2,125.16 5 0
core_project/services/billing-service/subscription_helpers.go:125.16,128.3 2 0
core_project/services/billing-service/subscription_helpers.go:131.2,147.17 4 0
core_project/services/billing-service/subscription_helpers.go:156.73,167.2 3 0
core_project/services/billing-service/subscription_helpers.go:169.87,194.16 4 0
core_project/services/billing-service/subscription_helpers.go:194.16,196.3 1 0
core_project/services/billing-service/subscription_helpers.go:199.2,201.18 2 0
core_project/services/billing-service/subscription_helpers.go:208.70,218.22 6 0
core_project/services/billing-service/subscription_helpers.go:218.22,220.3 1 0
core_project/services/billing-service/subscription_helpers.go:221.2,230.32 4 0
core_project/services/billing-service/subscription_helpers.go:230.32,236.3 3 0
core_project/services/billing-service/subscription_helpers.go:238.2,238.44 1 0
core_project/services/billing-service/subscription_helpers.go:238.44,244.3 3 0
core_project/services/billing-service/subscription_helpers.go:246.2,246.32 1 0
core_project/services/billing-service/subscription_helpers.go:246.32,251.3 2 0
core_project/services/billing-service/subscription_helpers.go:254.49,269.2 1 1
core_project/services/billing-service/subscription_helpers.go:275.59,277.53 2 0
core_project/services/billing-service/subscription_helpers.go:277.53,278.40 1 0
core_project/services/billing-service/subscription_helpers.go:278.40,280.4 1 0
core_project/services/billing-service/subscription_helpers.go:281.3,282.44 2 0
core_project/services/billing-service/subscription_helpers.go:285.2,286.18 2 0
core_project/services/billing-service/subscription_helpers.go:286.18,288.3 1 0
core_project/services/billing-service/subscription_helpers.go:289.2,297.16 7 0
core_project/services/billing-service/subscription_helpers.go:297.16,300.3 2 0
core_project/services/billing-service/subscription_helpers.go:301.2,306.16 5 0
core_project/services/billing-service/subscription_helpers.go:306.16,309.3 2 0
core_project/services/billing-service/subscription_helpers.go:310.2,312.38 2 0
core_project/services/billing-service/subscription_helpers.go:312.38,314.3 1 0
core_project/services/billing-service/subscription_helpers.go:321.55,323.20 2 0
core_project/services/billing-service/subscription_helpers.go:323.20,326.3 2 0
core_project/services/billing-service/subscription_helpers.go:328.2,336.16 5 0
core_project/services/billing-service/subscription_helpers.go:336.16,339.3 2 0
core_project/services/billing-service/subscription_helpers.go:340.2,342.38 2 0
core_project/services/billing-service/subscription_helpers.go:342.38,344.3 1 0
core_project/services/billing-service/subscription_helpers.go:351.65,354.58 2 0
core_project/services/billing-service/subscription_helpers.go:354.58,356.3 1 0
core_project/services/billing-service/subscription_helpers.go:358.2,366.16 3 0
core_project/services/billing-service/subscription_helpers.go:366.16,369.3 2 0
core_project/services/billing-service/subscription_helpers.go:370.2,372.38 2 0
core_project/services/billing-service/subscription_helpers.go:372.38,374.3 1 0
core_project/services/billing-service/subscription_public_handlers.go:10.62,11.32 1 1
core_project/services/billing-service/subscription_public_handlers.go:11.32,14.3 2 1
core_project/services/billing-service/subscription_public_handlers.go:16.2,23.16 3 0
core_project/services/billing-service/subscription_public_handlers.go:23.16,26.3 2 0
core_project/services/billing-service/subscription_public_handlers.go:27.2,30.18 3 0
core_project/services/billing-service/subscription_public_handlers.go:30.18,32.127 2 0
core_project/services/billing-service/subscription_public_handlers.go:32.127,33.12 1 0
core_project/services/billing-service/subscription_public_handlers.go:36.3,41.17 2 0
core_project/services/billing-service/subscription_public_handlers.go:41.17,43.24 2 0
core_project/services/billing-service/subscription_public_handlers.go:43.24,45.91 2 0
core_project/services/billing-service/subscription_public_handlers.go:45.91,47.6 1 0
core_project/services/billing-service/subscription_public_handlers.go:49.4,50.72 2 0
core_project/services/billing-service/subscription_public_handlers.go:51.9,53.4 1 0
core_project/services/billing-service/subscription_public_handlers.go:56.2,56.59 1 0
core_project/services/billing-service/subscription_public_handlers.go:63.68,64.33 1 1
core_project/services/billing-service/subscription_public_handlers.go:64.33,67.3 2 1
core_project/services/billing-service/subscription_public_handlers.go:69.2,70.16 2 0
core_project/services/billing-service/subscription_public_handlers.go:70.16,73.3 2 0
core_project/services/billing-service/subscription_public_handlers.go:75.2,97.16 9 0
core_project/services/billing-service/subscription_public_handlers.go:97.16,100.3 2 0
core_project/services/billing-service/subscription_public_handlers.go:102.2,102.41 1 0
core_project/services/billing-service/subscription_public_handlers.go:102.41,105.3 2 0
core_project/services/billing-service/subscription_public_handlers.go:108.2,109.48 2 0
core_project/services/billing-service/subscription_public_handlers.go:109.48,111.112 2 0
core_project/services/billing-service/subscription_public_handlers.go:111.112,113.4 1 0
core_project/services/billing-service/subscription_public_handlers.go:116.2,117.22 2 0
core_project/services/billing-service/subscription_public_handlers.go:117.22,120.3 2 0
core_project/services/billing-service/subscription_public_handlers.go:122.2,131.4 1 0
core_project/services/billing-service/subscription_query_handlers.go:11.68,12.32 1 0
core_project/services/billing-service/subscription_query_handlers.go:12.32,15.3 2 0
core_project/services/billing-service/subscription_query_handlers.go:17.2,18.27 2 0
core_project/services/billing-service/subscription_query_handlers.go:18.27,21.3 2 0
core_project/services/billing-service/subscription_query_handlers.go:23.2,35.32 7 0
core_project/services/billing-service/subscription_query_handlers.go:35.32,40.3 2 0
core_project/services/billing-service/subscription_query_handlers.go:42.2,51.17 6 0
core_project/services/billing-service/subscription_query_handlers.go:51.17,52.19 1 0
core_project/services/billing-service/subscription_query_handlers.go:52.19,54.43 2 0
core_project/services/billing-service/subscription_query_handlers.go:54.43,60.5 1 0
core_project/services/billing-service/subscription_query_handlers.go:62.3,62.15 1 0
core_project/services/billing-service/subscription_query_handlers.go:65.2,66.29 2 0
core_project/services/billing-service/subscription_query_handlers.go:66.29,69.3 2 0
core_project/services/billing-service/subscription_query_handlers.go:71.2,81.4 1 0
core_project/services/billing-service/subscription_ticket_handlers.go:11.64,12.32 1 0
core_project/services/billing-service/subscription_ticket_handlers.go:12.32,15.3 2 0
core_project/services/billing-service/subscription_ticket_handlers.go:17.2,18.27 2 0
core_project/services/billing-service/subscription_ticket_handlers.go:18.27,21.3 2 0
core_project/services/billing-service/subscription_ticket_handlers.go:23.2,34.16 3 0
core_project/services/billing-service/subscription_ticket_handlers.go:34.16,37.3 2 0
core_project/services/billing-service/subscription_ticket_handlers.go:38.2,41.18 3 0
core_project/services/billing-service/subscription_ticket_handlers.go:41.18,48.89 5 0
core_project/services/billing-service/subscription_ticket_handlers.go:48.89,49.12 1 0
core_project/services/billing-service/subscription_ticket_handlers.go:52.3,66.5 1 0
core_project/services/billing-service/subscription_ticket_handlers.go:69.2,69.63 1 0
core_project/services/billing-service/subscription_voucher_handlers.go:13.66,14.33 1 0
core_project/services/billing-service/subscription_voucher_handlers.go:14.33,17.3 2 0
core_project/services/billing-service/subscription_voucher_handlers.go:19.2,20.27 2 0
core_project/services/billing-service/subscription_voucher_handlers.go:20.27,23.3 2 0
core_project/services/billing-service/subscription_voucher_handlers.go:25.2,26.61 2 0
core_project/services/billing-service/subscription_voucher_handlers.go:26.61,29.3 2 0
core_project/services/billing-service/subscription_voucher_handlers.go:31.2,53.16 9 0
core_project/services/billing-service/subscription_voucher_handlers.go:53.16,56.3 2 0
core_project/services/billing-service/subscription_voucher_handlers.go:58.2,58.41 1 0
core_project/services/billing-service/subscription_voucher_handlers.go:58.41,61.3 2 0
core_project/services/billing-service/subscription_voucher_handlers.go:63.2,64.48 2 0
core_project/services/billing-service/subscription_voucher_handlers.go:64.48,66.3 1 0
core_project/services/billing-service/subscription_voucher_handlers.go:68.2,73.21 5 0
core_project/services/billing-service/subscription_voucher_handlers.go:74.21,75.21 1 0
core_project/services/billing-service/subscription_voucher_handlers.go:76.26,77.65 1 0
core_project/services/billing-service/subscription_voucher_handlers.go:78.24,79.66 1 0
core_project/services/billing-service/subscription_voucher_handlers.go:82.2,86.16 2 0
core_project/services/billing-service/subscription_voucher_handlers.go:86.16,88.3 1 0
core_project/services/billing-service/subscription_voucher_handlers.go:90.2,102.4 3 0
core_project/services/billing-service/voucher_code_handlers.go:26.74,28.26 2 1
core_project/services/billing-service/voucher_code_handlers.go:28.26,31.3 2 1
core_project/services/billing-service/voucher_code_handlers.go:32.2,32.33 1 1
core_project/services/billing-service/voucher_code_handlers.go:32.33,35.3 2 0
core_project/services/billing-service/voucher_code_handlers.go:37.2,38.61 2 1
core_project/services/billing-service/voucher_code_handlers.go:38.61,41.3 2 1
core_project/services/billing-service/voucher_code_handlers.go:42.2,42.91 1 1
core_project/services/billing-service/voucher_code_handlers.go:42.91,45.3 2 1
core_project/services/billing-service/voucher_code_handlers.go:47.2,52.23 5 0
core_project/services/billing-service/voucher_code_handlers.go:52.23,54.3 1 0
core_project/services/billing-service/voucher_code_handlers.go:56.2,57.17 2 0
core_project/services/billing-service/voucher_code_handlers.go:57.17,59.3 1 0
core_project/services/billing-service/voucher_code_handlers.go:61.2,67.16 2 0
core_project/services/billing-service/voucher_code_handlers.go:67.16,69.3 1 0
core_project/services/billing-service/voucher_code_handlers.go:71.2,77.36 3 0
core_project/services/billing-service/voucher_code_handlers.go:77.36,83.17 3 0
core_project/services/billing-service/voucher_code_handlers.go:83.17,85.12 2 0
core_project/services/billing-service/voucher_code_handlers.go:87.3,87.69 1 0
core_project/services/billing-service/voucher_code_handlers.go:90.2,90.21 1 0
core_project/services/billing-service/voucher_code_handlers.go:90.21,95.3 1 0
core_project/services/billing-service/voucher_code_handlers.go:97.2,104.4 2 0
core_project/services/billing-service/voucher_code_handlers.go:107.66,108.18 1 0
core_project/services/billing-service/voucher_code_handlers.go:109.22,110.32 1 0
core_project/services/billing-service/voucher_code_handlers.go:111.25,112.33 1 0
core_project/services/billing-service/voucher_code_handlers.go:113.10,114.81 1 0
core_project/services/billing-service/voucher_code_handlers.go:118.70,120.26 2 1
core_project/services/billing-service/voucher_code_handlers.go:120.26,123.3 2 1
core_project/services/billing-service/voucher_code_handlers.go:124.2,124.32 1 0
core_project/services/billing-service/voucher_code_handlers.go:124.32,127.3 2 0
core_project/services/billing-service/voucher_code_handlers.go:129.2,135.71 6 0
core_project/services/billing-service/voucher_code_handlers.go:135.71,137.3 1 0
core_project/services/billing-service/voucher_code_handlers.go:139.2,152.16 3 0
core_project/services/billing-service/voucher_code_handlers.go:152.16,155.3 2 0
core_project/services/billing-service/voucher_code_handlers.go:156.2,159.18 3 0
core_project/services/billing-service/voucher_code_handlers.go:159.18,166.124 7 0
core_project/services/billing-service/voucher_code_handlers.go:166.124,180.4 2 0
core_project/services/billing-service/voucher_code_handlers.go:183.2,193.4 5 0
core_project/services/billing-service/voucher_code_handlers.go:196.71,198.26 2 1
core_project/services/billing-service/voucher_code_handlers.go:198.26,201.3 2 1
core_project/services/billing-service/voucher_code_handlers.go:202.2,202.35 1 1
core_project/services/billing-service/voucher_code_handlers.go:202.35,205.3 2 0
core_project/services/billing-service/voucher_code_handlers.go:207.2,208.21 2 1
core_project/services/billing-service/voucher_code_handlers.go:208.21,211.3 2 1
core_project/services/billing-service/voucher_code_handlers.go:213.2,217.16 4 0
core_project/services/billing-service/voucher_code_handlers.go:217.16,220.3 2 0
core_project/services/billing-service/voucher_code_handlers.go:221.2,221.16 1 0
core_project/services/billing-service/voucher_code_handlers.go:221.16,224.3 2 0
core_project/services/billing-service/voucher_code_handlers.go:226.2,227.16 2 0
core_project/services/billing-service/voucher_code_handlers.go:227.16,230.3 2 0
core_project/services/billing-service/voucher_code_handlers.go:232.2,232.70 1 0
core_project/services/billing-service/voucher_handlers.go:34.106,47.2 5 0
core_project/services/billing-service/voucher_handlers.go:48.37,51.2 2 1
core_project/services/billing-service/voucher_handlers.go:59.84,61.74 2 0
core_project/services/billing-service/voucher_handlers.go:61.74,62.54 1 0
core_project/services/billing-service/voucher_handlers.go:62.54,64.4 1 0
core_project/services/billing-service/voucher_handlers.go:65.3,65.29 1 0
core_project/services/billing-service/voucher_handlers.go:67.2,67.33 1 0
core_project/services/billing-service/voucher_handlers.go:67.33,69.3 1 0
core_project/services/billing-service/voucher_handlers.go:70.2,71.9 2 0
core_project/services/billing-service/voucher_handlers.go:71.9,73.3 1 0
core_project/services/billing-service/voucher_handlers.go:74.2,78.37 5 0
core_project/services/billing-service/voucher_handlers.go:78.37,80.3 1 0
core_project/services/billing-service/voucher_handlers.go:81.2,84.20 4 0
core_project/services/billing-service/voucher_handlers.go:96.86,103.2 3 0
core_project/services/billing-service/voucher_handlers.go:104.70,105.20 1 0
core_project/services/billing-service/voucher_handlers.go:105.20,107.3 1 0
core_project/services/billing-service/voucher_handlers.go:108.2,108.28 1 0
core_project/services/billing-service/voucher_handlers.go:108.28,110.3 1 0
core_project/services/billing-service/voucher_handlers.go:111.2,111.38 1 0
core_project/services/billing-service/voucher_handlers.go:111.38,113.3 1 0
core_project/services/billing-service/voucher_handlers.go:114.2,114.33 1 0
core_project/services/billing-service/voucher_handlers.go:114.33,116.3 1 0
core_project/services/billing-service/voucher_handlers.go:117.2,117.12 1 0
core_project/services/billing-service/voucher_handlers.go:126.106,135.2 3 0
core_project/services/billing-service/voucher_handlers.go:136.106,142.16 3 0
core_project/services/billing-service/voucher_handlers.go:142.16,144.3 1 0
core_project/services/billing-service/voucher_handlers.go:145.2,145.38 1 0
core_project/services/billing-service/voucher_handlers.go:145.38,147.3 1 0
core_project/services/billing-service/voucher_handlers.go:148.2,148.12 1 0
core_project/services/billing-service/voucher_handlers.go:150.222,152.16 2 0
core_project/services/billing-service/voucher_handlers.go:152.16,154.3 1 0
core_project/services/billing-service/voucher_handlers.go:155.2,162.16 3 0
core_project/services/billing-service/voucher_handlers.go:162.16,164.3 1 0
core_project/services/billing-service/voucher_handlers.go:166.2,174.92 7 0
core_project/services/billing-service/voucher_handlers.go:174.92,176.3 1 0
core_project/services/billing-service/voucher_handlers.go:176.8,178.3 1 0
core_project/services/billing-service/voucher_handlers.go:180.2,194.16 2 0
core_project/services/billing-service/voucher_handlers.go:194.16,196.3 1 0
core_project/services/billing-service/voucher_handlers.go:198.2,202.16 2 0
core_project/services/billing-service/voucher_handlers.go:202.16,204.3 1 0
core_project/services/billing-service/voucher_handlers.go:206.2,221.16 4 0
core_project/services/billing-service/voucher_handlers.go:221.16,223.3 1 0
core_project/services/billing-service/voucher_handlers.go:225.2,225.39 1 0
core_project/services/billing-service/voucher_handlers.go:225.39,227.3 1 0
core_project/services/billing-service/voucher_handlers.go:228.2,228.40 1 0
core_project/services/billing-service/voucher_handlers.go:230.70,231.33 1 0
core_project/services/billing-service/voucher_handlers.go:231.33,234.3 2 0
core_project/services/billing-service/voucher_handlers.go:236.2,237.61 2 0
core_project/services/billing-service/voucher_handlers.go:237.61,240.3 2 0
core_project/services/billing-service/voucher_handlers.go:241.2,241.43 1 0
core_project/services/billing-service/voucher_handlers.go:241.43,244.3 2 0
core_project/services/billing-service/voucher_handlers.go:247.2,248.16 2 0
core_project/services/billing-service/voucher_handlers.go:248.16,251.3 2 0
core_project/services/billing-service/voucher_handlers.go:253.2,258.16 4 0
core_project/services/billing-service/voucher_handlers.go:258.16,261.3 2 0
core_project/services/billing-service/voucher_handlers.go:262.2,262.70 1 0
core_project/services/billing-service/voucher_handlers.go:262.70,265.3 2 0
core_project/services/billing-service/voucher_handlers.go:268.2,269.16 2 0
core_project/services/billing-service/voucher_handlers.go:269.16,272.3 2 0
core_project/services/billing-service/voucher_handlers.go:274.2,275.25 2 0
core_project/services/billing-service/voucher_handlers.go:275.25,277.3 1 0
core_project/services/billing-service/voucher_handlers.go:280.2,280.111 1 0
core_project/services/billing-service/voucher_handlers.go:280.111,289.3 4 0
core_project/services/billing-service/voucher_handlers.go:292.2,293.16 2 0
core_project/services/billing-service/voucher_handlers.go:293.16,296.3 2 0
core_project/services/billing-service/voucher_handlers.go:298.2,323.4 5 0
core_project/services/billing-service/voucher_link_handlers.go:22.78,24.26 2 0
core_project/services/billing-service/voucher_link_handlers.go:24.26,27.3 2 0
core_project/services/billing-service/voucher_link_handlers.go:28.2,28.33 1 0
core_project/services/billing-service/voucher_link_handlers.go:28.33,31.3 2 0
core_project/services/billing-service/voucher_link_handlers.go:33.2,34.61 2 0
core_project/services/billing-service/voucher_link_handlers.go:34.61,37.3 2 0
core_project/services/billing-service/voucher_link_handlers.go:38.2,38.63 1 0
core_project/services/billing-service/voucher_link_handlers.go:38.63,41.3 2 0
core_project/services/billing-service/voucher_link_handlers.go:43.2,52.38 3 0
core_project/services/billing-service/voucher_link_handlers.go:52.38,55.3 2 0
core_project/services/billing-service/voucher_link_handlers.go:57.2,58.23 2 0
core_project/services/billing-service/voucher_link_handlers.go:58.23,60.3 1 0
core_project/services/billing-service/voucher_link_handlers.go:60.8,60.36 1 0
core_project/services/billing-service/voucher_link_handlers.go:60.36,62.3 1 0
core_project/services/billing-service/voucher_link_handlers.go:62.8,64.3 1 0
core_project/services/billing-service/voucher_link_handlers.go:66.2,69.19 3 0
core_project/services/billing-service/voucher_link_handlers.go:69.19,71.20 2 0
core_project/services/billing-service/voucher_link_handlers.go:71.20,73.4 1 0
core_project/services/billing-service/voucher_link_handlers.go:76.2,82.33 3 0
core_project/services/billing-service/voucher_link_handlers.go:82.33,84.17 2 0
core_project/services/billing-service/voucher_link_handlers.go:84.17,87.4 2 0
core_project/services/billing-service/voucher_link_handlers.go:88.3,94.17 4 0
core_project/services/billing-service/voucher_link_handlers.go:94.17,96.12 2 0
core_project/services/billing-service/voucher_link_handlers.go:98.3,101.5 1 0
core_project/services/billing-service/voucher_link_handlers.go:104.2,116.4 3 0
core_project/services/billing-service/voucher_link_handlers.go:119.74,121.26 2 0
core_project/services/billing-service/voucher_link_handlers.go:121.26,124.3 2 0
core_project/services/billing-service/voucher_link_handlers.go:125.2,125.32 1 0
core_project/services/billing-service/voucher_link_handlers.go:125.32,128.3 2 0
core_project/services/billing-service/voucher_link_handlers.go:130.2,137.21 4 0
core_project/services/billing-service/voucher_link_handlers.go:137.21,144.3 1 0
core_project/services/billing-service/voucher_link_handlers.go:144.8,151.3 1 0
core_project/services/billing-service/voucher_link_handlers.go:152.2,152.16 1 0
core_project/services/billing-service/voucher_link_handlers.go:152.16,155.3 2 0
core_project/services/billing-service/voucher_link_handlers.go:156.2,159.18 3 0
core_project/services/billing-service/voucher_link_handlers.go:159.18,166.107 2 0
core_project/services/billing-service/voucher_link_handlers.go:166.107,178.4 2 0
core_project/services/billing-service/voucher_link_handlers.go:180.2,180.57 1 0
core_project/services/billing-service/voucher_program_handlers.go:23.83,25.26 2 0
core_project/services/billing-service/voucher_program_handlers.go:25.26,28.3 2 0
core_project/services/billing-service/voucher_program_handlers.go:30.2,30.18 1 0
core_project/services/billing-service/voucher_program_handlers.go:31.22,32.28 1 0
core_project/services/billing-service/voucher_program_handlers.go:33.23,34.29 1 0
core_project/services/billing-service/voucher_program_handlers.go:35.10,36.81 1 0
core_project/services/billing-service/voucher_program_handlers.go:40.66,46.16 3 0
core_project/services/billing-service/voucher_program_handlers.go:46.16,49.3 2 0
core_project/services/billing-service/voucher_program_handlers.go:50.2,68.18 4 0
core_project/services/billing-service/voucher_program_handlers.go:68.18,75.17 3 0
core_project/services/billing-service/voucher_program_handlers.go:75.17,77.4 1 0
core_project/services/billing-service/voucher_program_handlers.go:80.2,80.73 1 0
core_project/services/billing-service/voucher_program_handlers.go:83.67,85.61 2 0
core_project/services/billing-service/voucher_program_handlers.go:85.61,88.3 2 0
core_project/services/billing-service/voucher_program_handlers.go:90.2,90.45 1 0
core_project/services/billing-service/voucher_program_handlers.go:90.45,93.3 2 0
core_project/services/billing-service/voucher_program_handlers.go:95.2,96.24 2 0
core_project/services/billing-service/voucher_program_handlers.go:96.24,97.67 1 0
core_project/services/billing-service/voucher_program_handlers.go:97.67,99.4 1 0
core_project/services/billing-service/voucher_program_handlers.go:102.2,103.25 2 0
core_project/services/billing-service/voucher_program_handlers.go:103.25,104.68 1 0
core_project/services/billing-service/voucher_program_handlers.go:104.68,106.4 1 0
core_project/services/billing-service/voucher_program_handlers.go:109.2,117.16 4 0
core_project/services/billing-service/voucher_program_handlers.go:117.16,120.3 2 0
core_project/services/billing-service/voucher_program_handlers.go:122.2,124.4 1 0
core_project/services/billing-service/voucher_program_handlers.go:127.74,129.26 2 0
core_project/services/billing-service/voucher_program_handlers.go:129.26,132.3 2 0
core_project/services/billing-service/voucher_program_handlers.go:134.2,134.32 1 0
core_project/services/billing-service/voucher_program_handlers.go:134.32,137.3 2 0
core_project/services/billing-service/voucher_program_handlers.go:139.2,147.21 4 0
core_project/services/billing-service/voucher_program_handlers.go:147.21,155.17 2 0
core_project/services/billing-service/voucher_program_handlers.go:155.17,158.4 2 0
core_project/services/billing-service/voucher_program_handlers.go:160.3,165.5 1 0
core_project/services/billing-service/voucher_program_handlers.go:166.8,174.17 3 0
core_project/services/billing-service/voucher_program_handlers.go:174.17,177.4 2 0
core_project/services/billing-service/voucher_program_handlers.go:179.3,185.17 2 0
core_project/services/billing-service/voucher_program_handlers.go:185.17,188.4 2 0
core_project/services/billing-service/voucher_program_handlers.go:190.3,196.5 1 0
core_project/services/billing-service/voucher_program_handlers.go:200.49,201.16 1 1
core_project/services/billing-service/voucher_program_handlers.go:201.16,203.3 1 1
core_project/services/billing-service/voucher_program_handlers.go:204.2,204.51 1 1
core_project/services/billing-service/wallet_handlers.go:19.69,20.32 1 0
core_project/services/billing-service/wallet_handlers.go:20.32,23.3 2 0
core_project/services/billing-service/wallet_handlers.go:24.2,25.26 2 0
core_project/services/billing-service/wallet_handlers.go:25.26,28.3 2 0
core_project/services/billing-service/wallet_handlers.go:29.2,37.16 3 0
core_project/services/billing-service/wallet_handlers.go:37.16,40.3 2 0
core_project/services/billing-service/wallet_handlers.go:41.2,52.18 4 0
core_project/services/billing-service/wallet_handlers.go:52.18,59.96 7 0
core_project/services/billing-service/wallet_handlers.go:59.96,65.4 5 0
core_project/services/billing-service/wallet_handlers.go:67.2,67.65 1 0
core_project/services/billing-service/wallet_handlers.go:71.73,73.26 2 0
core_project/services/billing-service/wallet_handlers.go:73.26,76.3 2 0
core_project/services/billing-service/wallet_handlers.go:77.2,77.34 1 0
core_project/services/billing-service/wallet_handlers.go:77.34,80.3 2 0
core_project/services/billing-service/wallet_handlers.go:81.2,82.45 2 0
core_project/services/billing-service/wallet_handlers.go:82.45,85.3 2 0
core_project/services/billing-service/wallet_handlers.go:86.2,92.61 2 0
core_project/services/billing-service/wallet_handlers.go:92.61,95.3 2 0
core_project/services/billing-service/wallet_handlers.go:96.2,100.22 5 0
core_project/services/billing-service/wallet_handlers.go:100.22,104.3 3 0
core_project/services/billing-service/wallet_handlers.go:105.2,105.21 1 0
core_project/services/billing-service/wallet_handlers.go:105.21,109.3 3 0
core_project/services/billing-service/wallet_handlers.go:110.2,110.25 1 0
core_project/services/billing-service/wallet_handlers.go:110.25,114.3 3 0
core_project/services/billing-service/wallet_handlers.go:115.2,115.28 1 0
core_project/services/billing-service/wallet_handlers.go:115.28,119.3 3 0
core_project/services/billing-service/wallet_handlers.go:120.2,123.16 4 0
core_project/services/billing-service/wallet_handlers.go:123.16,126.3 2 0
core_project/services/billing-service/wallet_handlers.go:127.2,127.98 1 0
core_project/services/billing-service/wallet_handlers.go:131.59,132.32 1 1
core_project/services/billing-service/wallet_handlers.go:132.32,135.3 2 1
core_project/services/billing-service/wallet_handlers.go:136.2,137.20 2 1
core_project/services/billing-service/wallet_handlers.go:137.20,140.3 2 1
core_project/services/billing-service/wallet_handlers.go:141.2,144.16 4 0
core_project/services/billing-service/wallet_handlers.go:144.16,146.3 1 0
core_project/services/billing-service/wallet_handlers.go:147.2,148.16 2 0
core_project/services/billing-service/wallet_handlers.go:148.16,151.3 2 0
core_project/services/billing-service/wallet_handlers.go:152.2,162.18 4 0
core_project/services/billing-service/wallet_handlers.go:162.18,165.72 3 0
core_project/services/billing-service/wallet_handlers.go:165.72,168.4 2 0
core_project/services/billing-service/wallet_handlers.go:170.2,173.4 1 0
core_project/services/billing-service/wallet_handlers.go:177.64,178.33 1 1
core_project/services/billing-service/wallet_handlers.go:178.33,181.3 2 1
core_project/services/billing-service/wallet_handlers.go:183.2,184.20 2 0
core_project/services/billing-service/wallet_handlers.go:184.20,187.3 2 0
core_project/services/billing-service/wallet_handlers.go:188.2,191.88 2 0
core_project/services/billing-service/wallet_handlers.go:191.88,194.3 2 0
core_project/services/billing-service/wallet_handlers.go:195.2,206.18 6 0
core_project/services/billing-service/wallet_handlers.go:206.18,210.3 3 0
core_project/services/billing-service/wallet_handlers.go:211.2,212.16 2 0
core_project/services/billing-service/wallet_handlers.go:212.16,215.3 2 0
core_project/services/billing-service/wallet_handlers.go:216.2,219.4 1 0
core_project/services/billing-service/wallet_handlers.go:222.49,228.16 2 0
core_project/services/billing-service/wallet_handlers.go:228.16,231.3 2 0
core_project/services/billing-service/wallet_handlers.go:232.2,235.18 3 0
core_project/services/billing-service/wallet_handlers.go:235.18,237.28 2 0
core_project/services/billing-service/wallet_handlers.go:237.28,239.18 2 0
core_project/services/billing-service/wallet_handlers.go:239.18,241.5 1 0
core_project/services/billing-service/wallet_handlers.go:244.2,244.17 1 0
core_project/services/billing-service/wallet_handlers.go:244.17,246.3 1 0
core_project/services/billing-service/webhook_handlers.go:9.67,10.33 1 1
core_project/services/billing-service/webhook_handlers.go:10.33,13.3 2 1
core_project/services/billing-service/webhook_handlers.go:15.2,16.65 2 1
core_project/services/billing-service/webhook_handlers.go:16.65,19.3 2 1
core_project/services/billing-service/webhook_handlers.go:21.2,28.16 6 1
core_project/services/billing-service/webhook_handlers.go:28.16,32.3 3 1
core_project/services/billing-service/webhook_handlers.go:35.2,36.81 2 0
core_project/services/billing-service/webhook_handlers.go:36.81,39.3 2 0
core_project/services/billing-service/webhook_handlers.go:42.2,42.105 1 0
core_project/services/billing-service/webhook_handlers.go:42.105,43.17 1 0
core_project/services/billing-service/webhook_handlers.go:43.17,46.4 2 0
core_project/services/billing-service/webhook_handlers.go:47.3,48.9 2 0
core_project/services/billing-service/webhook_handlers.go:51.2,63.16 6 0
core_project/services/billing-service/webhook_handlers.go:63.16,67.3 3 0
core_project/services/billing-service/webhook_handlers.go:68.2,68.29 1 0
core_project/services/billing-service/webhook_handlers.go:68.29,72.3 3 0
core_project/services/billing-service/webhook_handlers.go:74.2,74.45 1 0
core_project/services/billing-service/webhook_handlers.go:74.45,75.38 1 0
core_project/services/billing-service/webhook_handlers.go:75.38,80.4 3 0
core_project/services/billing-service/webhook_handlers.go:82.2,82.18 1 0
core_project/services/billing-service/webhook_handlers.go:82.18,84.3 1 0
core_project/services/billing-service/webhook_handlers.go:86.2,86.25 1 0
core_project/services/billing-service/webhook_handlers.go:86.25,88.24 1 0
core_project/services/billing-service/webhook_handlers.go:88.24,94.18 2 0
core_project/services/billing-service/webhook_handlers.go:94.18,96.5 1 0
core_project/services/billing-service/webhook_handlers.go:98.3,100.9 3 0
core_project/services/billing-service/webhook_handlers.go:103.2,103.45 1 0
core_project/services/billing-service/webhook_handlers.go:103.45,106.3 2 0
core_project/services/billing-service/webhook_handlers.go:109.2,116.37 4 0
core_project/services/billing-service/webhook_handlers.go:116.37,125.18 4 0
core_project/services/billing-service/webhook_handlers.go:125.18,130.4 1 0
core_project/services/billing-service/webhook_handlers.go:134.2,134.23 1 0
core_project/services/billing-service/webhook_handlers.go:134.23,136.10 2 0
core_project/services/billing-service/webhook_handlers.go:136.10,138.4 1 0
core_project/services/billing-service/webhook_handlers.go:144.2,149.30 3 0
core_project/services/billing-service/webhook_helpers.go:13.71,14.50 1 1
core_project/services/billing-service/webhook_helpers.go:14.50,16.22 2 1
core_project/services/billing-service/webhook_helpers.go:16.22,18.4 1 1
core_project/services/billing-service/webhook_helpers.go:19.8,21.22 2 1
core_project/services/billing-service/webhook_helpers.go:21.22,23.4 1 1
core_project/services/billing-service/webhook_helpers.go:25.2,25.64 1 1
core_project/services/billing-service/webhook_helpers.go:29.84,30.25 1 0
core_project/services/billing-service/webhook_helpers.go:30.25,32.3 1 0
core_project/services/billing-service/webhook_helpers.go:35.2,36.33 2 0
core_project/services/billing-service/webhook_helpers.go:36.33,37.31 1 0
core_project/services/billing-service/webhook_helpers.go:37.31,40.4 2 0
core_project/services/billing-service/webhook_helpers.go:41.3,41.13 1 0
core_project/services/billing-service/webhook_helpers.go:47.2,48.20 2 0
core_project/services/billing-service/webhook_helpers.go:48.20,49.32 1 0
core_project/services/billing-service/webhook_helpers.go:49.32,52.4 2 0
core_project/services/billing-service/webhook_helpers.go:53.3,53.13 1 0
core_project/services/billing-service/webhook_helpers.go:57.2,58.35 2 0
core_project/services/billing-service/webhook_helpers.go:63.118,64.51 1 0
core_project/services/billing-service/webhook_helpers.go:64.51,66.3 1 0
core_project/services/billing-service/webhook_helpers.go:68.2,69.26 2 0
core_project/services/billing-service/webhook_helpers.go:69.26,71.3 1 0
core_project/services/billing-service/webhook_helpers.go:73.2,76.70 2 0
core_project/services/billing-service/webhook_helpers.go:76.70,78.3 1 0
core_project/services/billing-service/webhook_helpers.go:80.2,85.18 4 0
core_project/services/billing-service/webhook_helpers.go:85.18,87.3 1 0
core_project/services/billing-service/webhook_helpers.go:90.2,91.16 2 0
core_project/services/billing-service/webhook_helpers.go:91.16,93.3 1 0
core_project/services/billing-service/webhook_helpers.go:94.2,103.16 3 0
core_project/services/billing-service/webhook_helpers.go:103.16,106.3 2 0
core_project/services/billing-service/webhook_helpers.go:109.2,113.16 2 0
core_project/services/billing-service/webhook_helpers.go:113.16,115.3 1 0
core_project/services/billing-service/webhook_helpers.go:117.2,117.39 1 0
core_project/services/billing-service/webhook_helpers.go:117.39,119.3 1 0
core_project/services/billing-service/webhook_helpers.go:121.2,122.18 2 0
core_project/services/billing-service/webhook_helpers.go:126.111,129.25 3 0
core_project/services/billing-service/webhook_helpers.go:129.25,131.3 1 0
core_project/services/billing-service/webhook_helpers.go:133.2,141.19 5 0
core_project/services/billing-service/webhook_helpers.go:141.19,146.3 4 0
core_project/services/billing-service/webhook_helpers.go:148.2,148.73 1 0
core_project/services/billing-service/webhook_helpers.go:148.73,150.3 1 0
core_project/services/billing-service/webhook_helpers.go:152.2,153.63 2 0
core_project/services/billing-service/webhook_helpers.go:153.63,155.3 1 0
core_project/services/billing-service/webhook_helpers.go:156.2,156.21 1 0
core_project/services/billing-service/webhook_helpers.go:156.21,158.3 1 0
core_project/services/billing-service/webhook_helpers.go:160.2,168.19 2 0
core_project/services/billing-service/webhook_helpers.go:168.19,182.3 3 0
core_project/services/billing-service/webhook_helpers.go:186.113,190.23 3 0
core_project/services/billing-service/webhook_helpers.go:190.23,197.19 4 0
core_project/services/billing-service/webhook_helpers.go:197.19,199.4 1 0
core_project/services/billing-service/webhook_helpers.go:203.2,205.27 3 0
core_project/services/billing-service/webhook_helpers.go:205.27,214.16 3 0
core_project/services/billing-service/webhook_helpers.go:214.16,216.4 1 0
core_project/services/billing-service/webhook_helpers.go:219.2,223.17 3 0
core_project/shared/observability/metrics.go:43.13,52.2 1 1
core_project/shared/observability/metrics.go:55.39,59.2 1 1
core_project/shared/observability/metrics.go:62.69,63.46 1 1
core_project/shared/observability/metrics.go:63.46,64.72 1 1
core_project/shared/observability/metrics.go:64.72,66.32 1 1
core_project/shared/observability/metrics.go:66.32,69.5 2 1
core_project/shared/observability/metrics.go:71.4,85.85 11 1
core_project/shared/observability/metrics.go:95.54,98.2 2 1
core_project/shared/observability/metrics.go:101.76,108.2 3 1
core_project/shared/observability/metrics.go:111.72,118.2 3 1
core_project/shared/observability/metrics.go:121.99,132.2 3 0
core_project/tools/make_admin/main.go:13.13,14.22 1 0
core_project/tools/make_admin/main.go:14.22,18.3 3 0
core_project/tools/make_admin/main.go:20.2,31.16 6 0
core_project/tools/make_admin/main.go:31.16,33.3 1 0
core_project/tools/make_admin/main.go:34.2,38.16 3 0
core_project/tools/make_admin/main.go:38.16,40.3 1 0
core_project/tools/make_admin/main.go:42.2,42.32 1 0
core_project/tools/make_admin/main.go:42.32,45.3 2 0
core_project/tools/make_admin/main.go:47.2,47.71 1 0
core_project/shared/sdk/webhook/auth.go:10.49,12.18 2 0
core_project/shared/sdk/webhook/auth.go:12.18,14.3 1 0
core_project/shared/sdk/webhook/auth.go:19.2,20.24 2 0
core_project/shared/sdk/webhook/auth.go:20.24,22.3 1 0
core_project/shared/sdk/webhook/auth.go:24.2,24.31 1 0
core_project/shared/sdk/webhook/auth.go:28.55,29.71 1 0
core_project/shared/sdk/webhook/auth.go:29.71,30.31 1 0
core_project/shared/sdk/webhook/auth.go:30.31,33.4 2 0
core_project/shared/sdk/webhook/auth.go:34.3,34.23 1 0
core_project/shared/sdk/webhook/webhook.go:20.66,23.22 2 1
core_project/shared/sdk/webhook/webhook.go:23.22,25.3 1 0
core_project/shared/sdk/webhook/webhook.go:27.2,34.12 2 1
core_project/shared/sdk/webhook/webhook.go:34.12,36.17 2 1
core_project/shared/sdk/webhook/webhook.go:36.17,39.4 2 0
core_project/shared/sdk/webhook/webhook.go:41.3,42.17 2 1
core_project/shared/sdk/webhook/webhook.go:42.17,45.4 2 0
core_project/shared/sdk/webhook/webhook.go:46.3,50.17 4 1
core_project/shared/sdk/webhook/webhook.go:50.17,53.4 2 1
core_project/shared/sdk/webhook/webhook.go:54.3,56.29 2 0
core_project/shared/sdk/webhook/webhook.go:56.29,58.4 1 0
core_project/shared/sdk/webhook/webhook.go:58.9,60.4 1 0
core_project/services/auth-service/db.go:19.39,24.16 3 0
core_project/services/auth-service/db.go:24.16,26.3 1 0
core_project/services/auth-service/db.go:28.2,28.56 1 0
core_project/services/auth-service/db.go:28.56,30.3 1 0
core_project/services/auth-service/db.go:32.2,34.12 3 0
core_project/services/auth-service/db.go:37.42,44.64 2 0
core_project/services/auth-service/db.go:44.64,46.3 1 0
core_project/services/auth-service/db.go:48.2,50.12 3 0
core_project/services/auth-service/health_handlers.go:12.59,14.2 1 1
core_project/services/auth-service/health_handlers.go:20.55,21.32 1 0
core_project/services/auth-service/health_handlers.go:21.32,24.3 2 0
core_project/services/auth-service/health_handlers.go:26.2,27.9 2 0
core_project/services/auth-service/health_handlers.go:27.9,30.3 2 0
core_project/services/auth-service/health_handlers.go:32.2,51.16 9 0
core_project/services/auth-service/health_handlers.go:51.16,52.27 1 0
core_project/services/auth-service/health_handlers.go:52.27,55.4 2 0
core_project/services/auth-service/health_handlers.go:56.3,58.9 3 0
core_project/services/auth-service/health_handlers.go:62.2,68.16 3 0
core_project/services/auth-service/health_handlers.go:68.16,70.18 2 0
core_project/services/auth-service/health_handlers.go:70.18,72.4 1 0
core_project/services/auth-service/health_handlers.go:75.2,91.4 1 0
core_project/services/auth-service/health_handlers.go:94.66,95.32 1 0
core_project/services/auth-service/health_handlers.go:95.32,98.3 2 0
core_project/services/auth-service/health_handlers.go:100.2,101.18 2 0
core_project/services/auth-service/health_handlers.go:101.18,104.3 2 0
core_project/services/auth-service/health_handlers.go:106.2,115.26 5 0
core_project/services/auth-service/health_handlers.go:115.26,118.3 2 0
core_project/services/auth-service/health_handlers.go:118.8,118.23 1 0
core_project/services/auth-service/health_handlers.go:118.23,122.3 3 0
core_project/services/auth-service/health_handlers.go:124.2,125.20 2 0
core_project/services/auth-service/health_handlers.go:125.20,127.3 1 0
core_project/services/auth-service/health_handlers.go:129.2,136.4 1 0
core_project/services/auth-service/impersonate.go:14.64,15.33 1 0
core_project/services/auth-service/impersonate.go:15.33,18.3 2 0
core_project/services/auth-service/impersonate.go:21.2,23.36 3 0
core_project/services/auth-service/impersonate.go:23.36,26.3 2 0
core_project/services/auth-service/impersonate.go:29.2,30.93 2 0
core_project/services/auth-service/impersonate.go:30.93,32.3 1 0
core_project/services/auth-service/impersonate.go:33.2,33.20 1 0
core_project/services/auth-service/impersonate.go:33.20,36.3 2 0
core_project/services/auth-service/impersonate.go:39.2,47.16 3 0
core_project/services/auth-service/impersonate.go:47.16,51.3 3 0
core_project/services/auth-service/impersonate.go:54.2,64.16 4 0
core_project/services/auth-service/impersonate.go:64.16,68.3 3 0
core_project/services/auth-service/impersonate.go:70.2,83.4 2 0
core_project/services/auth-service/jwt.go:26.90,28.16 2 1
core_project/services/auth-service/jwt.go:28.16,30.3 1 0
core_project/services/auth-service/jwt.go:31.2,47.16 5 1
core_project/services/auth-service/jwt.go:47.16,49.3 1 0
core_project/services/auth-service/jwt.go:52.2,65.16 4 1
core_project/services/auth-service/jwt.go:65.16,67.3 1 0
core_project/services/auth-service/jwt.go:69.2,72.8 1 1
core_project/services/auth-service/jwt.go:75.57,77.16 2 1
core_project/services/auth-service/jwt.go:77.16,79.3 1 0
core_project/services/auth-service/jwt.go:80.2,82.96 2 1
core_project/services/auth-service/jwt.go:82.96,83.58 1 1
core_project/services/auth-service/jwt.go:83.58,85.4 1 0
core_project/services/auth-service/jwt.go:86.3,86.21 1 1
core_project/services/auth-service/jwt.go:89.2,89.16 1 1
core_project/services/auth-service/jwt.go:89.16,91.3 1 0
core_project/services/auth-service/jwt.go:93.2,93.61 1 1
core_project/services/auth-service/jwt.go:93.61,95.3 1 1
core_project/services/auth-service/jwt.go:97.2,97.41 1 0
core_project/services/auth-service/login_handlers.go:17.37,21.2 3 0
core_project/services/auth-service/login_handlers.go:23.58,24.33 1 0
core_project/services/auth-service/login_handlers.go:24.33,27.3 2 0
core_project/services/auth-service/login_handlers.go:29.2,30.61 2 0
core_project/services/auth-service/login_handlers.go:30.61,34.3 3 0
core_project/services/auth-service/login_handlers.go:36.2,48.26 7 0
core_project/services/auth-service/login_handlers.go:48.26,53.3 4 0
core_project/services/auth-service/login_handlers.go:53.8,53.23 1 0
core_project/services/auth-service/login_handlers.go:53.23,58.3 4 0
core_project/services/auth-service/login_handlers.go:60.2,61.20 2 0
core_project/services/auth-service/login_handlers.go:61.20,63.3 1 0
core_project/services/auth-service/login_handlers.go:65.2,65.86 1 0
core_project/services/auth-service/login_handlers.go:65.86,69.3 3 0
core_project/services/auth-service/login_handlers.go:71.2,71.92 1 0
core_project/services/auth-service/login_handlers.go:71.92,75.3 3 0
core_project/services/auth-service/login_handlers.go:77.2,78.16 2 0
core_project/services/auth-service/login_handlers.go:78.16,82.3 3 0
core_project/services/auth-service/login_handlers.go:84.2,91.16 4 0
core_project/services/auth-service/login_handlers.go:91.16,95.3 3 0
core_project/services/auth-service/login_handlers.go:97.2,100.119 3 0
core_project/services/auth-service/login_handlers.go:100.119,102.3 1 0
core_project/services/auth-service/login_handlers.go:104.2,116.4 2 0
core_project/services/auth-service/login_handlers.go:119.60,120.33 1 0
core_project/services/auth-service/login_handlers.go:120.33,123.3 2 0
core_project/services/auth-service/login_handlers.go:125.2,126.61 2 0
core_project/services/auth-service/login_handlers.go:126.61,129.3 2 0
core_project/services/auth-service/login_handlers.go:131.2,132.16 2 0
core_project/services/auth-service/login_handlers.go:132.16,135.3 2 0
core_project/services/auth-service/login_handlers.go:137.2,141.16 4 0
core_project/services/auth-service/login_handlers.go:141.16,144.19 3 0
core_project/services/auth-service/login_handlers.go:144.19,147.4 2 0
core_project/services/auth-service/login_handlers.go:150.2,154.16 4 0
core_project/services/auth-service/login_handlers.go:154.16,158.3 3 0
core_project/services/auth-service/login_handlers.go:160.2,163.16 4 0
core_project/services/auth-service/login_handlers.go:163.16,165.3 1 0
core_project/services/auth-service/login_handlers.go:167.2,171.4 1 0
core_project/services/auth-service/login_handlers.go:174.59,175.33 1 0
core_project/services/auth-service/login_handlers.go:175.33,178.3 2 0
core_project/services/auth-service/login_handlers.go:180.2,181.61 2 0
core_project/services/auth-service/login_handlers.go:181.61,184.3 2 0
core_project/services/auth-service/login_handlers.go:186.2,188.15 3 0
core_project/services/auth-service/login_handlers.go:188.15,190.3 1 0
core_project/services/auth-service/login_handlers.go:191.2,191.18 1 0
core_project/services/auth-service/login_handlers.go:191.18,193.3 1 0
core_project/services/auth-service/login_handlers.go:195.2,195.90 1 0
core_project/services/auth-service/login_handlers.go:198.53,200.45 2 0
core_project/services/auth-service/login_handlers.go:200.45,202.3 1 0
core_project/services/auth-service/login_handlers.go:202.8,202.52 1 0
core_project/services/auth-service/login_handlers.go:202.52,204.3 1 0
core_project/services/auth-service/login_handlers.go:205.2,205.89 1 0
core_project/services/auth-service/login_handlers.go:205.89,207.3 1 0
core_project/services/auth-service/login_handlers.go:208.2,208.27 1 0
core_project/services/auth-service/login_handlers.go:208.27,210.3 1 0
core_project/services/auth-service/login_handlers.go:211.2,211.43 1 0
core_project/services/auth-service/login_handlers.go:211.43,213.3 1 0
core_project/services/auth-service/login_handlers.go:214.2,214.56 1 0
core_project/services/auth-service/login_handlers.go:214.56,216.3 1 0
core_project/services/auth-service/login_handlers.go:217.2,217.27 1 0
core_project/services/auth-service/login_handlers.go:217.27,219.3 1 0
core_project/services/auth-service/login_handlers.go:220.2,220.43 1 0
core_project/services/auth-service/login_handlers.go:220.43,222.3 1 0
core_project/services/auth-service/login_handlers.go:223.2,223.11 1 0
core_project/services/auth-service/login_handlers.go:226.61,227.33 1 0
core_project/services/auth-service/login_handlers.go:227.33,230.3 2 0
core_project/services/auth-service/login_handlers.go:232.2,233.70 2 0
core_project/services/auth-service/login_handlers.go:233.70,236.3 2 0
core_project/services/auth-service/login_handlers.go:237.2,238.16 2 0
core_project/services/auth-service/login_handlers.go:238.16,241.3 2 0
core_project/services/auth-service/login_handlers.go:242.2,243.54 2 0
core_project/services/auth-service/login_handlers.go:243.54,246.3 2 0
core_project/services/auth-service/login_handlers.go:248.2,249.60 2 0
core_project/services/auth-service/login_handlers.go:249.60,252.3 2 0
core_project/services/auth-service/login_handlers.go:253.2,253.47 1 0
core_project/services/auth-service/login_handlers.go:253.47,256.3 2 0
core_project/services/auth-service/login_handlers.go:258.2,259.16 2 0
core_project/services/auth-service/login_handlers.go:259.16,262.3 2 0
core_project/services/auth-service/login_handlers.go:263.2,268.16 3 0
core_project/services/auth-service/login_handlers.go:268.16,272.3 3 0
core_project/services/auth-service/login_handlers.go:274.2,274.96 1 0
core_project/services/auth-service/login_handlers.go:277.61,279.70 2 1
core_project/services/auth-service/login_handlers.go:279.70,282.3 2 1
core_project/services/auth-service/login_handlers.go:283.2,285.16 3 1
core_project/services/auth-service/login_handlers.go:285.16,288.3 2 0
core_project/services/auth-service/login_handlers.go:290.2,299.4 1 1
core_project/services/auth-service/login_handlers.go:302.51,304.22 2 0
core_project/services/auth-service/login_handlers.go:304.22,306.3 1 0
core_project/services/auth-service/login_handlers.go:307.2,308.16 2 0
core_project/services/auth-service/login_handlers.go:308.16,310.3 1 0
core_project/services/auth-service/login_handlers.go:311.2,311.21 1 0
core_project/services/auth-service/main.go:153.13,163.36 5 0
core_project/services/auth-service/main.go:163.36,166.3 2 0
core_project/services/auth-service/main.go:167.2,169.39 2 0
core_project/services/auth-service/main.go:169.39,172.3 2 0
core_project/services/auth-service/main.go:173.2,176.42 2 0
core_project/services/auth-service/main.go:176.42,179.3 2 0
core_project/services/auth-service/main.go:181.2,181.43 1 0
core_project/services/auth-service/main.go:181.43,184.3 2 0
core_project/services/auth-service/main.go:186.2,187.21 2 0
core_project/services/auth-service/main.go:187.21,189.3 1 0
core_project/services/auth-service/main.go:190.2,246.68 46 0
core_project/services/auth-service/main.go:246.68,249.3 2 0
core_project/services/auth-service/main.go:252.31,256.16 4 0
core_project/services/auth-service/main.go:256.16,258.3 1 0
core_project/services/auth-service/main.go:259.2,259.12 1 0
core_project/services/auth-service/main.go:259.12,262.3 2 0
core_project/services/auth-service/main.go:264.2,266.16 3 0
core_project/services/auth-service/main.go:266.16,268.3 1 0
core_project/services/auth-service/main.go:270.2,271.14 2 0
core_project/services/auth-service/main.go:271.14,273.3 1 0
core_project/services/auth-service/main.go:274.2,275.16 2 0
core_project/services/auth-service/main.go:275.16,277.3 1 0
core_project/services/auth-service/main.go:279.2,282.16 2 0
core_project/services/auth-service/main.go:282.16,284.3 1 0
core_project/services/auth-service/main.go:286.2,287.12 2 0
core_project/services/auth-service/main.go:290.56,291.71 1 0
core_project/services/auth-service/main.go:291.71,296.3 4 0
core_project/services/auth-service/main.go:299.53,300.71 1 0
core_project/services/auth-service/main.go:300.71,305.37 4 0
core_project/services/auth-service/main.go:305.37,308.4 2 0
core_project/services/auth-service/main.go:310.3,310.23 1 0
core_project/services/auth-service/main.go:314.66,318.2 3 1
core_project/services/auth-service/migrations.go:17.44,22.58 2 0
core_project/services/auth-service/migrations.go:22.58,25.59 2 0
core_project/services/auth-service/migrations.go:25.59,27.4 1 0
core_project/services/auth-service/migrations.go:30.2,31.16 2 0
core_project/services/auth-service/migrations.go:31.16,33.3 1 0
core_project/services/auth-service/migrations.go:35.2,38.16 3 0
core_project/services/auth-service/migrations.go:38.16,40.3 1 0
core_project/services/auth-service/migrations.go:42.2,42.56 1 0
core_project/services/auth-service/migrations.go:42.56,44.3 1 0
core_project/services/auth-service/migrations.go:46.2,46.12 1 0
core_project/services/auth-service/otp_utils.go:14.73,21.17 6 0
core_project/services/auth-service/otp_utils.go:21.17,23.3 1 0
core_project/services/auth-service/otp_utils.go:25.2,27.25 3 0
core_project/services/auth-service/otp_utils.go:27.25,35.17 8 0
core_project/services/auth-service/otp_utils.go:35.17,38.12 3 0
core_project/services/auth-service/otp_utils.go:40.3,40.29 1 0
core_project/services/auth-service/otp_utils.go:40.29,44.12 4 0
core_project/services/auth-service/otp_utils.go:46.3,46.8 1 0
core_project/services/auth-service/otp_utils.go:49.2,49.16 1 0
core_project/services/auth-service/otp_utils.go:49.16,52.3 2 0
core_project/services/auth-service/otp_utils.go:53.2,55.38 2 0
core_project/services/auth-service/otp_utils.go:55.38,58.3 2 0
core_project/services/auth-service/otp_utils.go:61.33,63.24 2 0
core_project/services/auth-service/otp_utils.go:63.24,65.3 1 0
core_project/services/auth-service/otp_utils.go:66.2,66.21 1 0
core_project/services/auth-service/otp_utils.go:69.27,71.2 1 0
core_project/services/auth-service/password_handlers.go:42.102,45.37 3 0
core_project/services/auth-service/password_handlers.go:45.37,51.3 4 0
core_project/services/auth-service/password_handlers.go:52.2,52.23 1 0
core_project/services/auth-service/password_handlers.go:55.90,57.16 2 0
core_project/services/auth-service/password_handlers.go:57.16,59.3 1 0
core_project/services/auth-service/password_handlers.go:60.2,63.71 3 0
core_project/services/auth-service/password_handlers.go:63.71,66.3 2 0
core_project/services/auth-service/password_handlers.go:67.2,67.17 1 0
core_project/services/auth-service/password_handlers.go:70.51,71.12 1 0
core_project/services/auth-service/password_handlers.go:71.12,73.73 2 0
core_project/services/auth-service/password_handlers.go:73.73,75.4 1 0
core_project/services/auth-service/password_handlers.go:75.9,77.4 1 0
core_project/services/auth-service/password_handlers.go:81.66,82.12 1 0
core_project/services/auth-service/password_handlers.go:82.12,84.66 2 0
core_project/services/auth-service/password_handlers.go:84.66,86.4 1 0
core_project/services/auth-service/password_handlers.go:86.9,88.4 1 0
core_project/services/auth-service/password_handlers.go:92.76,93.33 1 0
core_project/services/auth-service/password_handlers.go:93.33,96.3 2 0
core_project/services/auth-service/password_handlers.go:98.2,99.61 2 0
core_project/services/auth-service/password_handlers.go:99.61,102.3 2 0
core_project/services/auth-service/password_handlers.go:104.2,104.27 1 0
core_project/services/auth-service/password_handlers.go:104.27,107.3 2 0
core_project/services/auth-service/password_handlers.go:109.2,109.23 1 0
core_project/services/auth-service/password_handlers.go:109.23,111.3 1 0
core_project/services/auth-service/password_handlers.go:112.2,112.54 1 0
core_project/services/auth-service/password_handlers.go:112.54,115.3 2 0
core_project/services/auth-service/password_handlers.go:117.2,125.26 5 0
core_project/services/auth-service/password_handlers.go:125.26,128.3 2 0
core_project/services/auth-service/password_handlers.go:129.2,129.16 1 0
core_project/services/auth-service/password_handlers.go:129.16,133.3 3 0
core_project/services/auth-service/password_handlers.go:135.2,135.86 1 0
core_project/services/auth-service/password_handlers.go:135.86,138.3 2 0
core_project/services/auth-service/password_handlers.go:140.2,141.16 2 0
core_project/services/auth-service/password_handlers.go:141.16,144.3 2 0
core_project/services/auth-service/password_handlers.go:146.2,147.25 2 0
core_project/services/auth-service/password_handlers.go:147.25,149.3 1 0
core_project/services/auth-service/password_handlers.go:149.8,150.27 1 0
core_project/services/auth-service/password_handlers.go:150.27,157.4 3 0
core_project/services/auth-service/password_handlers.go:158.3,158.55 1 0
core_project/services/auth-service/password_handlers.go:161.2,165.4 2 0
core_project/services/auth-service/password_handlers.go:169.75,170.33 1 0
core_project/services/auth-service/password_handlers.go:170.33,173.3 2 0
core_project/services/auth-service/password_handlers.go:175.2,176.61 2 0
core_project/services/auth-service/password_handlers.go:176.61,179.3 2 0
core_project/services/auth-service/password_handlers.go:181.2,181.52 1 0
core_project/services/auth-service/password_handlers.go:181.52,184.3 2 0
core_project/services/auth-service/password_handlers.go:185.2,185.63 1 0
core_project/services/auth-service/password_handlers.go:185.63,188.3 2 0
core_project/services/auth-service/password_handlers.go:189.2,189.30 1 0
core_project/services/auth-service/password_handlers.go:189.30,192.3 2 0
core_project/services/auth-service/password_handlers.go:194.2,199.46 4 0
core_project/services/auth-service/password_handlers.go:199.46,202.41 3 0
core_project/services/auth-service/password_handlers.go:202.41,205.4 2 0
core_project/services/auth-service/password_handlers.go:209.2,214.16 3 0
core_project/services/auth-service/password_handlers.go:214.16,217.3 2 0
core_project/services/auth-service/password_handlers.go:220.2,221.16 2 0
core_project/services/auth-service/password_handlers.go:221.16,225.3 3 0
core_project/services/auth-service/password_handlers.go:227.2,231.16 2 0
core_project/services/auth-service/password_handlers.go:231.16,235.3 3 0
core_project/services/auth-service/password_handlers.go:238.2,238.18 1 0
core_project/services/auth-service/password_handlers.go:238.18,240.3 1 0
core_project/services/auth-service/password_handlers.go:242.2,246.4 2 0
core_project/services/auth-service/password_handlers.go:254.69,256.17 2 0
core_project/services/auth-service/password_handlers.go:256.17,258.3 1 0
core_project/services/auth-service/password_handlers.go:260.2,269.16 8 0
core_project/services/auth-service/password_handlers.go:269.16,271.3 1 0
core_project/services/auth-service/password_handlers.go:272.2,278.16 6 0
core_project/services/auth-service/password_handlers.go:278.16,280.3 1 0
core_project/services/auth-service/password_handlers.go:281.2,283.38 3 0
core_project/services/auth-service/password_handlers.go:283.38,285.3 1 0
core_project/services/auth-service/password_handlers.go:286.2,286.12 1 0
core_project/services/auth-service/password_handlers.go:290.42,292.31 2 0
core_project/services/auth-service/password_handlers.go:292.31,294.3 1 0
core_project/services/auth-service/password_handlers.go:294.8,294.38 1 0
core_project/services/auth-service/password_handlers.go:294.38,296.3 1 0
core_project/services/auth-service/password_handlers.go:297.2,297.10 1 0
core_project/services/auth-service/password_handlers.go:301.44,302.27 1 0
core_project/services/auth-service/password_handlers.go:302.27,304.3 1 0
core_project/services/auth-service/password_handlers.go:305.2,305.19 1 0
core_project/services/auth-service/phone_handlers.go:17.60,21.26 4 0
core_project/services/auth-service/phone_handlers.go:21.26,23.3 1 0
core_project/services/auth-service/phone_handlers.go:24.2,29.17 5 0
core_project/services/auth-service/phone_handlers.go:29.17,31.3 1 0
core_project/services/auth-service/phone_handlers.go:33.2,35.14 3 0
core_project/services/auth-service/phone_handlers.go:35.14,43.17 8 0
core_project/services/auth-service/phone_handlers.go:43.17,46.12 3 0
core_project/services/auth-service/phone_handlers.go:48.3,48.29 1 0
core_project/services/auth-service/phone_handlers.go:48.29,52.12 4 0
core_project/services/auth-service/phone_handlers.go:54.3,54.8 1 0
core_project/services/auth-service/phone_handlers.go:56.2,56.16 1 0
core_project/services/auth-service/phone_handlers.go:56.16,59.3 2 0
core_project/services/auth-service/phone_handlers.go:60.2,61.38 2 0
core_project/services/auth-service/phone_handlers.go:61.38,64.3 2 0
core_project/services/auth-service/phone_handlers.go:67.89,70.26 3 0
core_project/services/auth-service/phone_handlers.go:70.26,73.40 2 0
core_project/services/auth-service/phone_handlers.go:73.40,75.4 1 0
core_project/services/auth-service/phone_handlers.go:75.9,75.46 1 0
core_project/services/auth-service/phone_handlers.go:75.46,77.4 1 0
core_project/services/auth-service/phone_handlers.go:78.3,78.30 1 0
core_project/services/auth-service/phone_handlers.go:78.30,81.18 3 0
core_project/services/auth-service/phone_handlers.go:81.18,83.5 1 0
core_project/services/auth-service/phone_handlers.go:86.2,86.33 1 0
core_project/services/auth-service/phone_handlers.go:89.56,90.46 1 0
core_project/services/auth-service/phone_handlers.go:90.46,91.27 1 0
core_project/services/auth-service/phone_handlers.go:91.27,93.4 1 0
core_project/services/auth-service/phone_handlers.go:94.3,94.12 1 0
core_project/services/auth-service/phone_handlers.go:96.2,96.41 1 0
core_project/services/auth-service/phone_handlers.go:96.41,98.3 1 0
core_project/services/auth-service/phone_handlers.go:99.2,99.19 1 0
core_project/services/auth-service/phone_handlers.go:102.87,104.37 2 0
core_project/services/auth-service/phone_handlers.go:104.37,108.3 3 0
core_project/services/auth-service/phone_handlers.go:109.2,109.18 1 0
core_project/services/auth-service/phone_handlers.go:112.63,113.33 1 0
core_project/services/auth-service/phone_handlers.go:113.33,116.3 2 0
core_project/services/auth-service/phone_handlers.go:118.2,119.61 2 0
core_project/services/auth-service/phone_handlers.go:119.61,122.3 2 0
core_project/services/auth-service/phone_handlers.go:124.2,124.27 1 0
core_project/services/auth-service/phone_handlers.go:124.27,127.3 2 0
core_project/services/auth-service/phone_handlers.go:129.2,133.26 4 0
core_project/services/auth-service/phone_handlers.go:133.26,137.3 3 0
core_project/services/auth-service/phone_handlers.go:138.2,138.16 1 0
core_project/services/auth-service/phone_handlers.go:138.16,142.3 3 0
core_project/services/auth-service/phone_handlers.go:144.2,147.31 3 0
core_project/services/auth-service/phone_handlers.go:147.31,148.76 1 0
core_project/services/auth-service/phone_handlers.go:148.76,151.4 2 0
core_project/services/auth-service/phone_handlers.go:154.2,156.16 3 0
core_project/services/auth-service/phone_handlers.go:156.16,159.3 2 0
core_project/services/auth-service/phone_handlers.go:161.2,165.4 2 0
core_project/services/auth-service/phone_handlers.go:168.54,169.44 1 0
core_project/services/auth-service/phone_handlers.go:169.44,170.27 1 0
core_project/services/auth-service/phone_handlers.go:170.27,172.4 1 0
core_project/services/auth-service/phone_handlers.go:173.3,173.12 1 0
core_project/services/auth-service/phone_handlers.go:175.2,175.39 1 0
core_project/services/auth-service/phone_handlers.go:175.39,177.3 1 0
core_project/services/auth-service/phone_handlers.go:178.2,178.17 1 0
core_project/services/auth-service/phone_handlers.go:181.46,182.52 1 0
core_project/services/auth-service/phone_handlers.go:182.52,184.3 1 0
core_project/services/auth-service/phone_handlers.go:185.2,185.18 1 0
core_project/services/auth-service/phone_handlers.go:188.111,197.26 4 0
core_project/services/auth-service/phone_handlers.go:197.26,199.39 2 0
core_project/services/auth-service/phone_handlers.go:199.39,201.4 1 0
core_project/services/auth-service/phone_handlers.go:201.9,201.47 1 0
core_project/services/auth-service/phone_handlers.go:201.47,203.4 1 0
core_project/services/auth-service/phone_handlers.go:204.3,207.53 1 0
core_project/services/auth-service/phone_handlers.go:210.2,210.52 1 0
core_project/services/auth-service/phone_handlers.go:213.69,214.33 1 0
core_project/services/auth-service/phone_handlers.go:214.33,217.3 2 0
core_project/services/auth-service/phone_handlers.go:219.2,220.61 2 0
core_project/services/auth-service/phone_handlers.go:220.61,223.3 2 0
core_project/services/auth-service/phone_handlers.go:225.2,236.16 5 0
core_project/services/auth-service/phone_handlers.go:236.16,239.3 2 0
core_project/services/auth-service/phone_handlers.go:241.2,242.27 2 0
core_project/services/auth-service/phone_handlers.go:242.27,245.3 2 0
core_project/services/auth-service/phone_handlers.go:247.2,248.16 2 0
core_project/services/auth-service/phone_handlers.go:248.16,249.27 1 0
core_project/services/auth-service/phone_handlers.go:249.27,251.4 1 0
core_project/services/auth-service/phone_handlers.go:251.9,253.4 1 0
core_project/services/auth-service/phone_handlers.go:254.3,254.9 1 0
core_project/services/auth-service/phone_handlers.go:257.2,257.92 1 0
core_project/services/auth-service/phone_handlers.go:257.92,260.3 2 0
core_project/services/auth-service/phone_handlers.go:262.2,263.16 2 0
core_project/services/auth-service/phone_handlers.go:263.16,266.3 2 0
core_project/services/auth-service/phone_handlers.go:268.2,274.119 6 0
core_project/services/auth-service/phone_handlers.go:274.119,276.3 1 0
core_project/services/auth-service/phone_handlers.go:278.2,288.4 2 0
core_project/services/auth-service/phone_helpers.go:5.46,7.31 2 0
core_project/services/auth-service/phone_helpers.go:7.31,9.3 1 0
core_project/services/auth-service/phone_helpers.go:9.8,9.38 1 0
core_project/services/auth-service/phone_helpers.go:9.38,11.3 1 0
core_project/services/auth-service/phone_helpers.go:12.2,12.30 1 0
core_project/services/auth-service/profile_handlers.go:17.70,19.9 2 0
core_project/services/auth-service/profile_handlers.go:19.9,22.3 2 0
core_project/services/auth-service/profile_handlers.go:24.2,24.33 1 0
core_project/services/auth-service/profile_handlers.go:24.33,27.3 2 0
core_project/services/auth-service/profile_handlers.go:29.2,30.54 2 0
core_project/services/auth-service/profile_handlers.go:30.54,33.3 2 0
core_project/services/auth-service/profile_handlers.go:35.2,36.16 2 0
core_project/services/auth-service/profile_handlers.go:36.16,39.3 2 0
core_project/services/auth-service/profile_handlers.go:40.2,43.72 3 0
core_project/services/auth-service/profile_handlers.go:43.72,46.3 2 0
core_project/services/auth-service/profile_handlers.go:48.2,49.21 2 0
core_project/services/auth-service/profile_handlers.go:49.21,51.3 1 0
core_project/services/auth-service/profile_handlers.go:52.2,55.13 3 0
core_project/services/auth-service/profile_handlers.go:56.23,57.18 1 0
core_project/services/auth-service/profile_handlers.go:58.15,59.19 1 0
core_project/services/auth-service/profile_handlers.go:63.2,64.28 2 0
core_project/services/auth-service/profile_handlers.go:64.28,65.18 1 0
core_project/services/auth-service/profile_handlers.go:65.18,67.4 1 0
core_project/services/auth-service/profile_handlers.go:70.2,73.16 4 0
core_project/services/auth-service/profile_handlers.go:73.16,76.3 2 0
core_project/services/auth-service/profile_handlers.go:77.2,79.45 2 0
core_project/services/auth-service/profile_handlers.go:79.45,82.3 2 0
core_project/services/auth-service/profile_handlers.go:84.2,87.16 4 0
core_project/services/auth-service/profile_handlers.go:87.16,90.3 2 0
core_project/services/auth-service/profile_handlers.go:92.2,92.136 1 0
core_project/services/auth-service/profile_handlers.go:95.60,97.9 2 0
core_project/services/auth-service/profile_handlers.go:97.9,100.3 2 0
core_project/services/auth-service/profile_handlers.go:102.2,103.18 2 0
core_project/services/auth-service/profile_handlers.go:104.22,105.33 1 0
core_project/services/auth-service/profile_handlers.go:106.22,107.39 1 0
core_project/services/auth-service/profile_handlers.go:108.10,109.100 1 0
core_project/services/auth-service/profile_handlers.go:113.81,128.16 5 0
core_project/services/auth-service/profile_handlers.go:128.16,129.27 1 0
core_project/services/auth-service/profile_handlers.go:129.27,132.4 2 0
core_project/services/auth-service/profile_handlers.go:133.3,134.9 2 0
core_project/services/auth-service/profile_handlers.go:137.2,155.4 1 0
core_project/services/auth-service/profile_handlers.go:158.101,160.61 2 0
core_project/services/auth-service/profile_handlers.go:160.61,163.3 2 0
core_project/services/auth-service/profile_handlers.go:165.2,165.74 1 0
core_project/services/auth-service/profile_handlers.go:165.74,167.3 1 0
core_project/services/auth-service/profile_handlers.go:169.2,169.73 1 0
core_project/services/auth-service/profile_handlers.go:169.73,171.3 1 0
core_project/services/auth-service/profile_handlers.go:173.2,173.27 1 0
core_project/services/auth-service/profile_handlers.go:173.27,175.3 1 0
core_project/services/auth-service/profile_handlers.go:177.2,178.95 2 0
core_project/services/auth-service/profile_handlers.go:181.111,182.27 1 0
core_project/services/auth-service/profile_handlers.go:182.27,185.3 2 0
core_project/services/auth-service/profile_handlers.go:186.2,188.16 3 0
core_project/services/auth-service/profile_handlers.go:188.16,191.3 2 0
core_project/services/auth-service/profile_handlers.go:192.2,192.100 1 0
core_project/services/auth-service/profile_handlers.go:192.100,195.3 2 0
core_project/services/auth-service/profile_handlers.go:196.2,198.13 3 0
core_project/services/auth-service/profile_handlers.go:201.103,204.16 3 0
core_project/services/auth-service/profile_handlers.go:204.16,207.3 2 0
core_project/services/auth-service/profile_handlers.go:208.2,208.12 1 0
core_project/services/auth-service/profile_handlers.go:208.12,211.3 2 0
core_project/services/auth-service/profile_handlers.go:212.2,213.16 2 0
core_project/services/auth-service/profile_handlers.go:213.16,216.3 2 0
core_project/services/auth-service/profile_handlers.go:217.2,217.13 1 0
core_project/services/auth-service/profile_handlers.go:220.89,224.28 4 0
core_project/services/auth-service/profile_handlers.go:224.28,228.3 3 0
core_project/services/auth-service/profile_handlers.go:229.2,229.31 1 0
core_project/services/auth-service/profile_handlers.go:229.31,233.3 3 0
core_project/services/auth-service/profile_handlers.go:234.2,234.28 1 0
core_project/services/auth-service/profile_handlers.go:234.28,238.3 3 0
core_project/services/auth-service/profile_handlers.go:239.2,239.24 1 0
core_project/services/auth-service/profile_handlers.go:239.24,243.3 3 0
core_project/services/auth-service/profile_handlers.go:244.2,244.28 1 0
core_project/services/auth-service/profile_handlers.go:244.28,248.3 3 0
core_project/services/auth-service/rate_limit_middleware.go:16.73,17.54 1 0
core_project/services/auth-service/rate_limit_middleware.go:17.54,18.19 1 0
core_project/services/auth-service/rate_limit_middleware.go:18.19,21.4 2 0
core_project/services/auth-service/rate_limit_middleware.go:23.3,35.43 11 0
core_project/services/auth-service/rate_limit_middleware.go:35.43,39.4 3 0
core_project/services/auth-service/rate_limit_middleware.go:41.3,41.29 1 0
core_project/services/auth-service/rate_limit_middleware.go:41.29,47.4 2 0
core_project/services/auth-service/rate_limit_middleware.go:49.3,49.13 1 0
core_project/services/auth-service/rate_limit_middleware.go:54.39,55.55 1 0
core_project/services/auth-service/rate_limit_middleware.go:55.55,57.48 1 0
core_project/services/auth-service/rate_limit_middleware.go:57.48,59.4 1 0
core_project/services/auth-service/rate_limit_middleware.go:60.3,60.32 1 0
core_project/services/auth-service/rate_limit_middleware.go:62.2,62.49 1 0
core_project/services/auth-service/rate_limit_middleware.go:62.49,64.3 1 0
core_project/services/auth-service/rate_limit_middleware.go:66.2,67.52 2 0
core_project/services/auth-service/rate_limit_middleware.go:67.52,69.3 1 0
core_project/services/auth-service/rate_limit_middleware.go:70.2,70.13 1 0
core_project/services/auth-service/registration_handlers.go:17.60,19.41 2 0
core_project/services/auth-service/registration_handlers.go:19.41,21.3 1 0
core_project/services/auth-service/registration_handlers.go:22.2,22.20 1 0
core_project/services/auth-service/registration_handlers.go:25.86,27.174 2 0
core_project/services/auth-service/registration_handlers.go:27.174,29.3 1 0
core_project/services/auth-service/registration_handlers.go:30.2,30.12 1 0
core_project/services/auth-service/registration_handlers.go:33.74,34.74 1 0
core_project/services/auth-service/registration_handlers.go:34.74,36.3 1 0
core_project/services/auth-service/registration_handlers.go:37.2,37.12 1 0
core_project/services/auth-service/registration_handlers.go:40.126,42.37 2 0
core_project/services/auth-service/registration_handlers.go:42.37,44.3 1 0
core_project/services/auth-service/registration_handlers.go:46.2,53.14 7 0
core_project/services/auth-service/registration_handlers.go:53.14,55.3 1 0
core_project/services/auth-service/registration_handlers.go:56.2,56.24 1 0
core_project/services/auth-service/registration_handlers.go:59.111,63.16 4 0
core_project/services/auth-service/registration_handlers.go:63.16,65.3 1 0
core_project/services/auth-service/registration_handlers.go:66.2,67.17 2 0
core_project/services/auth-service/registration_handlers.go:70.61,71.33 1 1
core_project/services/auth-service/registration_handlers.go:71.33,74.3 2 1
core_project/services/auth-service/registration_handlers.go:76.2,77.61 2 1
core_project/services/auth-service/registration_handlers.go:77.61,80.3 2 0
core_project/services/auth-service/registration_handlers.go:82.2,82.49 1 1
core_project/services/auth-service/registration_handlers.go:82.49,85.3 2 1
core_project/services/auth-service/registration_handlers.go:87.2,90.79 3 0
core_project/services/auth-service/registration_handlers.go:90.79,93.3 2 0
core_project/services/auth-service/registration_handlers.go:95.2,95.63 1 0
core_project/services/auth-service/registration_handlers.go:95.63,98.3 2 0
core_project/services/auth-service/registration_handlers.go:100.2,104.31 4 0
core_project/services/auth-service/registration_handlers.go:104.31,105.100 1 0
core_project/services/auth-service/registration_handlers.go:105.100,108.4 2 0
core_project/services/auth-service/registration_handlers.go:111.2,112.16 2 0
core_project/services/auth-service/registration_handlers.go:112.16,115.3 2 0
core_project/services/auth-service/registration_handlers.go:117.2,118.31 2 0
core_project/services/auth-service/registration_handlers.go:118.31,126.3 3 0
core_project/services/auth-service/registration_handlers.go:128.2,128.14 1 0
core_project/services/auth-service/registration_handlers.go:128.14,136.3 3 0
core_project/services/auth-service/registration_handlers.go:138.2,139.24 2 0
core_project/services/auth-service/registration_handlers.go:139.24,141.3 1 0
core_project/services/auth-service/registration_handlers.go:143.2,144.166 2 0
core_project/services/auth-service/registration_handlers.go:144.166,146.3 1 0
core_project/services/auth-service/registration_handlers.go:148.2,154.4 3 0
core_project/services/auth-service/registration_handlers.go:157.62,158.33 1 0
core_project/services/auth-service/registration_handlers.go:158.33,161.3 2 0
core_project/services/auth-service/registration_handlers.go:163.2,164.61 2 0
core_project/services/auth-service/registration_handlers.go:164.61,167.3 2 0
core_project/services/auth-service/registration_handlers.go:169.2,173.16 5 0
core_project/services/auth-service/registration_handlers.go:173.16,176.3 2 0
core_project/services/auth-service/registration_handlers.go:178.2,179.20 2 0
core_project/services/auth-service/registration_handlers.go:179.20,182.3 2 0
core_project/services/auth-service/registration_handlers.go:184.2,187.49 3 0
core_project/services/auth-service/registration_handlers.go:187.49,190.3 2 0
core_project/services/auth-service/registration_handlers.go:192.2,195.80 3 0
core_project/services/auth-service/registration_handlers.go:195.80,199.3 3 0
core_project/services/auth-service/registration_handlers.go:201.2,207.67 5 0
core_project/services/auth-service/registration_handlers.go:207.67,211.3 3 0
core_project/services/auth-service/registration_handlers.go:213.2,217.100 4 0
core_project/services/auth-service/registration_handlers.go:220.70,225.90 4 1
core_project/services/auth-service/registration_handlers.go:225.90,227.20 2 1
core_project/services/auth-service/registration_handlers.go:227.20,237.4 9 1
core_project/services/auth-service/registration_handlers.go:239.2,239.31 1 1
core_project/services/auth-service/registration_handlers.go:242.87,244.20 2 0
core_project/services/auth-service/registration_handlers.go:244.20,246.23 2 0
core_project/services/auth-service/registration_handlers.go:246.23,248.4 1 0
core_project/services/auth-service/registration_handlers.go:249.3,250.25 2 0
core_project/services/auth-service/registration_handlers.go:250.25,252.4 1 0
core_project/services/auth-service/registration_handlers.go:253.3,253.170 1 0
core_project/services/auth-service/registration_handlers.go:255.2,255.17 1 0
core_project/services/auth-service/registration_handlers.go:258.56,260.17 2 0
core_project/services/auth-service/registration_handlers.go:260.17,262.3 1 0
core_project/services/auth-service/registration_handlers.go:263.2,263.14 1 0
core_project/services/auth-service/registration_handlers.go:266.118,269.16 3 0
core_project/services/auth-service/registration_handlers.go:269.16,271.3 1 0
core_project/services/auth-service/registration_handlers.go:273.2,275.26 3 0
core_project/services/auth-service/registration_handlers.go:275.26,280.3 1 0
core_project/services/auth-service/registration_handlers.go:280.8,285.3 1 0
core_project/services/auth-service/registration_handlers.go:286.2,286.19 1 0
core_project/services/auth-service/registration_handlers.go:289.86,290.42 1 0
core_project/services/auth-service/registration_handlers.go:290.42,293.20 3 0
core_project/services/auth-service/registration_handlers.go:293.20,297.4 3 0
core_project/services/auth-service/registration_handlers.go:301.67,302.33 1 0
core_project/services/auth-service/registration_handlers.go:302.33,305.3 2 0
core_project/services/auth-service/registration_handlers.go:307.2,308.22 2 0
core_project/services/auth-service/registration_handlers.go:308.22,311.3 2 0
core_project/services/auth-service/registration_handlers.go:313.2,314.73 2 0
core_project/services/auth-service/registration_handlers.go:314.73,317.3 2 0
core_project/services/auth-service/registration_handlers.go:319.2,328.60 2 0
core_project/services/auth-service/registration_handlers.go:328.60,331.3 2 0
core_project/services/auth-service/registration_handlers.go:333.2,338.16 3 0
core_project/services/auth-service/registration_handlers.go:338.16,341.3 2 0
core_project/services/auth-service/registration_handlers.go:343.2,343.91 1 0
core_project/services/auth-service/registration_handlers.go:346.63,347.33 1 0
core_project/services/auth-service/registration_handlers.go:347.33,350.3 2 0
core_project/services/auth-service/registration_handlers.go:352.2,353.22 2 0
core_project/services/auth-service/registration_handlers.go:353.22,356.3 2 0
core_project/services/auth-service/registration_handlers.go:358.2,359.16 2 0
core_project/services/auth-service/registration_handlers.go:359.16,362.3 2 0
core_project/services/auth-service/registration_handlers.go:364.2,372.16 4 0
core_project/services/auth-service/registration_handlers.go:372.16,375.3 2 0
core_project/services/auth-service/registration_handlers.go:377.2,378.16 2 0
core_project/services/auth-service/registration_handlers.go:378.16,381.3 2 0
core_project/services/auth-service/registration_handlers.go:383.2,387.4 1 0
core_project/services/auth-service/staff_handlers.go:15.62,16.32 1 0
core_project/services/auth-service/staff_handlers.go:16.32,19.3 2 0
core_project/services/auth-service/staff_handlers.go:21.2,22.70 2 0
core_project/services/auth-service/staff_handlers.go:22.70,25.3 2 0
core_project/services/auth-service/staff_handlers.go:26.2,27.16 2 0
core_project/services/auth-service/staff_handlers.go:27.16,30.3 2 0
core_project/services/auth-service/staff_handlers.go:32.2,34.16 3 0
core_project/services/auth-service/staff_handlers.go:34.16,38.3 3 0
core_project/services/auth-service/staff_handlers.go:39.2,42.18 3 0
core_project/services/auth-service/staff_handlers.go:42.18,46.84 4 0
core_project/services/auth-service/staff_handlers.go:46.84,47.12 1 0
core_project/services/auth-service/staff_handlers.go:50.3,58.18 2 0
core_project/services/auth-service/staff_handlers.go:58.18,60.4 1 0
core_project/services/auth-service/staff_handlers.go:61.3,61.33 1 0
core_project/services/auth-service/staff_handlers.go:63.2,63.19 1 0
core_project/services/auth-service/staff_handlers.go:63.19,65.3 1 0
core_project/services/auth-service/staff_handlers.go:67.2,67.68 1 0
core_project/services/auth-service/staff_handlers.go:70.64,71.32 1 0
core_project/services/auth-service/staff_handlers.go:71.32,74.3 2 0
core_project/services/auth-service/staff_handlers.go:76.2,77.70 2 0
core_project/services/auth-service/staff_handlers.go:77.70,80.3 2 0
core_project/services/auth-service/staff_handlers.go:81.2,82.42 2 0
core_project/services/auth-service/staff_handlers.go:82.42,85.3 2 0
core_project/services/auth-service/staff_handlers.go:87.2,93.60 2 0
core_project/services/auth-service/staff_handlers.go:93.60,96.3 2 0
core_project/services/auth-service/staff_handlers.go:98.2,103.16 3 0
core_project/services/auth-service/staff_handlers.go:103.16,106.3 2 0
core_project/services/auth-service/staff_handlers.go:109.2,109.24 1 0
core_project/services/auth-service/staff_handlers.go:109.24,113.3 2 0
core_project/services/auth-service/staff_handlers.go:115.2,115.94 1 0
core_project/services/auth-service/staff_handlers.go:118.64,119.35 1 0
core_project/services/auth-service/staff_handlers.go:119.35,122.3 2 0
core_project/services/auth-service/staff_handlers.go:124.2,125.70 2 0
core_project/services/auth-service/staff_handlers.go:125.70,128.3 2 0
core_project/services/auth-service/staff_handlers.go:129.2,130.42 2 0
core_project/services/auth-service/staff_handlers.go:130.42,133.3 2 0
core_project/services/auth-service/staff_handlers.go:135.2,136.14 2 0
core_project/services/auth-service/staff_handlers.go:136.14,139.3 2 0
core_project/services/auth-service/staff_handlers.go:141.2,143.16 3 0
core_project/services/auth-service/staff_handlers.go:143.16,146.3 2 0
core_project/services/auth-service/staff_handlers.go:148.2,148.91 1 0
core_project/services/auth-service/superadmin_handlers.go:13.68,14.33 1 0
core_project/services/auth-service/superadmin_handlers.go:14.33,17.3 2 0
core_project/services/auth-service/superadmin_handlers.go:19.2,20.61 2 0
core_project/services/auth-service/superadmin_handlers.go:20.61,23.3 2 0
core_project/services/auth-service/superadmin_handlers.go:25.2,33.26 5 0
core_project/services/auth-service/superadmin_handlers.go:33.26,36.3 2 0
core_project/services/auth-service/superadmin_handlers.go:36.8,36.23 1 0
core_project/services/auth-service/superadmin_handlers.go:36.23,39.3 2 0
core_project/services/auth-service/superadmin_handlers.go:41.2,41.86 1 0
core_project/services/auth-service/superadmin_handlers.go:41.86,44.3 2 0
core_project/services/auth-service/superadmin_handlers.go:46.2,47.16 2 0
core_project/services/auth-service/superadmin_handlers.go:47.16,50.3 2 0
core_project/services/auth-service/superadmin_handlers.go:52.2,65.4 5 0
core_project/services/auth-service/telegram_staff_handlers.go:17.69,18.33 1 0
core_project/services/auth-service/telegram_staff_handlers.go:18.33,21.3 2 0
core_project/services/auth-service/telegram_staff_handlers.go:23.2,24.61 2 0
core_project/services/auth-service/telegram_staff_handlers.go:24.61,27.3 2 0
core_project/services/auth-service/telegram_staff_handlers.go:29.2,31.77 2 0
core_project/services/auth-service/telegram_staff_handlers.go:31.77,34.3 2 0
core_project/services/auth-service/telegram_staff_handlers.go:36.2,39.90 3 0
core_project/services/auth-service/telegram_staff_handlers.go:39.90,49.3 6 0
core_project/services/auth-service/telegram_staff_handlers.go:51.2,65.16 5 0
core_project/services/auth-service/telegram_staff_handlers.go:65.16,68.3 2 0
core_project/services/auth-service/telegram_staff_handlers.go:70.2,70.12 1 0
core_project/services/auth-service/telegram_staff_handlers.go:70.12,72.66 2 0
core_project/services/auth-service/telegram_staff_handlers.go:72.66,74.4 1 0
core_project/services/auth-service/telegram_staff_handlers.go:74.9,76.4 1 0
core_project/services/auth-service/telegram_staff_handlers.go:79.2,83.4 2 0
core_project/services/auth-service/telegram_staff_handlers.go:86.66,87.33 1 0
core_project/services/auth-service/telegram_staff_handlers.go:87.33,90.3 2 0
core_project/services/auth-service/telegram_staff_handlers.go:92.2,93.61 2 0
core_project/services/auth-service/telegram_staff_handlers.go:93.61,96.3 2 0
core_project/services/auth-service/telegram_staff_handlers.go:98.2,98.55 1 0
core_project/services/auth-service/telegram_staff_handlers.go:98.55,101.3 2 0
core_project/services/auth-service/telegram_staff_handlers.go:103.2,107.26 4 0
core_project/services/auth-service/telegram_staff_handlers.go:107.26,110.3 2 0
core_project/services/auth-service/telegram_staff_handlers.go:110.8,110.23 1 0
core_project/services/auth-service/telegram_staff_handlers.go:110.23,114.3 3 0
core_project/services/auth-service/telegram_staff_handlers.go:116.2,119.16 4 0
core_project/services/auth-service/telegram_staff_handlers.go:119.16,122.3 2 0
core_project/services/auth-service/telegram_staff_handlers.go:124.2,125.16 2 0
core_project/services/auth-service/telegram_staff_handlers.go:125.16,127.3 1 0
core_project/services/auth-service/telegram_staff_handlers.go:129.2,129.12 1 0
core_project/services/auth-service/telegram_staff_handlers.go:129.12,131.66 2 0
core_project/services/auth-service/telegram_staff_handlers.go:131.66,133.4 1 0
core_project/services/auth-service/telegram_staff_handlers.go:133.9,135.4 1 0
core_project/services/auth-service/telegram_staff_handlers.go:138.2,142.4 2 0
core_project/services/auth-service/telegram_staff_handlers.go:145.69,147.16 2 0
core_project/services/auth-service/telegram_staff_handlers.go:147.16,149.3 1 0
core_project/services/auth-service/telegram_staff_handlers.go:150.2,158.82 3 0
core_project/services/auth-service/telegram_staff_handlers.go:158.82,160.3 1 0
core_project/services/auth-service/telegram_staff_handlers.go:161.2,161.14 1 0
core_project/services/auth-service/telegram_staff_handlers.go:164.76,165.33 1 0
core_project/services/auth-service/telegram_staff_handlers.go:165.33,167.9 2 0
core_project/services/auth-service/telegram_staff_handlers.go:167.9,169.4 1 0
core_project/services/auth-service/telegram_staff_handlers.go:171.3,172.10 2 0
core_project/services/auth-service/telegram_staff_handlers.go:172.10,173.12 1 0
core_project/services/auth-service/telegram_staff_handlers.go:175.3,176.10 2 0
core_project/services/auth-service/telegram_staff_handlers.go:176.10,177.12 1 0
core_project/services/auth-service/telegram_staff_handlers.go:179.3,180.10 2 0
core_project/services/auth-service/telegram_staff_handlers.go:180.10,181.12 1 0
core_project/services/auth-service/telegram_staff_handlers.go:183.3,186.45 3 0
core_project/services/auth-service/telegram_staff_handlers.go:190.49,191.22 1 0
core_project/services/auth-service/telegram_staff_handlers.go:191.22,205.3 2 0
core_project/services/auth-service/telegram_staff_handlers.go:205.8,207.3 1 0
core_project/services/auth-service/telegram_staff_handlers.go:210.47,212.20 2 0
core_project/services/auth-service/telegram_staff_handlers.go:212.20,215.3 2 0
core_project/services/auth-service/telegram_staff_handlers.go:217.2,222.43 4 0
core_project/services/auth-service/telegram_staff_handlers.go:222.43,225.3 2 0
core_project/services/auth-service/telegram_staff_handlers.go:227.2,232.21 4 0
core_project/services/auth-service/telegram_staff_handlers.go:232.21,234.3 1 0
core_project/services/auth-service/telegram_staff_handlers.go:237.81,240.16 3 0
core_project/services/auth-service/telegram_staff_handlers.go:240.16,242.3 1 0
core_project/services/auth-service/telegram_staff_handlers.go:243.2,250.68 3 0
core_project/services/auth-service/telegram_staff_handlers.go:250.68,252.3 1 0
core_project/services/auth-service/telegram_staff_handlers.go:254.2,254.29 1 0
core_project/services/auth-service/telegram_staff_handlers.go:254.29,256.3 1 0
core_project/services/auth-service/telegram_staff_handlers.go:256.8,258.3 1 0
core_project/services/auth-service/telegram_staff_handlers.go:260.2,260.54 1 0
core_project/services/auth-service/telegram_webhook_handlers.go:16.68,17.33 1 0
core_project/services/auth-service/telegram_webhook_handlers.go:17.33,20.3 2 0
core_project/services/auth-service/telegram_webhook_handlers.go:22.2,23.64 2 0
core_project/services/auth-service/telegram_webhook_handlers.go:23.64,26.3 2 0
core_project/services/auth-service/telegram_webhook_handlers.go:28.2,29.9 2 0
core_project/services/auth-service/telegram_webhook_handlers.go:29.9,32.3 2 0
core_project/services/auth-service/telegram_webhook_handlers.go:34.2,35.9 2 0
core_project/services/auth-service/telegram_webhook_handlers.go:35.9,38.3 2 0
core_project/services/auth-service/telegram_webhook_handlers.go:40.2,41.9 2 0
core_project/services/auth-service/telegram_webhook_handlers.go:41.9,44.3 2 0
core_project/services/auth-service/telegram_webhook_handlers.go:45.2,50.69 4 0
core_project/services/auth-service/telegram_webhook_handlers.go:57.56,61.48 2 0
core_project/services/auth-service/telegram_webhook_handlers.go:61.48,63.3 1 0
core_project/services/auth-service/telegram_webhook_handlers.go:65.2,69.14 4 0
core_project/services/auth-service/telegram_webhook_handlers.go:70.16,83.9 3 0
core_project/services/auth-service/telegram_webhook_handlers.go:85.43,91.27 3 0
core_project/services/auth-service/telegram_webhook_handlers.go:91.27,98.4 2 0
core_project/services/auth-service/telegram_webhook_handlers.go:99.3,99.17 1 0
core_project/services/auth-service/telegram_webhook_handlers.go:99.17,103.4 3 0
core_project/services/auth-service/telegram_webhook_handlers.go:105.3,116.9 5 0
core_project/services/auth-service/telegram_webhook_handlers.go:119.2,119.21 1 0
core_project/services/auth-service/telegram_webhook_handlers.go:120.23,121.75 1 0
core_project/services/auth-service/telegram_webhook_handlers.go:121.75,125.4 3 0
core_project/services/auth-service/telegram_webhook_handlers.go:126.3,126.36 1 0
core_project/services/auth-service/telegram_webhook_handlers.go:126.36,129.4 2 0
core_project/services/auth-service/telegram_webhook_handlers.go:131.3,138.9 3 0
core_project/services/auth-service/telegram_webhook_handlers.go:140.24,141.75 1 0
core_project/services/auth-service/telegram_webhook_handlers.go:141.75,145.4 3 0
core_project/services/auth-service/telegram_webhook_handlers.go:146.3,146.20 1 0
core_project/services/auth-service/telegram_webhook_handlers.go:146.20,149.4 2 0
core_project/services/auth-service/telegram_webhook_handlers.go:151.3,153.22 3 0
core_project/services/auth-service/telegram_webhook_handlers.go:153.22,157.4 3 0
core_project/services/auth-service/telegram_webhook_handlers.go:158.3,161.17 3 0
core_project/services/auth-service/telegram_webhook_handlers.go:161.17,165.4 3 0
core_project/services/auth-service/telegram_webhook_handlers.go:166.3,170.17 2 0
core_project/services/auth-service/telegram_webhook_handlers.go:170.17,175.4 4 0
core_project/services/auth-service/telegram_webhook_handlers.go:177.3,183.9 4 0
core_project/services/auth-service/telegram_webhook_handlers.go:185.10,192.9 2 0
core_project/services/auth-service/tenant_management_handlers.go:19.70,21.9 2 0
core_project/services/auth-service/tenant_management_handlers.go:21.9,24.3 2 0
core_project/services/auth-service/tenant_management_handlers.go:26.2,28.18 2 0
core_project/services/auth-service/tenant_management_handlers.go:29.22,30.32 1 0
core_project/services/auth-service/tenant_management_handlers.go:31.25,32.44 1 0
core_project/services/auth-service/tenant_management_handlers.go:33.10,34.100 1 0
core_project/services/auth-service/tenant_management_handlers.go:38.72,54.16 2 0
core_project/services/auth-service/tenant_management_handlers.go:54.16,58.3 3 0
core_project/services/auth-service/tenant_management_handlers.go:59.2,62.18 3 0
core_project/services/auth-service/tenant_management_handlers.go:62.18,67.126 5 0
core_project/services/auth-service/tenant_management_handlers.go:67.126,68.12 1 0
core_project/services/auth-service/tenant_management_handlers.go:70.3,71.30 2 0
core_project/services/auth-service/tenant_management_handlers.go:71.30,73.4 1 0
core_project/services/auth-service/tenant_management_handlers.go:74.3,83.5 1 0
core_project/services/auth-service/tenant_management_handlers.go:86.2,86.20 1 0
core_project/services/auth-service/tenant_management_handlers.go:86.20,88.3 1 0
core_project/services/auth-service/tenant_management_handlers.go:90.2,90.69 1 0
core_project/services/auth-service/tenant_management_handlers.go:93.106,95.20 2 0
core_project/services/auth-service/tenant_management_handlers.go:95.20,98.3 2 0
core_project/services/auth-service/tenant_management_handlers.go:100.2,100.33 1 0
core_project/services/auth-service/tenant_management_handlers.go:100.33,103.3 2 0
core_project/services/auth-service/tenant_management_handlers.go:105.2,106.16 2 0
core_project/services/auth-service/tenant_management_handlers.go:106.16,110.3 3 0
core_project/services/auth-service/tenant_management_handlers.go:111.2,118.27 3 0
core_project/services/auth-service/tenant_management_handlers.go:118.27,119.69 1 0
core_project/services/auth-service/tenant_management_handlers.go:119.69,123.4 3 0
core_project/services/auth-service/tenant_management_handlers.go:126.2,127.16 2 0
core_project/services/auth-service/tenant_management_handlers.go:127.16,131.3 3 0
core_project/services/auth-service/tenant_management_handlers.go:132.2,132.29 1 0
core_project/services/auth-service/tenant_management_handlers.go:132.29,135.3 2 0
core_project/services/auth-service/tenant_management_handlers.go:137.2,137.39 1 0
core_project/services/auth-service/tenant_management_handlers.go:137.39,141.3 3 0
core_project/services/auth-service/tenant_management_handlers.go:143.2,143.90 1 0
core_project/services/auth-service/tenant_management_handlers.go:146.76,147.40 1 0
core_project/services/auth-service/tenant_management_handlers.go:147.40,150.3 2 0
core_project/services/auth-service/tenant_management_handlers.go:152.2,154.18 2 0
core_project/services/auth-service/tenant_management_handlers.go:155.22,156.40 1 0
core_project/services/auth-service/tenant_management_handlers.go:157.22,158.43 1 0
core_project/services/auth-service/tenant_management_handlers.go:159.10,160.100 1 0
core_project/services/auth-service/tenant_management_handlers.go:164.94,166.20 2 0
core_project/services/auth-service/tenant_management_handlers.go:166.20,169.3 2 0
core_project/services/auth-service/tenant_management_handlers.go:171.2,181.218 3 0
core_project/services/auth-service/tenant_management_handlers.go:181.218,182.27 1 0
core_project/services/auth-service/tenant_management_handlers.go:182.27,185.4 2 0
core_project/services/auth-service/tenant_management_handlers.go:186.3,188.9 3 0
core_project/services/auth-service/tenant_management_handlers.go:191.2,208.66 2 0
core_project/services/auth-service/tenant_management_handlers.go:211.97,213.61 2 0
core_project/services/auth-service/tenant_management_handlers.go:213.61,216.3 2 0
core_project/services/auth-service/tenant_management_handlers.go:217.2,218.24 2 0
core_project/services/auth-service/tenant_management_handlers.go:218.24,221.3 2 0
core_project/services/auth-service/tenant_management_handlers.go:223.2,227.16 2 0
core_project/services/auth-service/tenant_management_handlers.go:227.16,231.3 3 0
core_project/services/auth-service/tenant_management_handlers.go:232.2,232.29 1 0
core_project/services/auth-service/tenant_management_handlers.go:232.29,235.3 2 0
core_project/services/auth-service/tenant_management_handlers.go:237.2,237.27 1 0
core_project/services/auth-service/tenant_management_handlers.go:237.27,240.3 2 0
core_project/services/auth-service/tenant_management_handlers.go:242.2,242.26 1 0
core_project/services/auth-service/tenant_management_handlers.go:242.26,244.17 2 0
core_project/services/auth-service/tenant_management_handlers.go:244.17,248.4 3 0
core_project/services/auth-service/tenant_management_handlers.go:251.2,251.100 1 0
core_project/services/auth-service/tenant_telegram_helpers.go:16.69,17.40 1 0
core_project/services/auth-service/tenant_telegram_helpers.go:17.40,20.3 2 0
core_project/services/auth-service/tenant_telegram_helpers.go:22.2,22.33 1 0
core_project/services/auth-service/tenant_telegram_helpers.go:22.33,25.3 2 0
core_project/services/auth-service/tenant_telegram_helpers.go:27.2,28.20 2 0
core_project/services/auth-service/tenant_telegram_helpers.go:28.20,31.3 2 0
core_project/services/auth-service/tenant_telegram_helpers.go:33.2,33.35 1 0
core_project/services/auth-service/tenant_telegram_helpers.go:33.35,36.3 2 0
core_project/services/auth-service/tenant_telegram_helpers.go:38.2,39.54 2 0
core_project/services/auth-service/tenant_telegram_helpers.go:39.54,42.3 2 0
core_project/services/auth-service/tenant_telegram_helpers.go:44.2,45.16 2 0
core_project/services/auth-service/tenant_telegram_helpers.go:45.16,48.3 2 0
core_project/services/auth-service/tenant_telegram_helpers.go:49.2,52.72 3 0
core_project/services/auth-service/tenant_telegram_helpers.go:52.72,55.3 2 0
core_project/services/auth-service/tenant_telegram_helpers.go:57.2,58.21 2 0
core_project/services/auth-service/tenant_telegram_helpers.go:58.21,60.3 1 0
core_project/services/auth-service/tenant_telegram_helpers.go:61.2,64.13 3 0
core_project/services/auth-service/tenant_telegram_helpers.go:65.23,66.18 1 0
core_project/services/auth-service/tenant_telegram_helpers.go:67.15,68.19 1 0
core_project/services/auth-service/tenant_telegram_helpers.go:73.2,74.28 2 0
core_project/services/auth-service/tenant_telegram_helpers.go:74.28,76.3 1 0
core_project/services/auth-service/tenant_telegram_helpers.go:78.2,81.16 4 0
core_project/services/auth-service/tenant_telegram_helpers.go:81.16,85.3 3 0
core_project/services/auth-service/tenant_telegram_helpers.go:86.2,88.45 2 0
core_project/services/auth-service/tenant_telegram_helpers.go:88.45,92.3 3 0
core_project/services/auth-service/tenant_telegram_helpers.go:94.2,97.16 4 0
core_project/services/auth-service/tenant_telegram_helpers.go:97.16,101.3 3 0
core_project/services/auth-service/tenant_telegram_helpers.go:103.2,103.132 1 0
core_project/services/auth-service/tenant_telegram_helpers.go:106.33,107.14 1 0
core_project/services/auth-service/tenant_telegram_helpers.go:107.14,109.3 1 0
core_project/services/auth-service/tenant_telegram_helpers.go:110.2,110.11 1 0
core_project/services/auth-service/tenant_telegram_helpers.go:118.56,119.28 1 0
core_project/services/auth-service/tenant_telegram_helpers.go:119.28,121.3 1 0
core_project/services/auth-service/tenant_telegram_helpers.go:123.2,132.16 5 0
core_project/services/auth-service/tenant_telegram_helpers.go:132.16,134.3 1 0
core_project/services/auth-service/tenant_telegram_helpers.go:135.2,137.38 2 0
core_project/services/auth-service/tenant_telegram_helpers.go:137.38,140.3 2 0
core_project/services/auth-service/tenant_telegram_helpers.go:141.2,141.12 1 0
core_project/services/auth-service/tenant_telegram_helpers.go:145.52,146.28 1 0
core_project/services/auth-service/tenant_telegram_helpers.go:146.28,148.3 1 0
core_project/services/auth-service/tenant_telegram_helpers.go:150.2,161.16 6 0
core_project/services/auth-service/tenant_telegram_helpers.go:161.16,164.3 2 0
core_project/services/auth-service/tenant_telegram_helpers.go:165.2,170.38 4 0
core_project/services/auth-service/tenant_telegram_helpers.go:170.38,172.3 1 0
core_project/services/auth-service/tenant_telegram_helpers.go:173.2,173.12 1 0
core_project/services/auth-service/verifier_handlers.go:20.57,22.22 2 0
core_project/services/auth-service/verifier_handlers.go:22.22,24.3 1 0
core_project/services/auth-service/verifier_handlers.go:25.2,26.47 2 0
core_project/services/auth-service/verifier_handlers.go:26.47,28.3 1 0
core_project/services/auth-service/verifier_handlers.go:29.2,29.21 1 0
core_project/services/auth-service/verifier_handlers.go:32.67,33.40 1 0
core_project/services/auth-service/verifier_handlers.go:33.40,36.3 2 0
core_project/services/auth-service/verifier_handlers.go:38.2,39.17 2 0
core_project/services/auth-service/verifier_handlers.go:39.17,41.3 1 0
core_project/services/auth-service/verifier_handlers.go:42.2,43.26 2 0
core_project/services/auth-service/verifier_handlers.go:43.26,45.3 1 0
core_project/services/auth-service/verifier_handlers.go:47.2,48.16 2 0
core_project/services/auth-service/verifier_handlers.go:48.16,54.3 2 0
core_project/services/auth-service/verifier_handlers.go:55.2,57.38 2 0
core_project/services/auth-service/verifier_handlers.go:57.38,64.3 3 0
core_project/services/auth-service/verifier_handlers.go:66.2,67.67 2 0
core_project/services/auth-service/verifier_handlers.go:67.67,74.3 3 0
core_project/services/auth-service/verifier_handlers.go:76.2,76.68 1 0
core_project/services/auth-service/verifier_handlers.go:79.74,82.25 3 0
core_project/services/auth-service/verifier_handlers.go:82.25,84.17 2 0
core_project/services/auth-service/verifier_handlers.go:84.17,88.12 4 0
core_project/services/auth-service/verifier_handlers.go:91.3,91.39 1 0
core_project/services/auth-service/verifier_handlers.go:91.39,97.43 5 0
core_project/services/auth-service/verifier_handlers.go:97.43,98.15 1 0
core_project/services/auth-service/verifier_handlers.go:98.15,103.6 4 0
core_project/services/auth-service/verifier_handlers.go:104.5,106.13 3 0
core_project/services/auth-service/verifier_handlers.go:109.4,110.20 2 0
core_project/services/auth-service/verifier_handlers.go:112.3,112.19 1 0
core_project/services/auth-service/verifier_handlers.go:114.2,114.21 1 0
core_project/services/auth-service/verifier_handlers.go:117.63,118.40 1 0
core_project/services/auth-service/verifier_handlers.go:118.40,121.3 2 0
core_project/services/auth-service/verifier_handlers.go:123.2,125.17 3 0
core_project/services/auth-service/verifier_handlers.go:125.17,127.3 1 0
core_project/services/auth-service/verifier_handlers.go:128.2,129.26 2 0
core_project/services/auth-service/verifier_handlers.go:129.26,131.3 1 0
core_project/services/auth-service/verifier_handlers.go:132.2,133.16 2 0
core_project/services/auth-service/verifier_handlers.go:133.16,136.3 2 0
core_project/services/auth-service/verifier_handlers.go:137.2,142.68 4 0
core_project/services/auth-service/verifier_handlers.go:145.71,146.40 1 0
core_project/services/auth-service/verifier_handlers.go:146.40,149.3 2 0
core_project/services/auth-service/verifier_handlers.go:151.2,153.17 3 0
core_project/services/auth-service/verifier_handlers.go:153.17,155.3 1 0
core_project/services/auth-service/verifier_handlers.go:156.2,157.26 2 0
core_project/services/auth-service/verifier_handlers.go:157.26,159.3 1 0
core_project/services/auth-service/verifier_handlers.go:160.2,162.16 3 0
core_project/services/auth-service/verifier_handlers.go:162.16,165.3 2 0
core_project/services/auth-service/verifier_handlers.go:166.2,168.111 2 0
core_project/services/auth-service/verifier_handlers.go:171.104,172.25 1 0
core_project/services/auth-service/verifier_handlers.go:172.25,174.17 2 0
core_project/services/auth-service/verifier_handlers.go:174.17,176.4 1 0
core_project/services/auth-service/verifier_handlers.go:177.3,177.30 1 0
core_project/services/auth-service/verifier_handlers.go:179.2,179.50 1 0
core_project/services/auth-service/wa_platform.go:39.66,42.56 2 0
core_project/services/auth-service/wa_platform.go:42.56,44.3 1 0
core_project/services/auth-service/wa_platform.go:47.2,58.42 5 0
core_project/services/auth-service/wa_platform.go:58.42,60.3 1 0
core_project/services/auth-service/wa_platform.go:61.2,61.20 1 0
core_project/services/auth-service/wa_platform.go:61.20,63.3 1 0
core_project/services/auth-service/wa_platform.go:64.2,64.24 1 0
core_project/services/auth-service/wa_platform.go:64.24,66.3 1 0
core_project/services/auth-service/wa_platform.go:67.2,67.58 1 0
core_project/services/auth-service/wa_platform.go:70.75,71.18 1 0
core_project/services/auth-service/wa_platform.go:72.22,73.34 1 0
core_project/services/auth-service/wa_platform.go:74.22,75.34 1 0
core_project/services/auth-service/wa_platform.go:76.10,77.100 1 0
core_project/services/auth-service/wa_platform.go:81.72,93.17 7 0
core_project/services/auth-service/wa_platform.go:93.17,95.3 1 0
core_project/services/auth-service/wa_platform.go:97.2,102.14 4 0
core_project/services/auth-service/wa_platform.go:102.14,104.3 1 0
core_project/services/auth-service/wa_platform.go:106.2,107.22 2 0
core_project/services/auth-service/wa_platform.go:107.22,109.3 1 0
core_project/services/auth-service/wa_platform.go:111.2,122.4 1 0
core_project/services/auth-service/wa_platform.go:125.72,127.61 2 0
core_project/services/auth-service/wa_platform.go:127.61,130.3 2 0
core_project/services/auth-service/wa_platform.go:132.2,132.96 1 0
core_project/services/auth-service/wa_platform.go:132.96,135.3 2 0
core_project/services/auth-service/wa_platform.go:137.2,138.30 2 0
core_project/services/auth-service/wa_platform.go:138.30,140.3 1 0
core_project/services/auth-service/wa_platform.go:140.8,142.3 1 0
core_project/services/auth-service/wa_platform.go:144.2,148.4 2 0
core_project/services/auth-service/wa_registration_handlers.go:25.66,26.71 1 0
core_project/services/auth-service/wa_registration_handlers.go:26.71,28.3 1 0
core_project/services/auth-service/wa_registration_handlers.go:29.2,29.27 1 0
core_project/services/auth-service/wa_registration_handlers.go:29.27,31.3 1 0
core_project/services/auth-service/wa_registration_handlers.go:32.2,32.68 1 0
core_project/services/auth-service/wa_registration_handlers.go:32.68,34.3 1 0
core_project/services/auth-service/wa_registration_handlers.go:35.2,35.12 1 0
core_project/services/auth-service/wa_registration_handlers.go:38.50,40.35 2 0
core_project/services/auth-service/wa_registration_handlers.go:40.35,42.3 1 0
core_project/services/auth-service/wa_registration_handlers.go:42.8,42.42 1 0
core_project/services/auth-service/wa_registration_handlers.go:42.42,44.3 1 0
core_project/services/auth-service/wa_registration_handlers.go:45.2,45.14 1 0
core_project/services/auth-service/wa_registration_handlers.go:48.84,53.173 4 0
core_project/services/auth-service/wa_registration_handlers.go:53.173,56.3 2 0
core_project/services/auth-service/wa_registration_handlers.go:58.2,58.133 1 0
core_project/services/auth-service/wa_registration_handlers.go:58.133,60.3 1 0
core_project/services/auth-service/wa_registration_handlers.go:62.2,62.12 1 0
core_project/services/auth-service/wa_registration_handlers.go:65.103,67.22 2 0
core_project/services/auth-service/wa_registration_handlers.go:67.22,69.3 1 0
core_project/services/auth-service/wa_registration_handlers.go:70.2,70.24 1 0
core_project/services/auth-service/wa_registration_handlers.go:70.24,72.3 1 0
core_project/services/auth-service/wa_registration_handlers.go:74.2,80.22 3 0
core_project/services/auth-service/wa_registration_handlers.go:83.120,85.16 2 0
core_project/services/auth-service/wa_registration_handlers.go:85.16,87.3 1 0
core_project/services/auth-service/wa_registration_handlers.go:89.2,92.21 3 0
core_project/services/auth-service/wa_registration_handlers.go:92.21,97.3 1 0
core_project/services/auth-service/wa_registration_handlers.go:97.8,102.3 1 0
core_project/services/auth-service/wa_registration_handlers.go:104.2,104.20 1 0
core_project/services/auth-service/wa_registration_handlers.go:107.63,108.33 1 0
core_project/services/auth-service/wa_registration_handlers.go:108.33,111.3 2 0
core_project/services/auth-service/wa_registration_handlers.go:113.2,114.61 2 0
core_project/services/auth-service/wa_registration_handlers.go:114.61,117.3 2 0
core_project/services/auth-service/wa_registration_handlers.go:119.2,119.60 1 0
core_project/services/auth-service/wa_registration_handlers.go:119.60,122.3 2 0
core_project/services/auth-service/wa_registration_handlers.go:124.2,125.43 2 0
core_project/services/auth-service/wa_registration_handlers.go:125.43,128.3 2 0
core_project/services/auth-service/wa_registration_handlers.go:130.2,132.81 2 0
core_project/services/auth-service/wa_registration_handlers.go:132.81,135.3 2 0
core_project/services/auth-service/wa_registration_handlers.go:137.2,138.16 2 0
core_project/services/auth-service/wa_registration_handlers.go:138.16,142.3 3 0
core_project/services/auth-service/wa_registration_handlers.go:144.2,146.16 3 0
core_project/services/auth-service/wa_registration_handlers.go:146.16,150.3 3 0
core_project/services/auth-service/wa_registration_handlers.go:152.2,162.4 2 0
core_project/services/auth-service/wa_registration_handlers.go:166.64,167.33 1 0
core_project/services/auth-service/wa_registration_handlers.go:167.33,170.3 2 0
core_project/services/auth-service/wa_registration_handlers.go:172.2,177.61 2 0
core_project/services/auth-service/wa_registration_handlers.go:177.61,180.3 2 0
core_project/services/auth-service/wa_registration_handlers.go:181.2,181.42 1 0
core_project/services/auth-service/wa_registration_handlers.go:181.42,184.3 2 0
core_project/services/auth-service/wa_registration_handlers.go:186.2,189.37 3 0
core_project/services/auth-service/wa_registration_handlers.go:189.37,192.3 2 0
core_project/services/auth-service/wa_registration_handlers.go:194.2,195.16 2 0
core_project/services/auth-service/wa_registration_handlers.go:195.16,198.3 2 0
core_project/services/auth-service/wa_registration_handlers.go:200.2,201.19 2 0
core_project/services/auth-service/wa_registration_handlers.go:201.19,204.3 2 0
core_project/services/auth-service/wa_registration_handlers.go:205.2,207.51 3 0
core_project/services/auth-service/wa_registration_handlers.go:207.51,210.3 2 0
core_project/services/auth-service/wa_registration_handlers.go:211.2,212.30 2 0
core_project/services/auth-service/wa_registration_handlers.go:212.30,214.3 1 0
core_project/services/auth-service/wa_registration_handlers.go:216.2,216.80 1 0
core_project/services/auth-service/wa_registration_handlers.go:216.80,220.3 3 0
core_project/services/auth-service/wa_registration_handlers.go:222.2,227.55 5 0
core_project/services/auth-service/wa_registration_handlers.go:227.55,230.3 2 0
core_project/services/auth-service/wa_registration_handlers.go:232.2,236.92 4 0
core_project/services/auth-service/wa_registration_handlers.go:240.71,241.33 1 0
core_project/services/auth-service/wa_registration_handlers.go:241.33,244.3 2 0
core_project/services/auth-service/wa_registration_handlers.go:246.2,251.61 2 0
core_project/services/auth-service/wa_registration_handlers.go:251.61,254.3 2 0
core_project/services/auth-service/wa_registration_handlers.go:256.2,257.44 2 0
core_project/services/auth-service/wa_registration_handlers.go:257.44,258.27 1 0
core_project/services/auth-service/wa_registration_handlers.go:258.27,260.4 1 0
core_project/services/auth-service/wa_registration_handlers.go:261.3,261.12 1 0
core_project/services/auth-service/wa_registration_handlers.go:263.2,263.39 1 0
core_project/services/auth-service/wa_registration_handlers.go:263.39,265.3 1 0
core_project/services/auth-service/wa_registration_handlers.go:267.2,268.16 2 0
core_project/services/auth-service/wa_registration_handlers.go:268.16,271.3 2 0
core_project/services/auth-service/wa_registration_handlers.go:273.2,274.52 2 0
core_project/services/auth-service/wa_registration_handlers.go:274.52,276.3 1 0
core_project/services/auth-service/wa_registration_handlers.go:278.2,278.27 1 0
core_project/services/auth-service/wa_registration_handlers.go:278.27,281.3 2 0
core_project/services/auth-service/wa_registration_handlers.go:283.2,290.16 4 0
core_project/services/auth-service/wa_registration_handlers.go:290.16,294.3 3 0
core_project/services/auth-service/wa_registration_handlers.go:296.2,297.16 2 0
core_project/services/auth-service/wa_registration_handlers.go:297.16,300.3 2 0
core_project/services/auth-service/wa_registration_handlers.go:302.2,304.16 3 0
core_project/services/auth-service/wa_registration_handlers.go:304.16,306.3 1 0
core_project/services/auth-service/wa_registration_handlers.go:308.2,317.4 5 0
core_project/services/auth-service/wa_registration_handlers.go:320.45,321.45 1 0
core_project/services/auth-service/wa_registration_handlers.go:321.45,323.3 1 0
core_project/services/auth-service/wa_registration_handlers.go:324.2,324.12 1 0
core_project/services/wa-gateway/cloud_routing.go:18.73,19.72 1 1
core_project/services/wa-gateway/cloud_routing.go:19.72,21.3 1 1
core_project/services/wa-gateway/cloud_routing.go:22.2,22.48 1 1
core_project/services/wa-gateway/cloud_routing.go:26.60,27.15 1 1
core_project/services/wa-gateway/cloud_routing.go:27.15,29.3 1 1
core_project/services/wa-gateway/cloud_routing.go:30.2,32.16 3 0
core_project/services/wa-gateway/cloud_routing.go:32.16,34.3 1 0
core_project/services/wa-gateway/cloud_routing.go:35.2,35.19 1 0
core_project/services/wa-gateway/cloud_routing.go:39.44,41.17 2 1
core_project/services/wa-gateway/cloud_routing.go:42.74,43.14 1 1
core_project/services/wa-gateway/cloud_routing.go:45.2,46.16 2 1
core_project/services/wa-gateway/cloud_routing.go:47.65,48.14 1 1
core_project/services/wa-gateway/cloud_routing.go:50.2,50.14 1 1
core_project/services/wa-gateway/cloud_routing.go:54.81,56.80 2 0
core_project/services/wa-gateway/cloud_routing.go:56.80,58.3 1 0
core_project/services/wa-gateway/cloud_routing.go:60.2,65.19 2 0
core_project/services/wa-gateway/cloud_routing.go:65.19,67.3 1 0
core_project/services/wa-gateway/cloud_routing.go:69.2,71.16 3 0
core_project/services/wa-gateway/cloud_routing.go:71.16,73.3 1 0
core_project/services/wa-gateway/cloud_routing.go:74.2,78.16 4 0
core_project/services/wa-gateway/cloud_routing.go:78.16,80.3 1 0
core_project/services/wa-gateway/cloud_routing.go:81.2,84.67 3 0
core_project/services/wa-gateway/cloud_routing.go:84.67,86.3 1 0
core_project/services/wa-gateway/cloud_routing.go:88.2,88.38 1 0
core_project/services/wa-gateway/cloud_routing.go:88.38,90.46 2 0
core_project/services/wa-gateway/cloud_routing.go:90.46,92.4 1 0
core_project/services/wa-gateway/cloud_routing.go:93.3,93.49 1 0
core_project/services/wa-gateway/cloud_routing.go:96.2,97.52 2 0
core_project/services/wa-gateway/cloud_routing.go:97.52,99.3 1 0
core_project/services/wa-gateway/cloud_routing.go:101.2,102.21 2 0
core_project/services/wa-gateway/db_redis.go:13.24,15.16 2 0
core_project/services/wa-gateway/db_redis.go:15.16,17.3 1 0
core_project/services/wa-gateway/db_redis.go:18.2,19.16 2 0
core_project/services/wa-gateway/db_redis.go:19.16,21.3 1 0
core_project/services/wa-gateway/db_redis.go:22.2,23.16 2 0
core_project/services/wa-gateway/db_redis.go:23.16,25.3 1 0
core_project/services/wa-gateway/db_redis.go:26.2,27.16 2 0
core_project/services/wa-gateway/db_redis.go:27.16,29.3 1 0
core_project/services/wa-gateway/db_redis.go:30.2,31.18 2 0
core_project/services/wa-gateway/db_redis.go:31.18,33.3 1 0
core_project/services/wa-gateway/db_redis.go:34.2,35.19 2 0
core_project/services/wa-gateway/db_redis.go:35.19,37.3 1 0
core_project/services/wa-gateway/db_redis.go:38.2,38.101 1 0
core_project/services/wa-gateway/db_redis.go:41.32,43.21 2 0
core_project/services/wa-gateway/db_redis.go:43.21,45.3 1 0
core_project/services/wa-gateway/db_redis.go:46.2,47.21 2 0
core_project/services/wa-gateway/db_redis.go:47.21,49.3 1 0
core_project/services/wa-gateway/db_redis.go:50.2,61.47 5 0
core_project/services/wa-gateway/db_redis.go:61.47,64.3 2 0
core_project/services/wa-gateway/db_redis.go:66.2,67.15 2 0
core_project/services/wa-gateway/db_redis.go:72.44,86.47 7 0
core_project/services/wa-gateway/db_redis.go:86.47,89.3 2 0
core_project/services/wa-gateway/db_redis.go:91.2,92.15 2 0
core_project/services/wa-gateway/db_redis.go:95.77,96.24 1 1
core_project/services/wa-gateway/db_redis.go:96.24,98.3 1 1
core_project/services/wa-gateway/db_redis.go:99.2,102.16 4 0
core_project/services/wa-gateway/db_redis.go:102.16,104.3 1 0
core_project/services/wa-gateway/db_redis.go:105.2,105.14 1 0
core_project/services/wa-gateway/db_redis.go:105.14,108.3 2 0
core_project/services/wa-gateway/db_redis.go:109.2,110.16 2 0
core_project/services/wa-gateway/db_redis.go:110.16,112.3 1 0
core_project/services/wa-gateway/db_redis.go:113.2,113.32 1 0
core_project/services/wa-gateway/db_redis.go:113.32,117.3 3 0
core_project/services/wa-gateway/db_redis.go:118.2,118.19 1 0
core_project/services/wa-gateway/db_redis.go:121.41,122.34 1 0
core_project/services/wa-gateway/db_redis.go:122.34,124.3 1 0
core_project/services/wa-gateway/db_redis.go:125.2,125.17 1 0
core_project/services/wa-gateway/db_redis.go:128.63,129.24 1 1
core_project/services/wa-gateway/db_redis.go:129.24,131.3 1 1
core_project/services/wa-gateway/db_redis.go:132.2,135.16 4 0
core_project/services/wa-gateway/db_redis.go:135.16,137.3 1 0
core_project/services/wa-gateway/db_redis.go:138.2,138.32 1 0
core_project/services/wa-gateway/db_redis.go:138.32,140.3 1 0
core_project/services/wa-gateway/db_redis.go:143.37,144.24 1 0
core_project/services/wa-gateway/db_redis.go:144.24,146.3 1 0
core_project/services/wa-gateway/db_redis.go:147.2,148.61 2 0
core_project/services/wa-gateway/event_handler.go:12.42,14.2 1 0
core_project/services/wa-gateway/event_handler.go:17.53,18.25 1 0
core_project/services/wa-gateway/event_handler.go:19.23,20.34 1 0
core_project/services/wa-gateway/event_handler.go:21.25,22.33 1 0
core_project/services/wa-gateway/event_handler.go:23.28,24.36 1 0
core_project/services/wa-gateway/event_handler.go:25.25,26.33 1 0
core_project/services/wa-gateway/event_handler.go:27.30,28.38 1 0
core_project/services/wa-gateway/event_handler.go:29.28,30.39 1 0
core_project/services/wa-gateway/event_handler.go:34.49,36.2 1 0
core_project/services/wa-gateway/event_handler.go:38.71,40.2 1 0
core_project/services/wa-gateway/health_handlers.go:23.59,29.24 5 0
core_project/services/wa-gateway/health_handlers.go:29.24,30.49 1 0
core_project/services/wa-gateway/health_handlers.go:30.49,32.4 1 0
core_project/services/wa-gateway/health_handlers.go:35.2,36.15 2 0
core_project/services/wa-gateway/health_handlers.go:36.15,37.23 1 0
core_project/services/wa-gateway/health_handlers.go:37.23,39.4 1 0
core_project/services/wa-gateway/health_handlers.go:42.2,50.4 3 0
core_project/services/wa-gateway/health_handlers.go:53.60,53.82 1 0
core_project/services/wa-gateway/health_handlers.go:55.60,69.2 6 0
core_project/services/wa-gateway/health_handlers.go:72.74,73.15 1 0
core_project/services/wa-gateway/health_handlers.go:73.15,75.3 1 0
core_project/services/wa-gateway/health_handlers.go:77.2,80.16 3 0
core_project/services/wa-gateway/health_handlers.go:80.16,83.3 2 0
core_project/services/wa-gateway/health_handlers.go:84.2,86.18 2 0
core_project/services/wa-gateway/health_handlers.go:86.18,88.38 2 0
core_project/services/wa-gateway/health_handlers.go:88.38,89.12 1 0
core_project/services/wa-gateway/health_handlers.go:91.3,91.55 1 0
core_project/services/wa-gateway/health_handlers.go:91.55,93.12 2 0
core_project/services/wa-gateway/health_handlers.go:95.3,97.20 3 0
core_project/services/wa-gateway/health_handlers.go:97.20,99.12 2 0
core_project/services/wa-gateway/health_handlers.go:101.3,102.40 2 0
core_project/services/wa-gateway/health_handlers.go:102.40,102.66 1 0
core_project/services/wa-gateway/health_handlers.go:103.3,103.42 1 0
core_project/services/wa-gateway/health_handlers.go:103.42,108.4 4 0
core_project/services/wa-gateway/health_handlers.go:108.9,111.4 2 0
core_project/services/wa-gateway/helpers.go:16.48,18.19 2 1
core_project/services/wa-gateway/helpers.go:18.19,21.3 2 1
core_project/services/wa-gateway/helpers.go:22.2,23.16 2 0
core_project/services/wa-gateway/helpers.go:23.16,26.3 2 0
core_project/services/wa-gateway/helpers.go:27.2,30.16 2 0
core_project/services/wa-gateway/helpers.go:30.16,32.3 1 0
core_project/services/wa-gateway/helpers.go:37.45,38.15 1 1
core_project/services/wa-gateway/helpers.go:38.15,40.3 1 1
core_project/services/wa-gateway/helpers.go:41.2,43.13 3 1
core_project/services/wa-gateway/helpers.go:43.13,45.3 1 1
core_project/services/wa-gateway/helpers.go:45.8,47.3 1 1
core_project/services/wa-gateway/helpers.go:48.2,48.35 1 1
core_project/services/wa-gateway/helpers.go:48.35,50.3 1 1
core_project/services/wa-gateway/helpers.go:51.2,51.13 1 1
core_project/services/wa-gateway/helpers.go:56.42,57.24 1 1
core_project/services/wa-gateway/helpers.go:57.24,59.3 1 1
core_project/services/wa-gateway/helpers.go:60.2,62.34 3 0
core_project/services/wa-gateway/helpers.go:62.34,64.3 1 0
core_project/services/wa-gateway/helpers.go:65.2,65.31 1 0
core_project/services/wa-gateway/logout_handlers.go:10.66,11.33 1 0
core_project/services/wa-gateway/logout_handlers.go:11.33,14.3 2 0
core_project/services/wa-gateway/logout_handlers.go:16.2,17.20 2 0
core_project/services/wa-gateway/logout_handlers.go:17.20,19.3 1 0
core_project/services/wa-gateway/logout_handlers.go:20.2,20.20 1 0
core_project/services/wa-gateway/logout_handlers.go:20.20,23.3 2 0
core_project/services/wa-gateway/logout_handlers.go:25.2,27.12 3 0
core_project/services/wa-gateway/logout_handlers.go:27.12,30.3 2 0
core_project/services/wa-gateway/logout_handlers.go:31.2,33.15 2 0
core_project/services/wa-gateway/logout_handlers.go:33.15,34.101 1 0
core_project/services/wa-gateway/logout_handlers.go:34.101,36.4 1 0
core_project/services/wa-gateway/logout_handlers.go:39.2,43.68 4 0
core_project/services/wa-gateway/logout_handlers.go:46.27,48.2 1 0
core_project/services/wa-gateway/main.go:79.13,83.2 3 1
core_project/services/wa-gateway/main.go:100.64,102.2 1 1
core_project/services/wa-gateway/main.go:104.58,111.13 5 1
core_project/services/wa-gateway/main.go:111.13,114.3 2 1
core_project/services/wa-gateway/main.go:116.2,120.19 4 1
core_project/services/wa-gateway/main.go:120.19,123.3 2 1
core_project/services/wa-gateway/main.go:124.2,124.14 1 1
core_project/services/wa-gateway/main.go:131.44,136.18 4 1
core_project/services/wa-gateway/main.go:136.18,138.3 1 1
core_project/services/wa-gateway/main.go:140.2,141.55 2 1
core_project/services/wa-gateway/main.go:141.55,142.40 1 1
core_project/services/wa-gateway/main.go:142.40,144.4 1 1
core_project/services/wa-gateway/main.go:147.2,149.13 3 1
core_project/services/wa-gateway/main.go:152.13,166.16 11 0
core_project/services/wa-gateway/main.go:166.16,169.3 2 0
core_project/services/wa-gateway/main.go:170.2,173.16 3 0
core_project/services/wa-gateway/main.go:173.16,176.3 2 0
core_project/services/wa-gateway/main.go:177.2,194.12 12 0
core_project/services/wa-gateway/main.go:194.12,195.76 1 0
core_project/services/wa-gateway/main.go:195.76,198.4 2 0
core_project/services/wa-gateway/main.go:201.2,202.65 2 0
core_project/services/wa-gateway/main.go:205.41,208.6 3 0
core_project/services/wa-gateway/main.go:208.6,209.10 1 0
core_project/services/wa-gateway/main.go:210.19,211.18 1 0
core_project/services/wa-gateway/main.go:212.21,213.10 1 0
core_project/services/wa-gateway/main.go:218.16,219.15 1 0
core_project/services/wa-gateway/main.go:219.15,221.17 2 0
core_project/services/wa-gateway/main.go:221.17,223.4 1 0
core_project/services/wa-gateway/main.go:224.3,224.103 1 0
core_project/services/wa-gateway/main.go:224.103,226.4 1 0
core_project/services/wa-gateway/main.go:227.8,229.3 1 0
core_project/services/wa-gateway/main.go:232.49,240.42 7 0
core_project/services/wa-gateway/main.go:240.42,243.3 2 0
core_project/services/wa-gateway/main.go:244.2,246.24 2 0
core_project/services/wa-gateway/main.go:246.24,248.35 2 0
core_project/services/wa-gateway/main.go:248.35,250.4 1 0
core_project/services/wa-gateway/main.go:251.3,251.21 1 0
core_project/services/wa-gateway/main.go:254.2,254.12 1 0
core_project/services/wa-gateway/main.go:256.53,257.71 1 0
core_project/services/wa-gateway/main.go:257.71,261.28 4 0
core_project/services/wa-gateway/main.go:261.28,264.4 2 0
core_project/services/wa-gateway/main.go:265.3,265.23 1 0
core_project/services/wa-gateway/message_processor.go:15.61,16.21 1 0
core_project/services/wa-gateway/message_processor.go:16.21,18.3 1 0
core_project/services/wa-gateway/message_processor.go:20.2,23.35 4 0
core_project/services/wa-gateway/message_processor.go:23.35,25.3 1 0
core_project/services/wa-gateway/message_processor.go:25.8,25.94 1 0
core_project/services/wa-gateway/message_processor.go:25.94,27.3 1 0
core_project/services/wa-gateway/message_processor.go:29.2,31.42 2 0
core_project/services/wa-gateway/message_processor.go:31.42,33.3 1 0
core_project/services/wa-gateway/message_processor.go:35.2,38.66 3 0
core_project/services/wa-gateway/message_processor.go:38.66,39.70 1 0
core_project/services/wa-gateway/message_processor.go:39.70,41.4 1 0
core_project/services/wa-gateway/message_processor.go:44.2,44.67 1 0
core_project/services/wa-gateway/message_processor.go:44.67,45.71 1 0
core_project/services/wa-gateway/message_processor.go:45.71,47.4 1 0
core_project/services/wa-gateway/message_processor.go:50.2,50.44 1 0
core_project/services/wa-gateway/message_processor.go:50.44,54.3 3 0
core_project/services/wa-gateway/message_processor.go:56.2,56.24 1 0
core_project/services/wa-gateway/message_processor.go:56.24,59.3 2 0
core_project/services/wa-gateway/message_processor.go:61.2,61.30 1 0
core_project/services/wa-gateway/message_processor.go:61.30,64.3 2 0
core_project/services/wa-gateway/message_processor.go:66.2,66.76 1 0
core_project/services/wa-gateway/message_processor.go:66.76,69.3 2 0
core_project/services/wa-gateway/message_processor.go:71.2,71.58 1 0
core_project/services/wa-gateway/message_processor.go:71.58,74.3 2 0
core_project/services/wa-gateway/message_processor.go:76.2,76.74 1 0
core_project/services/wa-gateway/message_processor.go:76.74,79.3 2 0
core_project/services/wa-gateway/message_processor.go:81.2,81.68 1 0
core_project/services/wa-gateway/message_processor.go:84.47,101.2 2 1
core_project/services/wa-gateway/message_processor.go:103.80,105.18 2 1
core_project/services/wa-gateway/message_processor.go:105.18,109.3 3 0
core_project/services/wa-gateway/message_processor.go:111.2,126.16 7 1
core_project/services/wa-gateway/message_processor.go:126.16,130.3 3 0
core_project/services/wa-gateway/message_processor.go:131.2,133.53 2 1
core_project/services/wa-gateway/message_processor.go:133.53,137.3 3 1
core_project/services/wa-gateway/message_processor.go:139.2,140.67 2 1
core_project/services/wa-gateway/message_processor.go:140.67,142.53 1 1
core_project/services/wa-gateway/message_processor.go:142.53,143.56 1 1
core_project/services/wa-gateway/message_processor.go:143.56,146.5 2 1
core_project/services/wa-gateway/message_processor.go:150.2,150.91 1 0
core_project/services/wa-gateway/message_processor.go:153.32,155.13 2 1
core_project/services/wa-gateway/message_processor.go:155.13,157.3 1 1
core_project/services/wa-gateway/message_processor.go:158.2,158.34 1 1
core_project/services/wa-gateway/message_processor.go:161.33,162.53 1 1
core_project/services/wa-gateway/message_processor.go:162.53,164.3 1 1
core_project/services/wa-gateway/message_processor.go:165.2,165.35 1 1
core_project/services/wa-gateway/otp_handler.go:14.36,15.32 1 0
core_project/services/wa-gateway/otp_handler.go:15.32,17.3 1 0
core_project/services/wa-gateway/otp_handler.go:18.2,18.10 1 0
core_project/services/wa-gateway/otp_handler.go:21.85,25.4 1 0
core_project/services/wa-gateway/otp_handler.go:25.4,27.26 2 0
core_project/services/wa-gateway/otp_handler.go:27.26,29.4 1 0
core_project/services/wa-gateway/otp_handler.go:31.2,31.14 1 0
core_project/services/wa-gateway/otp_handler.go:34.87,36.27 2 0
core_project/services/wa-gateway/otp_handler.go:36.27,38.56 2 0
core_project/services/wa-gateway/otp_handler.go:38.56,42.4 2 0
core_project/services/wa-gateway/otp_handler.go:44.2,44.14 1 0
core_project/services/wa-gateway/otp_handler.go:47.86,48.15 1 0
core_project/services/wa-gateway/otp_handler.go:48.15,50.3 1 0
core_project/services/wa-gateway/otp_handler.go:52.2,54.16 3 0
core_project/services/wa-gateway/otp_handler.go:54.16,57.3 2 0
core_project/services/wa-gateway/otp_handler.go:59.2,59.27 1 0
core_project/services/wa-gateway/otp_handler.go:59.27,61.70 2 0
core_project/services/wa-gateway/otp_handler.go:61.70,65.4 2 0
core_project/services/wa-gateway/otp_handler.go:67.2,67.18 1 0
core_project/services/wa-gateway/otp_handler.go:70.66,74.56 3 0
core_project/services/wa-gateway/otp_handler.go:74.56,77.3 2 0
core_project/services/wa-gateway/otp_handler.go:79.2,79.58 1 0
core_project/services/wa-gateway/otp_handler.go:79.58,82.3 2 0
core_project/services/wa-gateway/otp_handler.go:84.2,84.66 1 0
core_project/services/wa-gateway/otp_handler.go:84.66,87.3 2 0
core_project/services/wa-gateway/otp_handler.go:89.2,90.118 2 0
core_project/services/wa-gateway/otp_handler.go:93.87,96.40 3 0
core_project/services/wa-gateway/otp_handler.go:96.40,98.3 1 0
core_project/services/wa-gateway/otp_handler.go:99.2,102.81 4 0
core_project/services/wa-gateway/otp_handler.go:105.75,114.31 5 0
core_project/services/wa-gateway/otp_handler.go:114.31,117.3 2 0
core_project/services/wa-gateway/otp_handler.go:118.2,123.53 4 0
core_project/services/wa-gateway/otp_handler.go:123.53,125.3 1 0
core_project/services/wa-gateway/otp_handler.go:125.8,127.46 2 0
core_project/services/wa-gateway/otp_handler.go:127.46,129.4 1 0
core_project/services/wa-gateway/otp_handler.go:130.3,130.92 1 0
core_project/services/wa-gateway/password_reset_handler.go:23.68,35.2 2 0
core_project/services/wa-gateway/password_reset_handler.go:37.54,40.2 2 0
core_project/services/wa-gateway/password_reset_handler.go:42.98,44.56 2 0
core_project/services/wa-gateway/password_reset_handler.go:44.56,47.3 2 0
core_project/services/wa-gateway/password_reset_handler.go:49.2,49.15 1 0
core_project/services/wa-gateway/password_reset_handler.go:49.15,52.17 3 0
core_project/services/wa-gateway/password_reset_handler.go:52.17,57.4 2 0
core_project/services/wa-gateway/password_reset_handler.go:58.3,58.30 1 0
core_project/services/wa-gateway/password_reset_handler.go:61.2,81.13 10 0
core_project/services/wa-gateway/password_reset_handler.go:84.105,85.50 1 0
core_project/services/wa-gateway/password_reset_handler.go:85.50,88.3 2 0
core_project/services/wa-gateway/password_reset_handler.go:89.2,92.47 4 0
core_project/services/wa-gateway/password_reset_handler.go:92.47,95.3 2 0
core_project/services/wa-gateway/password_reset_handler.go:97.2,103.13 4 0
core_project/services/wa-gateway/password_reset_handler.go:106.99,107.22 1 0
core_project/services/wa-gateway/password_reset_handler.go:107.22,110.3 2 0
core_project/services/wa-gateway/password_reset_handler.go:112.2,122.31 8 0
core_project/services/wa-gateway/password_reset_handler.go:122.31,126.3 3 0
core_project/services/wa-gateway/password_reset_handler.go:127.2,133.53 5 0
core_project/services/wa-gateway/password_reset_handler.go:133.53,142.3 5 0
core_project/services/wa-gateway/password_reset_handler.go:142.8,144.46 2 0
core_project/services/wa-gateway/password_reset_handler.go:144.46,146.4 1 0
core_project/services/wa-gateway/password_reset_handler.go:147.3,147.101 1 0
core_project/services/wa-gateway/password_reset_handler.go:149.2,149.13 1 0
core_project/services/wa-gateway/password_reset_handler.go:152.114,153.26 1 0
core_project/services/wa-gateway/password_reset_handler.go:153.26,156.3 2 0
core_project/services/wa-gateway/password_reset_handler.go:158.2,158.22 1 0
core_project/services/wa-gateway/password_reset_handler.go:159.9,160.58 1 0
core_project/services/wa-gateway/password_reset_handler.go:161.9,162.65 1 0
core_project/services/wa-gateway/password_reset_handler.go:163.9,164.59 1 0
core_project/services/wa-gateway/password_reset_handler.go:166.2,166.14 1 0
core_project/services/wa-gateway/password_reset_handler.go:169.42,171.36 2 1
core_project/services/wa-gateway/password_reset_handler.go:171.36,172.27 1 1
core_project/services/wa-gateway/password_reset_handler.go:172.27,174.4 1 1
core_project/services/wa-gateway/password_reset_handler.go:175.3,175.12 1 1
core_project/services/wa-gateway/password_reset_handler.go:177.2,177.31 1 1
core_project/services/wa-gateway/password_reset_handler.go:177.31,179.3 1 1
core_project/services/wa-gateway/password_reset_handler.go:179.8,179.38 1 1
core_project/services/wa-gateway/password_reset_handler.go:179.38,181.3 1 0
core_project/services/wa-gateway/password_reset_handler.go:182.2,182.10 1 1
core_project/services/wa-gateway/qr_handlers.go:24.52,25.77 1 0
core_project/services/wa-gateway/qr_handlers.go:25.77,27.3 1 0
core_project/services/wa-gateway/qr_handlers.go:30.93,31.32 1 0
core_project/services/wa-gateway/qr_handlers.go:31.32,34.3 2 0
core_project/services/wa-gateway/qr_handlers.go:36.2,37.20 2 0
core_project/services/wa-gateway/qr_handlers.go:37.20,40.3 2 0
core_project/services/wa-gateway/qr_handlers.go:42.2,43.28 2 0
core_project/services/wa-gateway/qr_handlers.go:43.28,46.3 2 0
core_project/services/wa-gateway/qr_handlers.go:49.2,49.54 1 0
core_project/services/wa-gateway/qr_handlers.go:49.54,52.3 2 0
core_project/services/wa-gateway/qr_handlers.go:54.2,55.41 2 0
core_project/services/wa-gateway/qr_handlers.go:55.41,59.3 3 0
core_project/services/wa-gateway/qr_handlers.go:61.2,61.46 1 0
core_project/services/wa-gateway/qr_handlers.go:64.97,65.41 1 0
core_project/services/wa-gateway/qr_handlers.go:65.41,69.3 3 0
core_project/services/wa-gateway/qr_handlers.go:72.2,72.35 1 0
core_project/services/wa-gateway/qr_handlers.go:72.35,74.3 1 0
core_project/services/wa-gateway/qr_handlers.go:74.8,74.44 1 0
core_project/services/wa-gateway/qr_handlers.go:74.44,76.3 1 0
core_project/services/wa-gateway/qr_handlers.go:78.2,79.16 2 0
core_project/services/wa-gateway/qr_handlers.go:79.16,83.3 3 0
core_project/services/wa-gateway/qr_handlers.go:85.2,91.4 2 0
core_project/services/wa-gateway/qr_handlers.go:94.46,95.66 1 0
core_project/services/wa-gateway/qr_handlers.go:95.66,97.3 1 0
core_project/services/wa-gateway/qr_handlers.go:98.2,98.39 1 0
core_project/services/wa-gateway/qr_handlers.go:101.127,102.26 1 0
core_project/services/wa-gateway/qr_handlers.go:102.26,103.26 1 0
core_project/services/wa-gateway/qr_handlers.go:103.26,106.4 2 0
core_project/services/wa-gateway/qr_handlers.go:108.2,108.102 1 0
core_project/services/wa-gateway/qr_handlers.go:111.91,113.16 2 0
core_project/services/wa-gateway/qr_handlers.go:113.16,116.3 2 0
core_project/services/wa-gateway/qr_handlers.go:117.2,125.39 3 0
core_project/services/wa-gateway/qr_handlers.go:128.66,130.28 2 0
core_project/services/wa-gateway/qr_handlers.go:130.28,136.3 5 0
core_project/services/wa-gateway/qr_handlers.go:139.90,143.38 4 0
core_project/services/wa-gateway/qr_handlers.go:143.38,147.3 3 0
core_project/services/wa-gateway/qr_handlers.go:149.2,149.13 1 0
core_project/services/wa-gateway/qr_handlers.go:149.13,153.40 4 0
core_project/services/wa-gateway/qr_handlers.go:153.40,153.71 1 0
core_project/services/wa-gateway/qr_handlers.go:154.3,154.31 1 0
core_project/services/wa-gateway/qr_handlers.go:156.2,156.15 1 0
core_project/services/wa-gateway/qr_handlers.go:159.64,161.2 1 0
core_project/services/wa-gateway/qr_handlers.go:163.61,167.2 3 0
core_project/services/wa-gateway/registration_handler.go:26.67,27.15 1 0
core_project/services/wa-gateway/registration_handler.go:27.15,29.126 2 0
core_project/services/wa-gateway/registration_handler.go:29.126,31.4 1 0
core_project/services/wa-gateway/registration_handler.go:32.3,32.13 1 0
core_project/services/wa-gateway/registration_handler.go:32.13,35.4 2 0
core_project/services/wa-gateway/registration_handler.go:38.2,38.24 1 0
core_project/services/wa-gateway/registration_handler.go:38.24,41.65 3 0
core_project/services/wa-gateway/registration_handler.go:41.65,44.4 2 0
core_project/services/wa-gateway/registration_handler.go:47.2,54.198 2 0
core_project/services/wa-gateway/registration_handler.go:57.99,62.2 4 1
core_project/services/wa-gateway/registration_handler.go:64.101,68.9 4 1
core_project/services/wa-gateway/registration_handler.go:68.9,71.3 2 1
core_project/services/wa-gateway/registration_handler.go:72.2,75.13 4 1
core_project/services/wa-gateway/registration_handler.go:78.95,79.124 1 1
core_project/services/wa-gateway/registration_handler.go:79.124,82.3 2 1
core_project/services/wa-gateway/registration_handler.go:83.2,83.15 1 0
core_project/services/wa-gateway/registration_handler.go:83.15,85.118 2 0
core_project/services/wa-gateway/registration_handler.go:85.118,87.4 1 0
core_project/services/wa-gateway/registration_handler.go:88.3,88.13 1 0
core_project/services/wa-gateway/registration_handler.go:88.13,91.4 2 0
core_project/services/wa-gateway/registration_handler.go:93.2,96.13 4 0
core_project/services/wa-gateway/registration_handler.go:99.95,100.22 1 1
core_project/services/wa-gateway/registration_handler.go:100.22,103.3 2 1
core_project/services/wa-gateway/registration_handler.go:104.2,107.13 4 0
core_project/services/wa-gateway/registration_handler.go:110.115,111.23 1 1
core_project/services/wa-gateway/registration_handler.go:111.23,112.61 1 1
core_project/services/wa-gateway/registration_handler.go:112.61,115.4 2 1
core_project/services/wa-gateway/registration_handler.go:115.9,117.4 1 0
core_project/services/wa-gateway/registration_handler.go:118.3,118.14 1 1
core_project/services/wa-gateway/registration_handler.go:120.2,122.13 3 1
core_project/services/wa-gateway/registration_handler.go:125.112,126.22 1 1
core_project/services/wa-gateway/registration_handler.go:127.9,128.60 1 1
core_project/services/wa-gateway/registration_handler.go:129.9,130.62 1 1
core_project/services/wa-gateway/registration_handler.go:131.9,132.56 1 1
core_project/services/wa-gateway/registration_handler.go:133.9,134.56 1 1
core_project/services/wa-gateway/registration_handler.go:135.9,136.76 1 1
core_project/services/wa-gateway/registration_handler.go:138.2,138.14 1 0
core_project/services/wa-gateway/registration_handler.go:141.76,155.31 5 1
core_project/services/wa-gateway/registration_handler.go:155.31,158.3 2 1
core_project/services/wa-gateway/registration_handler.go:159.2,164.53 4 0
core_project/services/wa-gateway/registration_handler.go:164.53,166.3 1 0
core_project/services/wa-gateway/registration_handler.go:166.8,168.46 2 0
core_project/services/wa-gateway/registration_handler.go:168.46,170.4 1 0
core_project/services/wa-gateway/registration_handler.go:171.3,171.99 1 0
core_project/services/wa-gateway/registration_handler.go:174.2,174.51 1 0
core_project/services/wa-gateway/registration_handler.go:177.58,178.20 1 0
core_project/services/wa-gateway/registration_handler.go:178.20,181.3 2 0
core_project/services/wa-gateway/registration_handler.go:183.2,191.31 5 0
core_project/services/wa-gateway/registration_handler.go:191.31,194.3 2 0
core_project/services/wa-gateway/registration_handler.go:195.2,200.53 4 0
core_project/services/wa-gateway/registration_handler.go:200.53,202.3 1 0
core_project/services/wa-gateway/registration_handler.go:202.8,204.46 2 0
core_project/services/wa-gateway/registration_handler.go:204.46,206.4 1 0
core_project/services/wa-gateway/registration_handler.go:207.3,207.49 1 0
core_project/services/wa-gateway/routes.go:10.68,26.73 10 0
core_project/services/wa-gateway/routes.go:26.73,28.3 1 0
core_project/services/wa-gateway/routes.go:29.2,29.52 1 0
core_project/services/wa-gateway/send_handlers.go:19.25,21.2 1 0
core_project/services/wa-gateway/send_handlers.go:23.64,24.33 1 0
core_project/services/wa-gateway/send_handlers.go:24.33,27.3 2 0
core_project/services/wa-gateway/send_handlers.go:29.2,35.73 6 0
core_project/services/wa-gateway/send_handlers.go:35.73,38.3 2 0
core_project/services/wa-gateway/send_handlers.go:40.2,45.71 3 0
core_project/services/wa-gateway/send_handlers.go:45.71,47.3 1 0
core_project/services/wa-gateway/send_handlers.go:49.2,49.34 1 0
core_project/services/wa-gateway/send_handlers.go:49.34,54.3 4 0
core_project/services/wa-gateway/send_handlers.go:56.2,56.38 1 0
core_project/services/wa-gateway/send_handlers.go:56.38,58.3 1 0
core_project/services/wa-gateway/send_handlers.go:59.2,62.19 3 0
core_project/services/wa-gateway/send_handlers.go:62.19,65.3 2 0
core_project/services/wa-gateway/send_handlers.go:67.2,67.44 1 0
core_project/services/wa-gateway/send_handlers.go:67.44,69.3 1 0
core_project/services/wa-gateway/send_handlers.go:71.2,72.16 2 0
core_project/services/wa-gateway/send_handlers.go:72.16,75.3 2 0
core_project/services/wa-gateway/send_handlers.go:77.2,78.16 2 0
core_project/services/wa-gateway/send_handlers.go:78.16,81.3 2 0
core_project/services/wa-gateway/send_handlers.go:83.2,84.16 2 0
core_project/services/wa-gateway/send_handlers.go:84.16,89.3 4 0
core_project/services/wa-gateway/send_handlers.go:91.2,94.64 4 0
core_project/services/wa-gateway/send_handlers.go:97.70,99.15 2 0
core_project/services/wa-gateway/send_handlers.go:99.15,102.3 2 0
core_project/services/wa-gateway/send_handlers.go:103.2,103.13 1 0
core_project/services/wa-gateway/send_handlers.go:106.53,110.30 4 1
core_project/services/wa-gateway/send_handlers.go:110.30,112.3 1 1
core_project/services/wa-gateway/send_handlers.go:113.2,113.15 1 0
core_project/services/wa-gateway/send_handlers.go:116.94,117.26 1 0
core_project/services/wa-gateway/send_handlers.go:117.26,119.3 1 0
core_project/services/wa-gateway/send_handlers.go:120.2,120.32 1 0
core_project/services/wa-gateway/send_handlers.go:120.32,123.3 2 0
core_project/services/wa-gateway/send_handlers.go:124.2,125.41 2 0
core_project/services/wa-gateway/send_handlers.go:125.41,128.3 2 0
core_project/services/wa-gateway/send_handlers.go:129.2,129.13 1 0
core_project/services/wa-gateway/send_handlers.go:132.65,136.2 3 0
core_project/services/wa-gateway/send_handlers.go:138.123,140.15 1 0
core_project/services/wa-gateway/send_handlers.go:140.15,142.3 1 0
core_project/services/wa-gateway/send_handlers.go:145.2,148.21 3 0
core_project/services/wa-gateway/send_handlers.go:148.21,150.3 1 0
core_project/services/wa-gateway/send_handlers.go:152.2,153.19 2 0
core_project/services/wa-gateway/send_handlers.go:153.19,155.3 1 0
core_project/services/wa-gateway/send_handlers.go:156.2,157.16 2 0
core_project/services/wa-gateway/send_handlers.go:157.16,166.3 4 0
core_project/services/wa-gateway/send_handlers.go:169.2,169.25 1 0
core_project/services/wa-gateway/send_handlers.go:169.25,174.3 3 0
core_project/services/wa-gateway/send_handlers.go:177.2,179.14 3 0
core_project/services/wa-gateway/send_handlers.go:182.124,183.20 1 0
core_project/services/wa-gateway/send_handlers.go:183.20,187.3 1 0
core_project/services/wa-gateway/send_handlers.go:190.2,191.84 2 0
core_project/services/wa-gateway/send_handlers.go:191.84,193.3 1 0
core_project/services/wa-gateway/send_handlers.go:195.2,196.16 2 0
core_project/services/wa-gateway/send_handlers.go:196.16,199.3 2 0
core_project/services/wa-gateway/send_handlers.go:200.2,202.16 3 0
core_project/services/wa-gateway/send_handlers.go:202.16,205.3 2 0
core_project/services/wa-gateway/send_handlers.go:206.2,207.20 2 0
core_project/services/wa-gateway/send_handlers.go:207.20,209.3 1 0
core_project/services/wa-gateway/send_handlers.go:210.2,210.21 1 0
core_project/services/wa-gateway/send_handlers.go:210.21,212.3 1 0
core_project/services/wa-gateway/send_handlers.go:214.2,215.16 2 0
core_project/services/wa-gateway/send_handlers.go:215.16,218.3 2 0
core_project/services/wa-gateway/send_handlers.go:220.2,233.8 1 0
core_project/services/wa-gateway/session_manager.go:13.44,14.41 1 1
core_project/services/wa-gateway/session_manager.go:14.41,17.3 2 1
core_project/services/wa-gateway/session_manager.go:19.2,21.32 3 0
core_project/services/wa-gateway/session_manager.go:21.32,24.3 2 0
core_project/services/wa-gateway/session_manager.go:26.2,27.59 2 0
core_project/services/wa-gateway/session_manager.go:27.59,30.3 2 0
core_project/services/wa-gateway/session_manager.go:32.2,34.19 3 0
core_project/services/wa-gateway/session_manager.go:34.19,38.3 3 0
core_project/services/wa-gateway/session_manager.go:40.2,41.47 2 0
core_project/services/wa-gateway/session_manager.go:41.47,41.78 1 0
core_project/services/wa-gateway/session_manager.go:42.2,42.41 1 0
core_project/services/wa-gateway/session_manager.go:42.41,47.3 4 0
core_project/services/wa-gateway/session_manager.go:47.8,50.3 2 0
core_project/services/wa-gateway/session_manager.go:53.44,59.48 6 1
core_project/services/wa-gateway/session_manager.go:59.48,60.191 1 0
core_project/services/wa-gateway/session_manager.go:60.191,62.4 1 0
core_project/services/wa-gateway/session_manager.go:66.47,69.2 2 1
core_project/services/wa-gateway/session_manager.go:71.44,77.15 6 1
core_project/services/wa-gateway/session_manager.go:77.15,79.3 1 0
core_project/services/wa-gateway/session_manager.go:80.2,81.35 2 1
core_project/services/wa-gateway/session_manager.go:84.56,85.55 1 1
core_project/services/wa-gateway/session_manager.go:85.55,87.3 1 1
core_project/services/wa-gateway/session_manager.go:88.2,89.36 2 0
core_project/services/wa-gateway/session_manager.go:89.36,91.3 1 0
core_project/services/wa-gateway/session_manager.go:92.2,93.33 1 0
core_project/services/wa-gateway/session_manager.go:93.33,95.3 1 0
core_project/services/wa-gateway/session_manager.go:98.35,99.17 1 1
core_project/services/wa-gateway/session_manager.go:99.17,101.3 1 1
core_project/services/wa-gateway/session_manager.go:102.2,102.22 1 1
core_project/services/wa-gateway/session_manager.go:102.22,103.25 1 1
core_project/services/wa-gateway/session_manager.go:103.25,105.4 1 1
core_project/services/wa-gateway/session_manager.go:107.2,107.13 1 1
core_project/services/wa-gateway/status_handlers.go:12.27,14.2 1 0
core_project/services/wa-gateway/status_handlers.go:16.66,20.66 3 0
core_project/services/wa-gateway/status_handlers.go:20.66,24.3 3 0
core_project/services/wa-gateway/status_handlers.go:26.2,26.77 1 0
core_project/services/wa-gateway/status_handlers.go:26.77,29.3 2 0
core_project/services/wa-gateway/status_handlers.go:31.2,31.53 1 0
core_project/services/wa-gateway/status_handlers.go:31.53,34.3 2 0
core_project/services/wa-gateway/status_handlers.go:36.2,36.44 1 0
core_project/services/wa-gateway/status_handlers.go:39.62,40.24 1 0
core_project/services/wa-gateway/status_handlers.go:40.24,42.3 1 0
core_project/services/wa-gateway/status_handlers.go:43.2,45.54 3 0
core_project/services/wa-gateway/status_handlers.go:45.54,47.3 1 0
core_project/services/wa-gateway/status_handlers.go:48.2,48.20 1 0
core_project/services/wa-gateway/status_handlers.go:51.67,56.2 4 0
core_project/services/wa-gateway/status_handlers.go:58.50,59.15 1 0
core_project/services/wa-gateway/status_handlers.go:59.15,61.3 1 0
core_project/services/wa-gateway/status_handlers.go:62.2,64.29 3 0
core_project/services/wa-gateway/status_handlers.go:64.29,66.3 1 0
core_project/services/wa-gateway/status_handlers.go:67.2,67.12 1 0
core_project/services/wa-gateway/status_handlers.go:70.73,73.15 3 0
core_project/services/wa-gateway/status_handlers.go:73.15,75.3 1 0
core_project/services/wa-gateway/status_handlers.go:76.2,76.17 1 0
core_project/services/wa-gateway/status_handlers.go:76.17,78.3 1 0
core_project/services/wa-gateway/status_handlers.go:79.2,79.15 1 0
core_project/services/wa-gateway/status_handlers.go:79.15,81.3 1 0
core_project/services/wa-gateway/status_handlers.go:82.2,82.37 1 0
